Date,USDEUR,JPYUSD,USDGBP,CADUSD,CHFUSD
1999-01-04,1.1812,112.15,1.6581,1.5268,1.3666
1999-01-05,1.176,111.15,1.6566,1.5213,1.3694
1999-01-06,1.1636,112.78,1.6547,1.511,1.3852
1999-01-07,1.1672,111.69,1.6495,1.5117,1.3863
1999-01-08,1.1554,111.52,1.6405,1.5145,1.397
1999-01-11,1.1534,108.83,1.6375,1.5072,1.3963
1999-01-12,1.1548,112.07,1.6308,1.5095,1.389
1999-01-13,1.1698,113.46,1.6493,1.53,1.3585
1999-01-14,1.1689,113.25,1.653,1.5285,1.3618
1999-01-15,1.1591,114.19,1.65,1.529,1.3785
1999-01-19,1.161,113.76,1.655,1.5302,1.3752
1999-01-20,1.1575,113.45,1.6467,1.5226,1.3902
1999-01-21,1.1577,113.75,1.6516,1.5155,1.3855
1999-01-22,1.1582,114.65,1.656,1.519,1.3829
1999-01-25,1.1566,113.8,1.6563,1.5153,1.3823
1999-01-26,1.1577,114.03,1.6585,1.52,1.387
1999-01-27,1.1481,115.62,1.6485,1.5215,1.4012
1999-01-28,1.1395,116.36,1.647,1.5263,1.4165
1999-01-29,1.1371,116.0,1.6457,1.5095,1.4168
1999-02-01,1.1303,115.09,1.641,1.5085,1.4232
1999-02-02,1.1328,112.12,1.643,1.5124,1.4111
1999-02-03,1.1339,112.46,1.6375,1.5135,1.4135
1999-02-04,1.1306,112.03,1.6395,1.493,1.417
1999-02-05,1.1283,113.14,1.637,1.488,1.4173
1999-02-08,1.1296,114.38,1.638,1.4875,1.4175
1999-02-09,1.13,114.42,1.6355,1.4935,1.4183
1999-02-10,1.1331,114.45,1.629,1.4943,1.4083
1999-02-11,1.1303,114.7,1.6244,1.4889,1.4154
1999-02-12,1.1282,114.32,1.6311,1.4925,1.4157
1999-02-16,1.1189,118.08,1.6317,1.5,1.429
1999-02-17,1.123,119.03,1.6338,1.4995,1.4247
1999-02-18,1.1223,119.82,1.6338,1.4873,1.425
1999-02-19,1.1075,121.0,1.6255,1.4905,1.4462
1999-02-22,1.1037,120.35,1.6238,1.4972,1.4483
1999-02-23,1.0993,121.45,1.6138,1.4975,1.4495
1999-02-24,1.0972,121.9,1.598,1.499,1.452
1999-02-25,1.1068,119.26,1.606,1.505,1.4345
1999-02-26,1.0995,118.7,1.6027,1.509,1.4495
1999-03-01,1.0891,119.79,1.6058,1.524,1.462
1999-03-02,1.0931,120.47,1.6135,1.52,1.4582
1999-03-03,1.0888,121.68,1.6134,1.5268,1.461
1999-03-04,1.0824,123.5,1.6065,1.5255,1.47
1999-03-05,1.0843,122.57,1.6073,1.5167,1.4686
1999-03-08,1.0899,121.73,1.6085,1.5145,1.4612
1999-03-09,1.0873,121.4,1.6148,1.5169,1.4675
1999-03-10,1.0961,119.84,1.6267,1.524,1.4566
1999-03-11,1.0932,119.57,1.627,1.522,1.4685
1999-03-12,1.0936,118.99,1.6335,1.5235,1.4608
1999-03-15,1.093,117.7,1.6223,1.5286,1.466
1999-03-16,1.0915,117.74,1.624,1.5285,1.4665
1999-03-17,1.1015,118.15,1.6302,1.5222,1.4483
1999-03-18,1.099,117.53,1.629,1.5186,1.4534
1999-03-19,1.0923,117.05,1.6303,1.5158,1.462
1999-03-22,1.0915,118.14,1.628,1.5078,1.464
1999-03-23,1.0918,118.02,1.6372,1.5065,1.4586
1999-03-24,1.0921,117.35,1.641,1.504,1.4575
1999-03-25,1.0871,118.05,1.6314,1.5105,1.4681
1999-03-26,1.0743,120.3,1.6205,1.5135,1.4845
1999-03-29,1.0716,119.78,1.614,1.5125,1.4877
1999-03-30,1.0732,120.1,1.6115,1.5125,1.489
1999-03-31,1.0808,118.43,1.614,1.5092,1.4775
1999-04-01,1.0782,120.19,1.6063,1.5023,1.481
1999-04-02,1.0782,120.6,1.6023,1.4968,1.481
1999-04-05,1.0706,122.0,1.6015,1.4972,1.4912
1999-04-06,1.0838,120.74,1.592,1.5035,1.4725
1999-04-07,1.0784,121.34,1.5975,1.5005,1.4807
1999-04-08,1.0835,120.85,1.6083,1.4985,1.4724
1999-04-09,1.0786,121.09,1.6068,1.5023,1.4832
1999-04-12,1.0842,120.14,1.6127,1.4945,1.4795
1999-04-13,1.078,120.04,1.6135,1.4898,1.49
1999-04-14,1.0779,118.89,1.6124,1.4929,1.4879
1999-04-15,1.0717,119.04,1.6103,1.4908,1.4973
1999-04-16,1.0688,117.86,1.6112,1.4865,1.4993
1999-04-19,1.0608,117.99,1.6075,1.4833,1.5097
1999-04-20,1.063,118.18,1.6135,1.492,1.5065
1999-04-21,1.0612,119.76,1.6074,1.4895,1.508
1999-04-22,1.0598,119.84,1.6117,1.481,1.5095
1999-04-23,1.0634,119.26,1.617,1.477,1.5071
1999-04-26,1.059,119.13,1.6113,1.4792,1.5132
1999-04-27,1.0649,120.23,1.6177,1.4788,1.5085
1999-04-28,1.0616,119.13,1.6148,1.477,1.5137
1999-04-29,1.0591,119.26,1.6105,1.467,1.519
1999-04-30,1.0564,119.43,1.6085,1.4578,1.5257
1999-05-03,1.0571,120.14,1.6083,1.4512,1.5252
1999-05-04,1.0593,120.94,1.621,1.454,1.517
1999-05-05,1.0724,120.91,1.6337,1.4558,1.4975
1999-05-06,1.0779,120.77,1.6377,1.4555,1.492
1999-05-07,1.0781,120.78,1.635,1.4585,1.491
1999-05-10,1.0787,120.68,1.63,1.4605,1.4895
1999-05-11,1.072,120.96,1.6215,1.4538,1.4998
1999-05-12,1.0666,120.86,1.6193,1.4608,1.5025
1999-05-13,1.0626,121.67,1.619,1.4598,1.508
1999-05-14,1.065,122.64,1.6175,1.4635,1.5058
1999-05-17,1.0672,123.27,1.6193,1.4605,1.5013
1999-05-18,1.0672,123.24,1.6203,1.4607,1.503
1999-05-19,1.0641,124.45,1.6175,1.4661,1.505
1999-05-20,1.063,124.15,1.6122,1.4658,1.5083
1999-05-21,1.0577,123.9,1.602,1.4595,1.5175
1999-05-24,1.0593,123.57,1.5978,1.4559,1.5115
1999-05-25,1.0587,122.88,1.6021,1.4603,1.505
1999-05-26,1.0471,122.03,1.5963,1.472,1.522
1999-05-27,1.0439,121.27,1.5957,1.4755,1.5265
1999-05-28,1.0422,120.88,1.602,1.4725,1.528
1999-06-01,1.0449,120.75,1.615,1.483,1.523
1999-06-02,1.0357,121.14,1.6075,1.4805,1.5365
1999-06-03,1.0355,121.5,1.6055,1.4768,1.5375
1999-06-04,1.0327,121.99,1.6074,1.4696,1.5385
1999-06-07,1.0296,121.31,1.601,1.4735,1.5425
1999-06-08,1.0438,119.88,1.605,1.47,1.525
1999-06-09,1.045,119.2,1.6001,1.4723,1.525
1999-06-10,1.0477,118.85,1.6002,1.462,1.524
1999-06-11,1.0516,118.14,1.6085,1.46,1.5195
1999-06-14,1.0416,120.4,1.6075,1.4608,1.53
1999-06-15,1.042,120.63,1.595,1.4653,1.5315
1999-06-16,1.0298,120.03,1.5862,1.4585,1.5492
1999-06-17,1.0329,119.47,1.5925,1.461,1.5455
1999-06-18,1.0368,120.48,1.5924,1.4645,1.5412
1999-06-21,1.0323,122.28,1.589,1.4727,1.5458
1999-06-22,1.0323,121.68,1.5895,1.4705,1.5455
1999-06-23,1.0316,122.05,1.5787,1.4735,1.5478
1999-06-24,1.0372,121.83,1.5833,1.471,1.5395
1999-06-25,1.0448,121.28,1.5893,1.4642,1.529
1999-06-28,1.0373,121.3,1.5822,1.4695,1.5416
1999-06-29,1.0337,120.81,1.5781,1.476,1.5495
1999-06-30,1.031,120.94,1.5765,1.4735,1.5555
1999-07-01,1.0236,120.99,1.5765,1.4693,1.569
1999-07-02,1.0244,121.13,1.5792,1.4645,1.5678
1999-07-06,1.0249,121.94,1.5688,1.4685,1.565
1999-07-07,1.0224,122.19,1.5602,1.47,1.569
1999-07-08,1.0198,122.57,1.5577,1.4698,1.5731
1999-07-09,1.0186,122.37,1.5515,1.4735,1.5775
1999-07-12,1.0139,122.22,1.5558,1.4812,1.5828
1999-07-13,1.0176,121.38,1.5566,1.4828,1.5777
1999-07-14,1.0215,120.58,1.5635,1.4811,1.5717
1999-07-15,1.022,120.49,1.5665,1.4826,1.571
1999-07-16,1.0203,120.98,1.5622,1.482,1.5745
1999-07-19,1.0203,119.18,1.563,1.4918,1.5738
1999-07-20,1.042,118.94,1.57,1.4915,1.5405
1999-07-21,1.0526,118.25,1.5766,1.5011,1.5267
1999-07-22,1.0509,117.27,1.5835,1.5025,1.5285
1999-07-23,1.0497,116.51,1.578,1.5076,1.5294
1999-07-26,1.0651,116.66,1.5905,1.5102,1.5069
1999-07-27,1.0627,116.23,1.5895,1.5135,1.5065
1999-07-28,1.0644,116.17,1.5935,1.511,1.502
1999-07-29,1.0719,115.19,1.613,1.5085,1.49
1999-07-30,1.0694,114.7,1.6207,1.507,1.4925
1999-08-02,1.0661,114.51,1.6145,1.5079,1.4995
1999-08-03,1.068,115.1,1.6185,1.4948,1.4975
1999-08-04,1.0766,114.2,1.62,1.4898,1.4862
1999-08-05,1.0793,113.98,1.6198,1.4947,1.4805
1999-08-06,1.077,114.6,1.6147,1.5035,1.4863
1999-08-09,1.0694,115.37,1.6,1.5026,1.4972
1999-08-10,1.0752,114.44,1.618,1.5,1.4895
1999-08-11,1.066,115.1,1.6107,1.4908,1.5024
1999-08-12,1.0636,115.76,1.609,1.4853,1.506
1999-08-13,1.0568,115.66,1.6057,1.478,1.5157
1999-08-16,1.0557,114.83,1.6011,1.4815,1.5173
1999-08-17,1.0525,114.18,1.6036,1.4794,1.5215
1999-08-18,1.0505,112.3,1.6004,1.4832,1.523
1999-08-19,1.0643,111.14,1.618,1.494,1.5025
1999-08-20,1.0654,111.44,1.6133,1.4942,1.4988
1999-08-23,1.0553,111.73,1.6076,1.4955,1.5145
1999-08-24,1.0506,111.53,1.5946,1.4955,1.5242
1999-08-25,1.0461,111.18,1.5865,1.496,1.5315
1999-08-26,1.0441,111.83,1.5876,1.5026,1.5339
1999-08-27,1.046,111.68,1.5885,1.492,1.5303
1999-08-30,1.0445,111.13,1.5875,1.4925,1.5332
1999-08-31,1.0581,109.3,1.6086,1.4965,1.513
1999-09-01,1.0582,109.35,1.6023,1.4858,1.5135
1999-09-02,1.0689,109.24,1.6091,1.495,1.4938
1999-09-03,1.0605,110.09,1.6028,1.4909,1.5073
1999-09-07,1.0581,110.92,1.6057,1.4937,1.5108
1999-09-08,1.059,110.99,1.6185,1.487,1.5103
1999-09-09,1.0543,108.0,1.6332,1.48,1.5172
1999-09-10,1.0402,109.0,1.6183,1.4747,1.544
1999-09-13,1.04,106.19,1.609,1.4703,1.5425
1999-09-14,1.0408,105.33,1.6085,1.4745,1.5408
1999-09-15,1.0385,103.78,1.611,1.4754,1.5455
1999-09-16,1.0418,105.1,1.625,1.478,1.5384
1999-09-17,1.0399,106.94,1.6222,1.4742,1.5441
1999-09-20,1.0408,106.42,1.623,1.4785,1.5435
1999-09-21,1.046,104.85,1.631,1.4725,1.5328
1999-09-22,1.05,104.03,1.6363,1.4685,1.5267
1999-09-23,1.0415,104.18,1.6375,1.4754,1.5393
1999-09-24,1.0466,104.14,1.6428,1.4739,1.53
1999-09-27,1.0431,106.07,1.6455,1.4713,1.5361
1999-09-28,1.0509,106.14,1.6485,1.4645,1.524
1999-09-29,1.0613,106.8,1.6425,1.4645,1.5075
1999-09-30,1.0643,106.82,1.6457,1.4695,1.5022
1999-10-01,1.0718,105.08,1.655,1.4725,1.4867
1999-10-04,1.0703,106.35,1.6555,1.4705,1.4878
1999-10-05,1.0693,106.96,1.6525,1.4695,1.4894
1999-10-06,1.0704,107.54,1.656,1.4695,1.4875
1999-10-07,1.0721,107.67,1.652,1.4725,1.486
1999-10-08,1.063,107.38,1.652,1.4739,1.5
1999-10-12,1.0737,106.28,1.6535,1.4748,1.4832
1999-10-13,1.0758,107.45,1.6532,1.4815,1.479
1999-10-14,1.0799,106.96,1.6575,1.4822,1.4735
1999-10-15,1.0887,105.43,1.6684,1.4853,1.4592
1999-10-18,1.0863,104.93,1.672,1.4952,1.462
1999-10-19,1.0833,105.5,1.6708,1.491,1.4681
1999-10-20,1.0765,106.16,1.6643,1.4905,1.479
1999-10-21,1.0808,105.96,1.6765,1.486,1.473
1999-10-22,1.0678,105.81,1.6584,1.4759,1.4975
1999-10-25,1.0666,105.35,1.6631,1.4748,1.4992
1999-10-26,1.0578,104.83,1.6525,1.4715,1.5135
1999-10-27,1.0532,104.24,1.6477,1.4709,1.52
1999-10-28,1.0519,105.13,1.64,1.4722,1.5238
1999-10-29,1.0518,104.29,1.6425,1.472,1.5243
1999-11-01,1.0494,104.19,1.6404,1.4684,1.5291
1999-11-02,1.0506,104.15,1.6445,1.469,1.5305
1999-11-03,1.0485,105.0,1.644,1.4688,1.5344
1999-11-04,1.044,104.48,1.6375,1.465,1.5436
1999-11-05,1.04,106.33,1.6205,1.463,1.5513
1999-11-08,1.0363,105.77,1.615,1.4683,1.5535
1999-11-09,1.0401,104.86,1.621,1.4735,1.5465
1999-11-10,1.0436,104.58,1.625,1.4708,1.5398
1999-11-12,1.0315,105.34,1.6131,1.462,1.5575
1999-11-15,1.0315,104.88,1.623,1.465,1.556
1999-11-16,1.0312,105.83,1.6164,1.4698,1.5542
1999-11-17,1.0403,105.47,1.6231,1.4675,1.5411
1999-11-18,1.0297,105.85,1.615,1.4635,1.5564
1999-11-19,1.0313,106.13,1.616,1.4628,1.5543
1999-11-22,1.0327,104.87,1.6205,1.462,1.551
1999-11-23,1.0261,104.2,1.6236,1.465,1.559
1999-11-24,1.0176,104.62,1.609,1.4685,1.5721
1999-11-26,1.0137,102.19,1.6062,1.4685,1.5795
1999-11-29,1.01,102.43,1.6024,1.4752,1.5878
1999-11-30,1.0077,101.8,1.5935,1.472,1.5893
1999-12-01,1.0059,102.37,1.596,1.475,1.592
1999-12-02,1.0023,102.69,1.5972,1.4795,1.595
1999-12-03,1.0016,102.55,1.6015,1.4793,1.5925
1999-12-06,1.0252,103.1,1.623,1.4742,1.5608
1999-12-07,1.0222,102.39,1.6233,1.475,1.5645
1999-12-08,1.0263,102.97,1.6255,1.4794,1.56
1999-12-09,1.0161,102.57,1.623,1.4745,1.5741
1999-12-10,1.0158,102.4,1.6225,1.4787,1.5745
1999-12-13,1.012,103.26,1.6232,1.4796,1.5834
1999-12-14,1.0067,103.47,1.611,1.4823,1.5895
1999-12-15,1.0066,103.54,1.6085,1.4837,1.5903
1999-12-16,1.0169,103.04,1.6123,1.4785,1.5758
1999-12-17,1.0088,103.27,1.607,1.4778,1.5888
1999-12-20,1.0066,102.72,1.6035,1.48,1.59
1999-12-21,1.0093,102.06,1.6103,1.4796,1.5847
1999-12-22,1.008,101.53,1.606,1.4769,1.5863
1999-12-23,1.0162,101.73,1.6161,1.4735,1.577
1999-12-24,1.0128,102.95,1.6154,1.4685,1.5855
1999-12-27,1.0136,102.1,1.6173,1.4623,1.5835
1999-12-28,1.0068,102.19,1.6165,1.4545,1.594
1999-12-29,1.0045,102.05,1.6168,1.4507,1.5977
1999-12-30,1.0024,102.33,1.613,1.4533,1.6015
1999-12-31,1.007,102.16,1.615,1.444,1.593
2000-01-03,1.0155,101.7,1.627,1.4465,1.5808
2000-01-04,1.0309,103.09,1.637,1.4518,1.5565
2000-01-05,1.0335,103.77,1.6415,1.4518,1.5526
2000-01-06,1.0324,105.19,1.6475,1.4571,1.554
2000-01-07,1.0294,105.17,1.6384,1.4505,1.5623
2000-01-10,1.0252,105.28,1.6374,1.4568,1.5704
2000-01-11,1.0322,106.09,1.648,1.457,1.5605
2000-01-12,1.0281,105.76,1.6465,1.455,1.566
2000-01-13,1.027,106.09,1.6482,1.4495,1.5707
2000-01-14,1.0128,105.86,1.6353,1.4497,1.5945
2000-01-18,1.0121,105.49,1.638,1.4502,1.5942
2000-01-19,1.0115,105.39,1.6438,1.4527,1.5965
2000-01-20,1.0133,105.45,1.6538,1.4484,1.5915
2000-01-21,1.01,104.96,1.6504,1.442,1.5973
2000-01-24,1.0019,105.52,1.652,1.44,1.609
2000-01-25,1.0041,105.87,1.6482,1.4389,1.6085
2000-01-26,1.0011,105.85,1.6395,1.4379,1.6102
2000-01-27,0.989,104.91,1.6363,1.435,1.6317
2000-01-28,0.9765,107.15,1.621,1.4495,1.6485
2000-01-31,0.9757,107.33,1.6182,1.4517,1.6495
2000-02-01,0.9731,107.67,1.615,1.4468,1.654
2000-02-02,0.9768,108.4,1.606,1.4435,1.6502
2000-02-03,0.9887,107.92,1.6025,1.4417,1.6255
2000-02-04,0.976,107.54,1.5915,1.4467,1.647
2000-02-07,0.9783,108.75,1.5917,1.4457,1.6426
2000-02-08,0.9862,109.59,1.6105,1.4473,1.6301
2000-02-09,0.9914,109.11,1.6115,1.4443,1.6232
2000-02-10,0.9865,108.74,1.6057,1.45,1.628
2000-02-11,0.9847,108.99,1.5923,1.4515,1.6305
2000-02-14,0.9783,108.65,1.589,1.4547,1.6435
2000-02-15,0.9834,108.75,1.595,1.4585,1.633
2000-02-16,0.9842,109.38,1.604,1.452,1.6302
2000-02-17,0.9863,110.27,1.605,1.4522,1.6274
2000-02-18,0.985,110.88,1.5984,1.4512,1.6282
2000-02-22,1.006,111.04,1.6165,1.4595,1.5983
2000-02-23,1.0017,111.11,1.6047,1.4651,1.6082
2000-02-24,0.9931,110.95,1.5981,1.4587,1.62
2000-02-25,0.9763,110.98,1.5908,1.4505,1.6475
2000-02-28,0.9669,109.17,1.5935,1.4538,1.6615
2000-02-29,0.9643,109.88,1.578,1.4505,1.6665
2000-03-01,0.97,107.1,1.5849,1.447,1.6568
2000-03-02,0.9619,107.37,1.5765,1.4543,1.6714
2000-03-03,0.9618,107.8,1.581,1.451,1.6712
2000-03-06,0.9603,107.74,1.5732,1.4555,1.675
2000-03-07,0.956,106.2,1.5772,1.4527,1.681
2000-03-08,0.9576,106.89,1.5855,1.4592,1.677
2000-03-09,0.9684,106.45,1.5815,1.457,1.6595
2000-03-10,0.9659,106.27,1.5793,1.4575,1.6661
2000-03-13,0.9648,105.32,1.5782,1.4614,1.6702
2000-03-14,0.9644,104.85,1.5725,1.4632,1.6715
2000-03-15,0.9696,105.58,1.573,1.468,1.6618
2000-03-16,0.971,105.63,1.5747,1.4724,1.6593
2000-03-17,0.9694,106.1,1.5705,1.4728,1.662
2000-03-20,0.971,106.5,1.5686,1.4703,1.6605
2000-03-21,0.9703,106.91,1.5725,1.4662,1.6615
2000-03-22,0.9608,106.77,1.5705,1.472,1.675
2000-03-23,0.9691,107.45,1.583,1.4727,1.6522
2000-03-24,0.9724,107.25,1.591,1.465,1.6333
2000-03-27,0.9645,107.13,1.5855,1.4605,1.6468
2000-03-28,0.9614,105.9,1.5872,1.4541,1.6551
2000-03-29,0.9524,105.6,1.587,1.4555,1.6725
2000-03-30,0.9594,105.53,1.5922,1.4557,1.6605
2000-03-31,0.9574,102.73,1.5922,1.4538,1.663
2000-04-03,0.956,104.82,1.598,1.4548,1.6587
2000-04-04,0.9588,105.33,1.5965,1.4531,1.65
2000-04-05,0.9647,105.0,1.59,1.4548,1.633
2000-04-06,0.958,104.78,1.58,1.4515,1.639
2000-04-07,0.959,105.33,1.583,1.4574,1.6383
2000-04-10,0.9588,106.37,1.5828,1.4615,1.6435
2000-04-11,0.9591,106.95,1.5873,1.4635,1.6415
2000-04-12,0.9551,105.86,1.5882,1.4623,1.649
2000-04-13,0.9524,105.76,1.5881,1.4661,1.652
2000-04-14,0.9564,105.12,1.586,1.4767,1.6408
2000-04-17,0.955,104.19,1.5853,1.4855,1.644
2000-04-18,0.9477,104.59,1.5764,1.4837,1.6603
2000-04-19,0.9369,104.94,1.5777,1.4761,1.6755
2000-04-20,0.9376,105.45,1.5801,1.4725,1.6772
2000-04-21,0.9379,105.88,1.5785,1.475,1.676
2000-04-24,0.9396,105.66,1.58,1.4763,1.6712
2000-04-25,0.9265,105.71,1.5787,1.4699,1.6985
2000-04-26,0.9217,106.46,1.5795,1.4758,1.7085
2000-04-27,0.9083,106.36,1.5748,1.4792,1.731
2000-04-28,0.9089,107.98,1.556,1.4818,1.725
2000-05-01,0.912,108.89,1.5558,1.4783,1.7135
2000-05-02,0.9068,108.63,1.559,1.4857,1.7185
2000-05-03,0.8891,109.14,1.5605,1.4923,1.7369
2000-05-04,0.8907,108.17,1.5435,1.498,1.7353
2000-05-05,0.8953,108.53,1.5288,1.498,1.7323
2000-05-08,0.895,109.03,1.531,1.4927,1.7305
2000-05-09,0.9023,109.61,1.5315,1.4945,1.7219
2000-05-10,0.9097,109.33,1.5153,1.4955,1.715
2000-05-11,0.9021,108.47,1.4997,1.49,1.7252
2000-05-12,0.908,108.74,1.5172,1.4872,1.709
2000-05-15,0.9138,109.48,1.5075,1.4897,1.7033
2000-05-16,0.9053,109.75,1.5008,1.4862,1.7152
2000-05-17,0.8921,109.53,1.4905,1.4992,1.7398
2000-05-18,0.8952,108.7,1.4818,1.5007,1.7377
2000-05-19,0.8946,106.89,1.4855,1.4963,1.7347
2000-05-22,0.9036,107.02,1.4907,1.4983,1.7185
2000-05-23,0.9032,106.72,1.4728,1.5036,1.7295
2000-05-24,0.9096,107.58,1.4755,1.5085,1.7208
2000-05-25,0.9072,107.48,1.4705,1.5057,1.721
2000-05-26,0.931,107.18,1.4875,1.5045,1.6828
2000-05-30,0.9314,106.44,1.495,1.5036,1.6885
2000-05-31,0.9328,107.74,1.4968,1.4977,1.6883
2000-06-01,0.9307,108.74,1.4915,1.491,1.6878
2000-06-02,0.9432,108.15,1.5079,1.4785,1.668
2000-06-05,0.9471,107.44,1.5135,1.4779,1.663
2000-06-06,0.957,105.64,1.5235,1.478,1.643
2000-06-07,0.96,105.5,1.5225,1.4785,1.6365
2000-06-08,0.9548,105.86,1.506,1.48,1.641
2000-06-09,0.9526,106.78,1.5079,1.4765,1.6443
2000-06-12,0.9544,106.65,1.512,1.4765,1.6356
2000-06-13,0.9619,106.79,1.513,1.4697,1.6255
2000-06-14,0.959,106.89,1.5023,1.4695,1.6318
2000-06-15,0.953,106.52,1.5103,1.4758,1.6386
2000-06-16,0.9648,106.22,1.5165,1.4708,1.6178
2000-06-19,0.9622,105.74,1.5154,1.4657,1.623
2000-06-20,0.9557,105.42,1.51,1.4708,1.628
2000-06-21,0.9455,105.5,1.497,1.4729,1.639
2000-06-22,0.9398,104.4,1.511,1.4725,1.6455
2000-06-23,0.9358,104.59,1.501,1.4793,1.6565
2000-06-26,0.9382,105.66,1.499,1.483,1.651
2000-06-27,0.9444,105.53,1.5,1.4825,1.6379
2000-06-28,0.9444,105.51,1.5107,1.4838,1.642
2000-06-29,0.9515,105.09,1.5194,1.482,1.6375
2000-06-30,0.9545,106.14,1.513,1.4798,1.6317
2000-07-03,0.9526,105.64,1.5135,1.4793,1.6323
2000-07-05,0.9548,106.91,1.512,1.4909,1.622
2000-07-06,0.9527,107.37,1.512,1.485,1.625
2000-07-07,0.9484,107.81,1.5143,1.481,1.6278
2000-07-10,0.9521,107.1,1.5137,1.4798,1.6275
2000-07-11,0.9497,106.93,1.514,1.4785,1.6335
2000-07-12,0.9401,108.36,1.5068,1.4815,1.651
2000-07-13,0.9339,108.27,1.499,1.4809,1.6608
2000-07-14,0.9374,107.88,1.499,1.4845,1.6532
2000-07-17,0.9351,108.53,1.492,1.4813,1.6575
2000-07-18,0.9322,108.3,1.4945,1.4783,1.6608
2000-07-19,0.9237,108.2,1.4942,1.4758,1.6781
2000-07-20,0.9292,107.89,1.5094,1.4748,1.668
2000-07-21,0.9343,109.08,1.5167,1.4715,1.6638
2000-07-24,0.9314,108.92,1.514,1.4639,1.67
2000-07-25,0.9391,109.3,1.519,1.4653,1.6528
2000-07-26,0.9413,109.28,1.5154,1.4665,1.6493
2000-07-27,0.9331,109.15,1.5116,1.4713,1.6605
2000-07-28,0.9246,109.63,1.5025,1.4776,1.6753
2000-07-31,0.9266,109.68,1.4983,1.488,1.6689
2000-08-01,0.9228,109.47,1.4992,1.4892,1.6758
2000-08-02,0.9137,108.77,1.4926,1.4813,1.6887
2000-08-03,0.9042,108.36,1.4947,1.4844,1.7087
2000-08-04,0.9075,108.54,1.5022,1.4889,1.7053
2000-08-07,0.9105,108.99,1.507,1.4875,1.7005
2000-08-08,0.9019,108.64,1.5022,1.4889,1.7147
2000-08-09,0.8991,107.99,1.4992,1.4848,1.7187
2000-08-10,0.9077,108.7,1.498,1.4826,1.7065
2000-08-11,0.9046,108.68,1.504,1.4839,1.7181
2000-08-14,0.9037,109.52,1.506,1.4847,1.7214
2000-08-15,0.9135,109.0,1.5056,1.487,1.7095
2000-08-16,0.9143,108.55,1.4988,1.4774,1.7093
2000-08-17,0.9152,108.48,1.4992,1.4759,1.7085
2000-08-18,0.9068,108.43,1.4895,1.4747,1.7235
2000-08-21,0.9027,108.53,1.49,1.4765,1.7275
2000-08-22,0.8965,108.34,1.4797,1.4756,1.7405
2000-08-23,0.8967,107.02,1.4813,1.4877,1.7282
2000-08-24,0.9028,106.89,1.4806,1.4871,1.7117
2000-08-25,0.9024,107.17,1.4745,1.4828,1.7095
2000-08-28,0.9002,106.45,1.4716,1.4845,1.713
2000-08-29,0.8966,106.2,1.4616,1.4868,1.7238
2000-08-30,0.8924,106.47,1.456,1.4805,1.736
2000-08-31,0.8878,106.66,1.4515,1.472,1.7425
2000-09-01,0.8993,105.78,1.4605,1.4742,1.723
2000-09-05,0.8876,105.88,1.4522,1.4752,1.7488
2000-09-06,0.8702,106.08,1.4455,1.4843,1.778
2000-09-07,0.874,105.1,1.438,1.4777,1.772
2000-09-08,0.8664,106.03,1.4196,1.4781,1.7869
2000-09-11,0.8624,105.97,1.4123,1.48,1.7715
2000-09-12,0.8596,106.93,1.402,1.4825,1.771
2000-09-13,0.864,107.11,1.4125,1.4838,1.7635
2000-09-14,0.8617,107.25,1.406,1.4869,1.7736
2000-09-15,0.8572,107.33,1.4005,1.4844,1.7805
2000-09-18,0.8523,106.87,1.4015,1.4905,1.787
2000-09-19,0.8514,107.02,1.408,1.488,1.7765
2000-09-20,0.8462,106.77,1.4107,1.4833,1.7845
2000-09-21,0.8558,106.5,1.428,1.4873,1.7715
2000-09-22,0.8793,107.94,1.4568,1.4892,1.7295
2000-09-25,0.8738,107.63,1.454,1.489,1.739
2000-09-26,0.8815,107.63,1.46,1.488,1.7279
2000-09-27,0.8805,107.44,1.4607,1.4962,1.7325
2000-09-28,0.8826,107.59,1.4635,1.503,1.7288
2000-09-29,0.8837,107.9,1.4787,1.507,1.7265
2000-10-02,0.8806,108.81,1.4675,1.5108,1.7322
2000-10-03,0.8741,108.66,1.4565,1.506,1.7365
2000-10-04,0.8726,109.29,1.4558,1.499,1.7395
2000-10-05,0.8685,109.3,1.4502,1.4954,1.7491
2000-10-06,0.868,108.81,1.4445,1.5013,1.7515
2000-10-10,0.8682,107.9,1.4484,1.5014,1.7515
2000-10-11,0.8715,107.63,1.462,1.5043,1.7328
2000-10-12,0.8644,107.58,1.4735,1.5085,1.7415
2000-10-13,0.8568,107.67,1.4597,1.5135,1.7595
2000-10-16,0.8489,108.3,1.4455,1.5195,1.779
2000-10-17,0.8507,108.15,1.4426,1.5184,1.7773
2000-10-18,0.8391,107.78,1.4464,1.52,1.7875
2000-10-19,0.8406,108.55,1.4422,1.5112,1.7875
2000-10-20,0.84,109.04,1.4448,1.5119,1.7885
2000-10-23,0.8364,108.45,1.455,1.508,1.7985
2000-10-24,0.8364,108.08,1.449,1.5118,1.8005
2000-10-25,0.827,108.05,1.4335,1.5164,1.8165
2000-10-26,0.8271,108.36,1.4313,1.5187,1.825
2000-10-27,0.8406,108.75,1.4517,1.5275,1.8065
2000-10-30,0.8432,108.99,1.453,1.5311,1.8068
2000-10-31,0.8486,109.15,1.4505,1.5273,1.7978
2000-11-01,0.8584,108.48,1.4452,1.5263,1.7765
2000-11-02,0.8594,108.39,1.444,1.5333,1.7799
2000-11-03,0.8614,107.58,1.4484,1.5348,1.7667
2000-11-06,0.8584,107.34,1.432,1.5305,1.7725
2000-11-07,0.8583,107.3,1.431,1.5315,1.7728
2000-11-08,0.8559,107.57,1.4236,1.5432,1.7775
2000-11-09,0.8574,107.41,1.4242,1.5455,1.7739
2000-11-10,0.8625,107.83,1.4305,1.546,1.7657
2000-11-13,0.8607,107.7,1.4388,1.5472,1.7637
2000-11-14,0.8573,108.15,1.4306,1.5445,1.7723
2000-11-15,0.857,108.75,1.4257,1.551,1.7815
2000-11-16,0.8532,109.08,1.4228,1.5523,1.7883
2000-11-17,0.8516,108.86,1.423,1.56,1.7915
2000-11-20,0.8486,109.79,1.4222,1.5592,1.8
2000-11-21,0.8458,110.29,1.416,1.5553,1.7995
2000-11-22,0.8423,110.16,1.4077,1.5473,1.805
2000-11-24,0.8382,111.38,1.3997,1.5396,1.8085
2000-11-27,0.85,110.7,1.4155,1.5348,1.7803
2000-11-28,0.8547,110.23,1.4182,1.5371,1.7633
2000-11-29,0.8577,111.28,1.4209,1.5405,1.7595
2000-11-30,0.8694,110.93,1.421,1.5355,1.7365
2000-12-01,0.8765,111.15,1.4373,1.5389,1.7285
2000-12-04,0.8875,111.07,1.4523,1.5458,1.706
2000-12-05,0.8804,111.0,1.441,1.5438,1.7153
2000-12-06,0.8877,110.42,1.4365,1.5323,1.7078
2000-12-07,0.8891,110.7,1.44,1.5223,1.7015
2000-12-08,0.8838,111.29,1.4442,1.5205,1.7063
2000-12-11,0.8771,110.77,1.4554,1.5227,1.715
2000-12-12,0.8775,111.5,1.448,1.5249,1.7144
2000-12-13,0.8755,112.4,1.451,1.5205,1.7175
2000-12-14,0.8858,112.42,1.4665,1.5165,1.699
2000-12-15,0.8981,112.55,1.4763,1.5174,1.6795
2000-12-18,0.8929,112.06,1.4677,1.5254,1.6845
2000-12-19,0.8902,112.55,1.462,1.522,1.694
2000-12-20,0.9058,112.58,1.4737,1.5215,1.6765
2000-12-21,0.9112,112.18,1.4707,1.5185,1.6722
2000-12-22,0.923,112.75,1.4783,1.5168,1.6485
2000-12-26,0.9292,113.62,1.48,1.5099,1.6342
2000-12-27,0.9304,114.2,1.4912,1.511,1.6435
2000-12-28,0.9257,114.62,1.4907,1.5073,1.645
2000-12-29,0.9388,114.35,1.4955,1.4995,1.6202
2001-01-02,0.9465,114.73,1.4977,1.4963,1.6075
2001-01-03,0.9473,114.26,1.5045,1.4982,1.6025
2001-01-04,0.9448,115.47,1.493,1.4985,1.6115
2001-01-05,0.9535,116.19,1.499,1.5003,1.6025
2001-01-08,0.9486,115.97,1.4969,1.4944,1.6076
2001-01-09,0.9397,116.64,1.49,1.4973,1.621
2001-01-10,0.9387,116.26,1.491,1.4993,1.6255
2001-01-11,0.952,117.56,1.4965,1.4978,1.6123
2001-01-12,0.9486,117.76,1.4778,1.4967,1.6232
2001-01-16,0.9374,117.28,1.4675,1.5037,1.639
2001-01-17,0.9306,118.35,1.4723,1.5123,1.652
2001-01-18,0.9446,117.78,1.4755,1.5162,1.6195
2001-01-19,0.9363,117.23,1.4683,1.5155,1.6334
2001-01-22,0.9374,116.62,1.465,1.5072,1.637
2001-01-23,0.9389,116.95,1.4715,1.5073,1.633
2001-01-24,0.9258,118.18,1.4616,1.5126,1.6547
2001-01-25,0.9219,116.91,1.4605,1.508,1.6558
2001-01-26,0.9213,117.16,1.459,1.5066,1.6582
2001-01-29,0.9181,116.67,1.457,1.501,1.656
2001-01-30,0.9264,115.75,1.4615,1.4985,1.6455
2001-01-31,0.9308,116.39,1.4613,1.4995,1.6425
2001-02-01,0.9384,115.33,1.4775,1.4948,1.633
2001-02-02,0.9357,115.65,1.4692,1.4933,1.6425
2001-02-05,0.9395,114.99,1.475,1.505,1.6355
2001-02-06,0.9304,114.88,1.4585,1.508,1.6538
2001-02-07,0.9331,116.21,1.4633,1.511,1.6475
2001-02-08,0.9184,116.3,1.444,1.5117,1.6707
2001-02-09,0.9267,117.57,1.449,1.509,1.656
2001-02-12,0.9287,117.62,1.4513,1.5205,1.6557
2001-02-13,0.9204,117.3,1.451,1.5214,1.6683
2001-02-14,0.9197,116.65,1.4578,1.5287,1.669
2001-02-15,0.9057,115.67,1.449,1.5275,1.692
2001-02-16,0.9162,115.46,1.4505,1.5368,1.6763
2001-02-20,0.9096,115.57,1.4436,1.5399,1.687
2001-02-21,0.9077,116.45,1.4385,1.537,1.6897
2001-02-22,0.9069,116.53,1.4447,1.5378,1.6903
2001-02-23,0.9095,116.15,1.447,1.5378,1.6885
2001-02-26,0.9093,116.63,1.444,1.5314,1.6895
2001-02-27,0.9128,116.2,1.4405,1.5261,1.6837
2001-02-28,0.9212,117.28,1.4433,1.532,1.6736
2001-03-01,0.9291,117.33,1.4553,1.5465,1.6557
2001-03-02,0.934,119.06,1.4725,1.5489,1.6465
2001-03-05,0.9289,119.08,1.4687,1.5475,1.6538
2001-03-06,0.9313,118.87,1.4655,1.5388,1.6523
2001-03-07,0.9274,119.86,1.4612,1.5492,1.6582
2001-03-08,0.9281,119.51,1.4667,1.5497,1.6593
2001-03-09,0.9315,119.71,1.4675,1.548,1.6545
2001-03-12,0.93,120.63,1.467,1.5505,1.6555
2001-03-13,0.9148,120.2,1.4513,1.5477,1.6838
2001-03-14,0.9133,120.97,1.4497,1.5528,1.684
2001-03-15,0.9046,122.23,1.4436,1.5595,1.7002
2001-03-16,0.8929,122.85,1.4265,1.5669,1.716
2001-03-19,0.8985,122.57,1.4237,1.5698,1.7068
2001-03-20,0.9054,122.73,1.4285,1.5611,1.6957
2001-03-21,0.897,123.62,1.431,1.573,1.7085
2001-03-22,0.8881,123.84,1.4223,1.5742,1.7233
2001-03-23,0.8926,122.64,1.4292,1.5667,1.7155
2001-03-26,0.8955,122.81,1.4345,1.5545,1.7155
2001-03-27,0.891,122.99,1.429,1.5693,1.7198
2001-03-28,0.8882,122.62,1.4352,1.5668,1.7245
2001-03-29,0.8807,123.45,1.4302,1.5725,1.7323
2001-03-30,0.8794,125.54,1.419,1.5784,1.736
2001-04-02,0.8824,126.75,1.42,1.575,1.7317
2001-04-03,0.893,125.41,1.4305,1.579,1.712
2001-04-04,0.9013,125.38,1.435,1.5697,1.6951
2001-04-05,0.8976,124.33,1.4266,1.5788,1.702
2001-04-06,0.9002,124.03,1.4383,1.5615,1.7
2001-04-09,0.9014,124.85,1.447,1.5635,1.6955
2001-04-10,0.8884,124.48,1.436,1.5555,1.7165
2001-04-11,0.8856,124.82,1.434,1.5626,1.7161
2001-04-12,0.8922,123.51,1.4391,1.56,1.7062
2001-04-13,0.8888,124.15,1.4354,1.5627,1.7127
2001-04-16,0.8862,124.64,1.436,1.5625,1.718
2001-04-17,0.8814,123.67,1.4287,1.5575,1.731
2001-04-18,0.8816,122.35,1.4257,1.5692,1.7375
2001-04-19,0.8909,121.87,1.4366,1.547,1.717
2001-04-20,0.9032,122.52,1.4428,1.5425,1.6926
2001-04-23,0.896,121.68,1.4377,1.546,1.7087
2001-04-24,0.8946,122.08,1.4365,1.549,1.7115
2001-04-25,0.8972,122.21,1.4397,1.5474,1.7075
2001-04-26,0.9011,123.13,1.4378,1.546,1.706
2001-04-27,0.8924,123.76,1.4362,1.5417,1.7232
2001-04-30,0.8874,123.57,1.4306,1.536,1.7345
2001-05-01,0.8937,121.92,1.434,1.5338,1.7255
2001-05-02,0.8925,121.72,1.4345,1.531,1.7307
2001-05-03,0.8891,121.19,1.4322,1.533,1.7355
2001-05-04,0.8934,121.05,1.4362,1.5353,1.7304
2001-05-07,0.8916,121.34,1.44,1.5405,1.7305
2001-05-08,0.8848,121.66,1.4315,1.5445,1.742
2001-05-09,0.8845,122.25,1.4209,1.5407,1.7429
2001-05-10,0.8792,122.71,1.4186,1.5391,1.7485
2001-05-11,0.8759,122.5,1.4177,1.5503,1.7522
2001-05-14,0.8748,123.12,1.4176,1.5541,1.7516
2001-05-15,0.8788,123.26,1.4236,1.5493,1.7432
2001-05-16,0.8842,123.59,1.4293,1.5405,1.7329
2001-05-17,0.8828,122.68,1.431,1.536,1.7393
2001-05-18,0.8774,123.67,1.4333,1.5328,1.7486
2001-05-21,0.8762,122.91,1.438,1.5325,1.7485
2001-05-22,0.8657,122.79,1.4278,1.5415,1.7666
2001-05-23,0.8598,120.39,1.4245,1.5452,1.7755
2001-05-24,0.857,120.15,1.4103,1.5474,1.7793
2001-05-25,0.8577,120.75,1.4207,1.5455,1.779
2001-05-29,0.8547,120.1,1.4187,1.5376,1.784
2001-05-30,0.8576,120.27,1.4251,1.5464,1.7775
2001-05-31,0.8455,118.88,1.4175,1.5461,1.797
2001-06-01,0.8452,119.13,1.416,1.5324,1.7992
2001-06-04,0.8449,119.5,1.4123,1.5347,1.7968
2001-06-05,0.8504,120.27,1.4113,1.5328,1.7805
2001-06-06,0.8452,120.35,1.3906,1.5248,1.7988
2001-06-07,0.8506,119.91,1.39,1.521,1.7923
2001-06-08,0.8505,120.6,1.3817,1.5215,1.7927
2001-06-11,0.8425,122.02,1.373,1.5162,1.8046
2001-06-12,0.8479,121.74,1.3781,1.5246,1.796
2001-06-13,0.8536,121.89,1.3909,1.5183,1.7902
2001-06-14,0.8598,121.42,1.4005,1.5208,1.7753
2001-06-15,0.8628,122.97,1.4056,1.522,1.7726
2001-06-18,0.861,123.2,1.4034,1.5336,1.777
2001-06-19,0.8558,122.97,1.4008,1.5337,1.7861
2001-06-20,0.8506,123.3,1.3952,1.531,1.7924
2001-06-21,0.8544,124.4,1.4167,1.5265,1.7797
2001-06-22,0.857,124.25,1.414,1.5293,1.773
2001-06-25,0.8611,124.02,1.413,1.5195,1.7655
2001-06-26,0.8623,123.82,1.4154,1.5142,1.7655
2001-06-27,0.8621,124.25,1.419,1.5176,1.7648
2001-06-28,0.847,124.63,1.407,1.5233,1.7983
2001-06-29,0.8474,124.73,1.4077,1.5175,1.7968
2001-07-02,0.8455,124.22,1.4168,1.5153,1.8003
2001-07-03,0.8477,124.48,1.4058,1.5128,1.797
2001-07-05,0.837,125.77,1.3998,1.5102,1.8185
2001-07-06,0.8465,125.85,1.4106,1.52,1.7945
2001-07-09,0.8474,125.43,1.4081,1.5203,1.7964
2001-07-10,0.8557,125.53,1.4098,1.5213,1.7795
2001-07-11,0.8614,124.06,1.4121,1.5255,1.7608
2001-07-12,0.853,124.1,1.4065,1.528,1.7725
2001-07-13,0.8527,124.75,1.3995,1.5398,1.7738
2001-07-16,0.8549,125.44,1.4011,1.54,1.769
2001-07-17,0.8549,124.89,1.4037,1.54,1.7708
2001-07-18,0.8701,124.35,1.416,1.535,1.731
2001-07-19,0.869,123.61,1.419,1.5418,1.7327
2001-07-20,0.8713,122.85,1.429,1.545,1.7255
2001-07-23,0.8676,124.19,1.4185,1.545,1.7353
2001-07-24,0.8752,124.0,1.4223,1.5383,1.7214
2001-07-25,0.8797,123.64,1.428,1.5381,1.7145
2001-07-26,0.8765,123.83,1.4265,1.5335,1.7236
2001-07-27,0.8749,123.29,1.4256,1.5352,1.725
2001-07-30,0.875,125.18,1.426,1.5305,1.7267
2001-07-31,0.8752,125.0,1.4252,1.531,1.7285
2001-08-01,0.8793,124.87,1.433,1.5358,1.7158
2001-08-02,0.8813,123.72,1.4295,1.5417,1.7123
2001-08-03,0.8843,123.46,1.4268,1.5356,1.7054
2001-08-06,0.8802,123.85,1.4175,1.5275,1.7135
2001-08-07,0.8775,123.83,1.4169,1.5343,1.7165
2001-08-08,0.8778,123.2,1.4135,1.5333,1.7127
2001-08-09,0.8886,123.03,1.4218,1.5395,1.6948
2001-08-10,0.894,121.97,1.4273,1.5405,1.6918
2001-08-13,0.8983,122.46,1.4217,1.539,1.6885
2001-08-14,0.9025,121.6,1.4285,1.5413,1.6808
2001-08-15,0.9114,119.92,1.4379,1.529,1.6668
2001-08-16,0.9138,120.11,1.4438,1.5314,1.6608
2001-08-17,0.9165,120.37,1.4465,1.5428,1.6583
2001-08-20,0.9127,120.72,1.4445,1.5461,1.6635
2001-08-21,0.9115,119.91,1.4468,1.549,1.6648
2001-08-22,0.9194,119.91,1.4538,1.5438,1.6552
2001-08-23,0.9166,119.84,1.4478,1.5423,1.658
2001-08-24,0.9116,120.13,1.4443,1.5414,1.666
2001-08-27,0.9098,120.12,1.443,1.5423,1.6697
2001-08-28,0.9102,120.48,1.4501,1.5401,1.666
2001-08-29,0.9097,119.79,1.4515,1.5462,1.669
2001-08-30,0.9154,119.4,1.4577,1.546,1.6575
2001-08-31,0.909,118.75,1.451,1.5478,1.6698
2001-09-04,0.8868,119.49,1.4444,1.5535,1.7075
2001-09-05,0.8897,120.76,1.4553,1.5603,1.6996
2001-09-06,0.8943,120.95,1.4561,1.559,1.6908
2001-09-07,0.9044,120.07,1.4626,1.568,1.6771
2001-09-10,0.8988,121.08,1.4585,1.5656,1.687
2001-09-12,0.9069,119.53,1.4666,1.561,1.6593
2001-09-13,0.9089,118.81,1.4697,1.5681,1.6526
2001-09-14,0.9199,117.38,1.4678,1.5641,1.6246
2001-09-17,0.9198,117.59,1.4661,1.5686,1.6143
2001-09-18,0.9233,117.32,1.4635,1.5708,1.6037
2001-09-19,0.931,117.3,1.4714,1.5711,1.5858
2001-09-20,0.9255,115.89,1.4642,1.5708,1.592
2001-09-21,0.9099,116.73,1.4547,1.5707,1.5878
2001-09-24,0.9135,117.52,1.4616,1.5686,1.6041
2001-09-25,0.9222,117.78,1.4692,1.5705,1.5914
2001-09-26,0.9231,117.89,1.4745,1.5734,1.599
2001-09-27,0.9181,119.69,1.4733,1.5791,1.6138
2001-09-28,0.9099,119.23,1.4691,1.5797,1.6188
2001-10-01,0.9159,120.27,1.4785,1.5794,1.6196
2001-10-02,0.9149,120.78,1.4618,1.5696,1.6227
2001-10-03,0.9181,120.67,1.4756,1.5688,1.6157
2001-10-04,0.9141,120.63,1.4774,1.568,1.6248
2001-10-05,0.9168,120.37,1.4795,1.5626,1.6204
2001-10-09,0.915,120.2,1.4605,1.5638,1.6193
2001-10-10,0.9118,120.43,1.449,1.5679,1.6278
2001-10-11,0.9008,121.57,1.4415,1.568,1.6475
2001-10-12,0.9078,120.93,1.4518,1.5659,1.6325
2001-10-15,0.9077,120.94,1.447,1.5582,1.6288
2001-10-16,0.9094,121.27,1.4478,1.5621,1.6298
2001-10-17,0.9065,121.05,1.4505,1.5687,1.6355
2001-10-18,0.9025,121.18,1.444,1.5763,1.6387
2001-10-19,0.8987,121.15,1.4372,1.5756,1.6427
2001-10-22,0.8906,122.45,1.4265,1.5787,1.6619
2001-10-23,0.8893,122.83,1.4214,1.5723,1.6642
2001-10-24,0.8925,122.86,1.4263,1.5745,1.6592
2001-10-25,0.8965,122.72,1.4306,1.5775,1.649
2001-10-26,0.8921,122.99,1.4348,1.575,1.6535
2001-10-29,0.9037,122.08,1.4525,1.575,1.632
2001-10-30,0.906,122.07,1.4546,1.5785,1.6245
2001-10-31,0.8993,122.54,1.4534,1.5905,1.6347
2001-11-01,0.9044,121.87,1.462,1.5913,1.6295
2001-11-02,0.9037,121.68,1.4615,1.5925,1.6315
2001-11-05,0.8963,121.72,1.457,1.5958,1.6423
2001-11-06,0.8975,121.15,1.4591,1.5938,1.64
2001-11-07,0.8999,121.05,1.465,1.5935,1.6328
2001-11-08,0.891,119.98,1.454,1.598,1.6455
2001-11-09,0.8935,120.25,1.4574,1.6023,1.64
2001-11-13,0.8811,121.45,1.4425,1.5982,1.6668
2001-11-14,0.8829,121.67,1.4429,1.5923,1.6641
2001-11-15,0.8813,122.4,1.431,1.587,1.6644
2001-11-16,0.8849,122.67,1.4278,1.587,1.6552
2001-11-19,0.8781,123.27,1.4107,1.5849,1.6635
2001-11-20,0.8832,122.62,1.418,1.5933,1.6491
2001-11-21,0.8781,123.19,1.4154,1.6018,1.6575
2001-11-23,0.877,124.44,1.4095,1.5981,1.668
2001-11-26,0.8811,124.2,1.4125,1.6005,1.6635
2001-11-27,0.8812,124.17,1.4137,1.5948,1.66
2001-11-28,0.8863,123.29,1.4235,1.5853,1.6485
2001-11-29,0.8879,123.82,1.4232,1.5828,1.6546
2001-11-30,0.8958,123.22,1.4255,1.5717,1.6405
2001-12-03,0.8897,123.9,1.4217,1.5762,1.655
2001-12-04,0.8898,124.28,1.4216,1.5729,1.6545
2001-12-05,0.8856,124.4,1.4164,1.5716,1.6639
2001-12-06,0.8916,124.83,1.425,1.5767,1.6553
2001-12-07,0.8905,125.66,1.4315,1.5725,1.659
2001-12-10,0.8884,126.27,1.4342,1.5787,1.6673
2001-12-11,0.8904,126.23,1.4365,1.5781,1.6585
2001-12-12,0.8945,126.52,1.444,1.5654,1.6495
2001-12-13,0.8976,126.32,1.4454,1.5675,1.6423
2001-12-14,0.9044,127.24,1.4547,1.5635,1.6307
2001-12-17,0.904,127.54,1.4588,1.5646,1.633
2001-12-18,0.9019,127.97,1.4565,1.5729,1.634
2001-12-19,0.8997,128.2,1.4508,1.5743,1.6389
2001-12-20,0.8972,128.55,1.4464,1.5782,1.6359
2001-12-21,0.8864,129.48,1.4385,1.585,1.654
2001-12-24,0.8773,129.9,1.4385,1.5945,1.692
2001-12-26,0.8778,130.79,1.449,1.599,1.6917
2001-12-27,0.8843,131.47,1.454,1.5954,1.678
2001-12-28,0.8822,131.3,1.4475,1.5956,1.679
2001-12-31,0.8901,131.04,1.4543,1.5925,1.6598
2002-01-02,0.9031,132.02,1.4451,1.5974,1.6424
2002-01-03,0.8992,131.76,1.44,1.597,1.6495
2002-01-04,0.8946,131.02,1.4455,1.5977,1.6507
2002-01-07,0.8931,130.93,1.4385,1.5981,1.651
2002-01-08,0.8925,132.53,1.4426,1.5949,1.6553
2002-01-09,0.8882,132.62,1.4373,1.5965,1.6615
2002-01-10,0.8925,132.61,1.4433,1.6012,1.6623
2002-01-11,0.8905,132.17,1.4448,1.5975,1.6602
2002-01-14,0.8935,131.83,1.4482,1.5974,1.6569
2002-01-15,0.8913,131.14,1.445,1.5899,1.6602
2002-01-16,0.8834,131.77,1.4375,1.5945,1.6638
2002-01-17,0.88,132.13,1.4348,1.611,1.6685
2002-01-18,0.8844,132.64,1.4365,1.6128,1.6635
2002-01-22,0.8838,133.98,1.4295,1.6084,1.6629
2002-01-23,0.8836,134.25,1.4273,1.604,1.6654
2002-01-24,0.8782,134.64,1.4229,1.602,1.6757
2002-01-25,0.8655,134.47,1.4096,1.6083,1.7025
2002-01-28,0.8605,133.43,1.4074,1.6126,1.709
2002-01-29,0.8643,133.51,1.4132,1.5903,1.7038
2002-01-30,0.8648,132.84,1.416,1.591,1.7045
2002-01-31,0.8594,134.06,1.412,1.5915,1.719
2002-02-01,0.8613,133.77,1.4158,1.5908,1.7179
2002-02-04,0.8685,132.71,1.4197,1.5919,1.7021
2002-02-05,0.8672,133.9,1.417,1.5985,1.697
2002-02-06,0.8693,133.72,1.4138,1.6042,1.6948
2002-02-07,0.869,133.49,1.4117,1.6037,1.6948
2002-02-08,0.8727,134.77,1.4176,1.597,1.69
2002-02-11,0.8778,133.62,1.4237,1.5895,1.6835
2002-02-12,0.8768,132.82,1.4322,1.5919,1.6855
2002-02-13,0.873,133.23,1.4298,1.591,1.697
2002-02-14,0.8713,132.26,1.4285,1.5919,1.7005
2002-02-15,0.873,132.76,1.4315,1.5908,1.698
2002-02-19,0.8764,133.45,1.4302,1.5885,1.6895
2002-02-20,0.8705,133.76,1.4269,1.5905,1.6999
2002-02-21,0.8712,134.27,1.4253,1.5914,1.6987
2002-02-22,0.8757,133.85,1.4301,1.5945,1.689
2002-02-25,0.8713,133.89,1.4263,1.601,1.6948
2002-02-26,0.8682,134.35,1.4225,1.6112,1.6995
2002-02-27,0.8642,134.63,1.4165,1.6084,1.7085
2002-02-28,0.8658,133.96,1.4129,1.6049,1.7025
2002-03-01,0.8652,133.35,1.419,1.5955,1.706
2002-03-04,0.8705,132.2,1.4228,1.59,1.697
2002-03-05,0.8699,132.31,1.4212,1.5905,1.6977
2002-03-06,0.8772,130.85,1.4238,1.5835,1.6819
2002-03-07,0.8795,127.07,1.4245,1.5823,1.673
2002-03-08,0.8752,128.21,1.4227,1.5857,1.681
2002-03-11,0.8768,128.08,1.422,1.5843,1.6775
2002-03-12,0.8759,128.67,1.4146,1.5858,1.6767
2002-03-13,0.877,129.43,1.4157,1.5935,1.6739
2002-03-14,0.8816,128.94,1.42,1.5943,1.6595
2002-03-15,0.8823,129.1,1.4238,1.5863,1.6596
2002-03-18,0.8826,131.27,1.4256,1.588,1.6585
2002-03-19,0.8805,132.3,1.4213,1.5842,1.6622
2002-03-20,0.8836,131.6,1.426,1.5793,1.6568
2002-03-21,0.8836,131.86,1.4287,1.5808,1.6555
2002-03-22,0.8791,132.88,1.4263,1.5767,1.6623
2002-03-25,0.8768,133.46,1.4255,1.5858,1.666
2002-03-26,0.8767,132.78,1.427,1.5925,1.669
2002-03-27,0.8726,132.61,1.4238,1.5938,1.6786
2002-03-28,0.8711,132.61,1.4242,1.594,1.685
2002-03-29,0.8717,132.7,1.425,1.5958,1.682
2002-04-01,0.8806,133.32,1.4407,1.5995,1.6607
2002-04-02,0.8782,133.4,1.4358,1.5934,1.6655
2002-04-03,0.8804,132.65,1.435,1.589,1.6607
2002-04-04,0.8779,132.3,1.4349,1.593,1.6654
2002-04-05,0.8805,131.73,1.435,1.59,1.6637
2002-04-08,0.875,131.27,1.431,1.5941,1.674
2002-04-09,0.8793,131.03,1.4345,1.5964,1.6676
2002-04-10,0.8794,130.75,1.4365,1.593,1.6702
2002-04-11,0.8829,131.55,1.4382,1.5879,1.6604
2002-04-12,0.8792,132.09,1.4371,1.5879,1.6678
2002-04-15,0.8802,131.95,1.4372,1.5892,1.6666
2002-04-16,0.883,131.19,1.4396,1.5798,1.6638
2002-04-17,0.8885,130.7,1.4438,1.5745,1.655
2002-04-18,0.8898,129.84,1.4479,1.5747,1.6485
2002-04-19,0.8893,130.5,1.4472,1.5723,1.6508
2002-04-22,0.8877,129.9,1.4488,1.573,1.6543
2002-04-23,0.8897,129.89,1.4486,1.5753,1.649
2002-04-24,0.8915,129.76,1.448,1.5685,1.6445
2002-04-25,0.8978,128.4,1.454,1.5636,1.6308
2002-04-26,0.898,128.18,1.4545,1.5632,1.6293
2002-04-29,0.9028,128.13,1.4592,1.5663,1.6215
2002-04-30,0.9002,128.45,1.4565,1.5681,1.6216
2002-05-01,0.9062,127.45,1.4621,1.5579,1.601
2002-05-02,0.9032,128.02,1.4645,1.5621,1.6098
2002-05-03,0.9133,127.21,1.4664,1.565,1.592
2002-05-06,0.9166,127.27,1.4676,1.5685,1.5891
2002-05-07,0.9148,127.8,1.4675,1.5705,1.593
2002-05-08,0.904,128.64,1.4533,1.5708,1.6102
2002-05-09,0.9088,128.36,1.4585,1.5687,1.6005
2002-05-10,0.9116,127.89,1.4606,1.5575,1.5946
2002-05-13,0.9107,127.69,1.4588,1.5585,1.5983
2002-05-14,0.9022,128.66,1.4474,1.559,1.6155
2002-05-15,0.9074,127.92,1.4558,1.5563,1.6054
2002-05-16,0.9105,128.19,1.4567,1.555,1.5993
2002-05-17,0.9206,126.03,1.4602,1.542,1.581
2002-05-20,0.9213,125.64,1.4588,1.5415,1.5785
2002-05-21,0.9191,123.83,1.4568,1.5387,1.5798
2002-05-22,0.9265,124.16,1.4589,1.5361,1.5686
2002-05-23,0.9233,124.84,1.4545,1.5338,1.5755
2002-05-24,0.922,124.71,1.4577,1.535,1.5827
2002-05-28,0.9285,124.38,1.4618,1.5305,1.5743
2002-05-29,0.9313,124.35,1.46,1.5345,1.5757
2002-05-30,0.9373,123.08,1.4655,1.534,1.5621
2002-05-31,0.9339,124.13,1.4625,1.5275,1.5693
2002-06-03,0.939,123.69,1.4622,1.5282,1.5638
2002-06-04,0.9424,123.95,1.4605,1.5284,1.5592
2002-06-05,0.9391,124.4,1.4574,1.535,1.5672
2002-06-06,0.9457,124.34,1.4593,1.5325,1.559
2002-06-07,0.9449,124.49,1.4604,1.5321,1.555
2002-06-10,0.9446,124.6,1.461,1.5385,1.5585
2002-06-11,0.9445,125.56,1.4686,1.5383,1.562
2002-06-12,0.9473,125.64,1.4705,1.5365,1.5595
2002-06-13,0.944,125.12,1.4709,1.5398,1.5638
2002-06-14,0.9448,124.25,1.4735,1.5499,1.5626
2002-06-17,0.9442,124.37,1.4782,1.5474,1.5632
2002-06-18,0.9483,124.56,1.4868,1.5443,1.5568
2002-06-19,0.9544,124.04,1.4873,1.5415,1.5422
2002-06-20,0.9646,123.33,1.4982,1.5319,1.5235
2002-06-21,0.9705,121.23,1.4987,1.5232,1.5124
2002-06-24,0.9786,121.28,1.5056,1.5166,1.5005
2002-06-25,0.9692,121.9,1.4999,1.5218,1.514
2002-06-26,0.9825,119.83,1.5217,1.5211,1.494
2002-06-27,0.9885,119.38,1.5285,1.5108,1.4885
2002-06-28,0.9856,119.85,1.5245,1.519,1.492
2002-07-01,0.9893,120.04,1.5307,1.519,1.4845
2002-07-02,0.984,120.13,1.53,1.5263,1.49
2002-07-03,0.9816,119.77,1.5268,1.529,1.4907
2002-07-05,0.973,120.19,1.5206,1.5247,1.5062
2002-07-08,0.9869,118.66,1.5348,1.5208,1.4893
2002-07-09,0.9938,117.85,1.5465,1.5145,1.482
2002-07-10,0.989,117.94,1.5483,1.5203,1.4888
2002-07-11,0.9927,116.62,1.5545,1.5223,1.4793
2002-07-12,0.9904,116.73,1.55,1.5299,1.4832
2002-07-15,1.0072,116.06,1.5656,1.5365,1.4582
2002-07-16,1.0087,115.71,1.5693,1.5347,1.4548
2002-07-17,1.0078,116.24,1.5682,1.5399,1.454
2002-07-18,1.0067,117.02,1.5685,1.544,1.454
2002-07-19,1.0156,115.73,1.5785,1.5386,1.4387
2002-07-22,1.0098,116.22,1.58,1.5562,1.4408
2002-07-23,0.9933,117.35,1.5657,1.5779,1.4645
2002-07-24,0.9945,116.33,1.5745,1.5765,1.4561
2002-07-25,0.9997,116.87,1.5754,1.5725,1.4498
2002-07-26,0.9882,118.78,1.5635,1.588,1.4682
2002-07-29,0.9779,119.87,1.557,1.5725,1.4893
2002-07-30,0.9879,119.9,1.5725,1.5735,1.4749
2002-07-31,0.9796,119.77,1.5625,1.5845,1.4833
2002-08-01,0.9843,119.1,1.5578,1.5867,1.4703
2002-08-02,0.9882,118.98,1.5709,1.5885,1.4708
2002-08-05,0.9846,119.26,1.5665,1.5963,1.477
2002-08-06,0.964,121.14,1.5382,1.5935,1.513
2002-08-07,0.9738,120.37,1.5354,1.5807,1.497
2002-08-08,0.9653,121.04,1.5278,1.5818,1.5146
2002-08-09,0.9714,120.15,1.5235,1.5725,1.503
2002-08-12,0.9778,118.85,1.5317,1.5739,1.4965
2002-08-13,0.9787,119.08,1.531,1.5658,1.4952
2002-08-14,0.9867,116.53,1.5442,1.5657,1.4813
2002-08-15,0.9816,117.28,1.536,1.5583,1.4907
2002-08-16,0.9836,117.51,1.5372,1.5609,1.4915
2002-08-19,0.9775,118.53,1.5272,1.5715,1.5015
2002-08-20,0.9779,118.84,1.5266,1.5716,1.5027
2002-08-21,0.9796,118.54,1.5295,1.5586,1.4999
2002-08-22,0.9697,119.85,1.5192,1.5566,1.5188
2002-08-23,0.9726,119.53,1.5215,1.5563,1.5128
2002-08-26,0.9731,119.54,1.5236,1.5575,1.5125
2002-08-27,0.9814,118.31,1.5305,1.5523,1.4969
2002-08-28,0.982,118.31,1.5363,1.5599,1.4968
2002-08-29,0.9829,118.34,1.5484,1.5598,1.4941
2002-08-30,0.9806,118.76,1.5476,1.5585,1.5007
2002-09-03,0.9959,117.12,1.5625,1.5545,1.473
2002-09-04,0.9923,118.01,1.5642,1.5663,1.4751
2002-09-05,0.9911,118.34,1.566,1.5672,1.4733
2002-09-06,0.9843,118.48,1.5597,1.5637,1.4825
2002-09-09,0.9817,118.85,1.5585,1.5662,1.4848
2002-09-10,0.9752,119.78,1.5544,1.5737,1.496
2002-09-11,0.9724,120.64,1.5492,1.577,1.5067
2002-09-12,0.9761,120.68,1.5549,1.5848,1.5042
2002-09-13,0.9743,121.5,1.5585,1.5858,1.502
2002-09-16,0.9723,122.17,1.544,1.583,1.51
2002-09-17,0.9685,122.64,1.5343,1.5791,1.5202
2002-09-18,0.9789,121.49,1.5525,1.5835,1.4982
2002-09-19,0.9817,121.48,1.5545,1.5727,1.492
2002-09-20,0.9839,123.16,1.5558,1.573,1.488
2002-09-23,0.9822,123.93,1.5575,1.5845,1.491
2002-09-24,0.9815,123.38,1.5565,1.5856,1.4918
2002-09-25,0.9797,122.72,1.5625,1.5812,1.4933
2002-09-26,0.9755,122.59,1.5563,1.5769,1.5029
2002-09-27,0.9772,122.86,1.5548,1.5777,1.5008
2002-09-30,0.9879,121.74,1.57,1.5863,1.4758
2002-10-01,0.9859,122.73,1.5708,1.5863,1.4793
2002-10-02,0.9842,123.21,1.5655,1.5855,1.4836
2002-10-03,0.9871,123.04,1.5704,1.5903,1.4794
2002-10-04,0.9821,123.02,1.569,1.5943,1.4893
2002-10-07,0.9816,124.44,1.5643,1.5922,1.49
2002-10-08,0.9796,124.26,1.5569,1.5935,1.4959
2002-10-09,0.9868,123.55,1.5595,1.5933,1.4837
2002-10-10,0.9861,123.64,1.5625,1.5916,1.4841
2002-10-11,0.9854,124.04,1.5605,1.5888,1.486
2002-10-15,0.981,124.66,1.5542,1.5857,1.4958
2002-10-16,0.9824,124.3,1.5543,1.584,1.4924
2002-10-17,0.9718,124.8,1.5525,1.5725,1.5119
2002-10-18,0.9708,125.52,1.5461,1.5723,1.514
2002-10-21,0.9732,124.71,1.5418,1.5682,1.511
2002-10-22,0.9782,125.09,1.5463,1.568,1.5015
2002-10-23,0.9772,124.17,1.5499,1.5685,1.5004
2002-10-24,0.9742,124.77,1.5478,1.561,1.5062
2002-10-25,0.9767,124.14,1.5533,1.5676,1.5014
2002-10-28,0.9843,123.64,1.5602,1.5607,1.4882
2002-10-29,0.9851,122.55,1.5585,1.5632,1.487
2002-10-30,0.9835,122.91,1.5568,1.5677,1.4893
2002-10-31,0.9881,122.78,1.563,1.561,1.4805
2002-11-01,0.9971,122.16,1.5638,1.558,1.4673
2002-11-04,0.9953,122.46,1.5545,1.5562,1.47
2002-11-05,0.9994,121.84,1.5625,1.5563,1.4635
2002-11-06,0.9974,122.22,1.559,1.5586,1.4663
2002-11-07,1.0092,121.26,1.5796,1.5528,1.4506
2002-11-08,1.0139,119.72,1.5915,1.5644,1.4434
2002-11-12,1.0105,119.57,1.5879,1.5739,1.4465
2002-11-13,1.006,120.28,1.585,1.5765,1.4577
2002-11-14,1.0034,120.45,1.5788,1.5748,1.4615
2002-11-15,1.0082,120.37,1.579,1.5815,1.4542
2002-11-18,1.0083,121.15,1.579,1.5903,1.4555
2002-11-19,1.0107,121.65,1.588,1.5853,1.4527
2002-11-20,1.0024,122.52,1.575,1.584,1.4649
2002-11-21,0.9984,122.92,1.5753,1.5783,1.4714
2002-11-22,0.9966,122.84,1.5778,1.5804,1.4768
2002-11-25,0.9937,122.32,1.5667,1.5735,1.4839
2002-11-26,0.9913,121.89,1.5485,1.572,1.4878
2002-11-27,0.9895,122.21,1.544,1.575,1.4895
2002-11-29,0.9932,122.72,1.5553,1.5658,1.486
2002-12-02,0.9927,124.61,1.5555,1.5595,1.4845
2002-12-03,0.9968,124.42,1.5687,1.5573,1.4767
2002-12-04,0.9999,124.84,1.5682,1.5579,1.4729
2002-12-05,0.9989,124.99,1.5708,1.5612,1.4731
2002-12-06,1.0081,123.69,1.573,1.566,1.4602
2002-12-09,1.0088,123.36,1.5785,1.5615,1.4595
2002-12-10,1.0073,123.66,1.5699,1.5612,1.4628
2002-12-11,1.0083,123.46,1.5744,1.5562,1.4621
2002-12-12,1.0189,122.75,1.58,1.555,1.449
2002-12-13,1.0226,120.71,1.5896,1.5603,1.4421
2002-12-16,1.021,121.28,1.5905,1.5627,1.4448
2002-12-17,1.0267,121.27,1.5963,1.551,1.4323
2002-12-18,1.0254,121.12,1.6,1.5538,1.4296
2002-12-19,1.0217,120.86,1.5986,1.5478,1.431
2002-12-20,1.0268,120.52,1.6015,1.5525,1.425
2002-12-23,1.0217,120.77,1.587,1.5508,1.425
2002-12-24,1.0305,120.27,1.5958,1.5482,1.4097
2002-12-26,1.0358,120.12,1.5978,1.5532,1.4039
2002-12-27,1.0411,119.92,1.6022,1.5683,1.3954
2002-12-30,1.046,118.38,1.6044,1.5792,1.3922
2002-12-31,1.0485,118.75,1.6095,1.58,1.3833
2003-01-02,1.0361,119.86,1.5975,1.575,1.4015
2003-01-03,1.0418,119.85,1.6045,1.5665,1.3975
2003-01-06,1.0469,119.06,1.608,1.5598,1.3928
2003-01-07,1.0419,120.18,1.6055,1.559,1.3983
2003-01-08,1.0447,119.35,1.6063,1.5613,1.3963
2003-01-09,1.0467,119.57,1.6035,1.5541,1.3943
2003-01-10,1.0535,119.44,1.6079,1.5502,1.386
2003-01-13,1.0535,119.03,1.603,1.5423,1.3868
2003-01-14,1.0571,117.96,1.607,1.5396,1.384
2003-01-15,1.0576,117.91,1.6029,1.5353,1.3829
2003-01-16,1.0569,118.02,1.6073,1.5366,1.3828
2003-01-17,1.066,117.88,1.6173,1.5355,1.3678
2003-01-21,1.0677,118.57,1.6123,1.5332,1.3687
2003-01-22,1.0729,118.15,1.6162,1.5324,1.3629
2003-01-23,1.0767,117.83,1.6233,1.524,1.358
2003-01-24,1.0825,117.8,1.632,1.522,1.3528
2003-01-27,1.0838,118.64,1.6351,1.5246,1.3554
2003-01-28,1.0833,118.67,1.64,1.5359,1.356
2003-01-29,1.0861,118.13,1.6457,1.5235,1.3512
2003-01-30,1.0776,119.22,1.6482,1.531,1.3629
2003-01-31,1.0739,119.96,1.6448,1.5286,1.3683
2003-02-03,1.0761,120.47,1.6405,1.5207,1.3631
2003-02-04,1.0875,119.75,1.648,1.5146,1.3493
2003-02-05,1.0842,119.78,1.6455,1.5195,1.354
2003-02-06,1.0828,119.93,1.6354,1.5213,1.3541
2003-02-07,1.0801,120.4,1.6284,1.5215,1.3584
2003-02-10,1.074,121.25,1.6275,1.5315,1.366
2003-02-11,1.0747,121.19,1.6193,1.5303,1.3653
2003-02-12,1.0716,121.3,1.6155,1.529,1.37
2003-02-13,1.0834,120.49,1.6209,1.5199,1.3559
2003-02-14,1.0799,120.41,1.6105,1.5191,1.3618
2003-02-18,1.0708,118.93,1.5921,1.515,1.3745
2003-02-19,1.0744,118.65,1.5957,1.514,1.3697
2003-02-20,1.0821,118.18,1.5925,1.5047,1.356
2003-02-21,1.0787,118.78,1.5864,1.5052,1.3618
2003-02-24,1.0783,117.78,1.586,1.4944,1.3592
2003-02-25,1.0782,117.14,1.5727,1.4928,1.3538
2003-02-26,1.0797,117.19,1.5806,1.4939,1.355
2003-02-27,1.0763,117.58,1.5798,1.4954,1.3598
2003-02-28,1.0779,118.22,1.5737,1.488,1.3557
2003-03-03,1.0835,117.93,1.5755,1.4853,1.3468
2003-03-04,1.0883,117.96,1.582,1.4775,1.34
2003-03-05,1.0967,117.32,1.6003,1.4727,1.3299
2003-03-06,1.0997,117.22,1.6049,1.4714,1.3314
2003-03-07,1.1014,116.47,1.602,1.4665,1.3338
2003-03-10,1.1062,116.55,1.6007,1.4659,1.3247
2003-03-11,1.1028,117.07,1.6038,1.4725,1.3316
2003-03-12,1.1023,117.18,1.6129,1.4728,1.3315
2003-03-13,1.087,118.31,1.6057,1.4855,1.349
2003-03-14,1.0725,118.59,1.5821,1.4822,1.369
2003-03-17,1.0606,118.45,1.5682,1.4835,1.3845
2003-03-18,1.0624,118.9,1.5624,1.4788,1.3843
2003-03-19,1.059,120.13,1.5648,1.4804,1.3903
2003-03-20,1.0613,120.05,1.567,1.4788,1.387
2003-03-21,1.0545,121.42,1.566,1.4905,1.4
2003-03-24,1.0644,120.69,1.5748,1.4805,1.3847
2003-03-25,1.0673,120.03,1.5707,1.477,1.3805
2003-03-26,1.0677,120.13,1.5742,1.4711,1.3827
2003-03-27,1.0708,119.78,1.5676,1.4673,1.3807
2003-03-28,1.0762,120.18,1.5673,1.468,1.3724
2003-03-31,1.09,118.07,1.579,1.4695,1.3538
2003-04-01,1.0904,118.25,1.5767,1.4729,1.3537
2003-04-02,1.0765,119.17,1.5659,1.4762,1.3794
2003-04-03,1.0736,119.55,1.5718,1.476,1.3809
2003-04-04,1.0711,120.05,1.5597,1.472,1.3875
2003-04-07,1.0621,120.41,1.55,1.4843,1.3995
2003-04-08,1.0684,119.91,1.5507,1.4677,1.3905
2003-04-09,1.0722,120.55,1.5562,1.4678,1.3858
2003-04-10,1.0803,119.58,1.5719,1.457,1.3846
2003-04-11,1.0751,120.47,1.5713,1.4519,1.3933
2003-04-14,1.0773,120.3,1.5713,1.4533,1.3895
2003-04-15,1.0801,120.2,1.5705,1.4515,1.3912
2003-04-16,1.0872,120.04,1.574,1.4563,1.3785
2003-04-17,1.0907,119.3,1.5748,1.449,1.377
2003-04-18,1.0882,119.72,1.5733,1.45,1.381
2003-04-21,1.0857,120.55,1.5592,1.4547,1.3901
2003-04-22,1.0966,119.68,1.5768,1.4473,1.3708
2003-04-23,1.0949,120.33,1.5815,1.4512,1.3759
2003-04-24,1.1039,119.83,1.5971,1.4579,1.359
2003-04-25,1.104,120.25,1.5915,1.4535,1.3612
2003-04-28,1.0999,120.34,1.5906,1.4504,1.3695
2003-04-29,1.101,120.14,1.5904,1.446,1.3688
2003-04-30,1.118,119.07,1.6,1.4336,1.3545
2003-05-01,1.1238,118.56,1.6103,1.4191,1.342
2003-05-02,1.12,119.1,1.602,1.4221,1.348
2003-05-05,1.1271,118.64,1.606,1.4134,1.344
2003-05-06,1.1354,117.94,1.614,1.4085,1.3331
2003-05-07,1.134,116.51,1.593,1.401,1.3264
2003-05-08,1.1453,116.65,1.6034,1.395,1.3172
2003-05-09,1.1498,117.2,1.6045,1.393,1.3114
2003-05-12,1.1557,116.94,1.6095,1.3885,1.3107
2003-05-13,1.1499,116.56,1.6092,1.3898,1.3168
2003-05-14,1.1498,116.16,1.6163,1.3786,1.3157
2003-05-15,1.1457,115.94,1.6262,1.3757,1.3151
2003-05-16,1.1542,116.01,1.6241,1.3672,1.3102
2003-05-19,1.1686,116.58,1.6352,1.3604,1.2945
2003-05-20,1.1685,116.77,1.6393,1.3446,1.294
2003-05-21,1.1707,117.23,1.6415,1.3498,1.2903
2003-05-22,1.17,117.25,1.6346,1.3679,1.294
2003-05-23,1.1786,116.89,1.6376,1.3783,1.293
2003-05-27,1.1853,117.12,1.64,1.3754,1.2851
2003-05-28,1.1742,118.73,1.635,1.3867,1.299
2003-05-29,1.1835,118.45,1.6484,1.3769,1.2898
2003-05-30,1.1766,119.5,1.6393,1.3712,1.3022
2003-06-02,1.1744,118.52,1.6372,1.3696,1.2973
2003-06-03,1.1702,119.27,1.6278,1.3768,1.3127
2003-06-04,1.1708,118.6,1.6333,1.3575,1.3129
2003-06-05,1.187,117.61,1.6597,1.3404,1.2973
2003-06-06,1.1695,118.83,1.6622,1.354,1.3233
2003-06-09,1.1743,118.11,1.6452,1.3585,1.3131
2003-06-10,1.1686,117.68,1.6523,1.3649,1.3192
2003-06-11,1.1764,117.69,1.6675,1.3523,1.306
2003-06-12,1.1767,117.66,1.6682,1.3492,1.3104
2003-06-13,1.183,117.46,1.6676,1.3362,1.3047
2003-06-16,1.1843,117.79,1.6815,1.3397,1.3009
2003-06-17,1.1812,118.2,1.684,1.3393,1.3051
2003-06-18,1.171,118.4,1.6798,1.3348,1.3205
2003-06-19,1.1678,118.74,1.674,1.3508,1.3246
2003-06-20,1.1616,118.39,1.6644,1.359,1.329
2003-06-23,1.1548,117.55,1.6682,1.3561,1.3268
2003-06-24,1.1498,117.96,1.6607,1.3614,1.331
2003-06-25,1.1592,117.54,1.6787,1.3428,1.3257
2003-06-26,1.1429,119.32,1.664,1.3542,1.3479
2003-06-27,1.1423,119.72,1.6492,1.3494,1.3508
2003-06-30,1.1502,119.87,1.6529,1.3558,1.3519
2003-07-01,1.158,119.45,1.6626,1.3492,1.3412
2003-07-02,1.1524,118.63,1.6646,1.3368,1.3474
2003-07-03,1.1503,118.24,1.6718,1.3368,1.3465
2003-07-07,1.1341,118.08,1.6515,1.3486,1.3681
2003-07-08,1.1265,118.58,1.6326,1.3702,1.3765
2003-07-09,1.1311,117.85,1.6306,1.3748,1.3665
2003-07-10,1.139,117.69,1.6326,1.3822,1.3609
2003-07-11,1.1304,117.8,1.6323,1.3762,1.3724
2003-07-14,1.1298,117.54,1.6238,1.3739,1.3722
2003-07-15,1.1233,117.24,1.5986,1.3927,1.3818
2003-07-16,1.1209,118.24,1.5952,1.3874,1.376
2003-07-17,1.1164,118.87,1.5893,1.3973,1.3772
2003-07-18,1.1239,118.4,1.5867,1.4114,1.3673
2003-07-21,1.1346,118.35,1.601,1.4052,1.3551
2003-07-22,1.1325,119.34,1.5978,1.4106,1.3623
2003-07-23,1.1484,118.77,1.609,1.399,1.346
2003-07-24,1.1441,119.25,1.611,1.3964,1.3517
2003-07-25,1.1513,118.82,1.6198,1.3813,1.343
2003-07-28,1.1497,119.42,1.6272,1.3827,1.3456
2003-07-29,1.1466,119.78,1.6225,1.3857,1.3497
2003-07-30,1.1367,120.55,1.6167,1.4002,1.3642
2003-07-31,1.1231,120.42,1.609,1.4074,1.3736
2003-08-01,1.1252,120.0,1.6045,1.396,1.3668
2003-08-04,1.1337,120.47,1.608,1.4065,1.3505
2003-08-05,1.1349,119.95,1.6085,1.4045,1.352
2003-08-06,1.1357,120.33,1.6081,1.406,1.3491
2003-08-07,1.139,118.91,1.617,1.3933,1.3475
2003-08-08,1.1321,119.02,1.608,1.3935,1.3573
2003-08-11,1.1349,118.36,1.6068,1.384,1.359
2003-08-12,1.1304,118.53,1.6028,1.3852,1.366
2003-08-13,1.1317,119.07,1.6082,1.3836,1.366
2003-08-14,1.1249,119.14,1.6,1.3937,1.3717
2003-08-15,1.1255,119.24,1.5958,1.3873,1.3724
2003-08-18,1.1138,119.43,1.5891,1.3913,1.3928
2003-08-19,1.1117,119.26,1.5872,1.401,1.3922
2003-08-20,1.1104,118.23,1.5922,1.4028,1.3904
2003-08-21,1.0976,117.58,1.5845,1.4067,1.4058
2003-08-22,1.0871,117.58,1.5755,1.41,1.4181
2003-08-25,1.0892,117.43,1.5728,1.3985,1.4141
2003-08-26,1.0893,117.49,1.5732,1.3933,1.409
2003-08-27,1.0906,117.74,1.5746,1.4022,1.4099
2003-08-28,1.0896,117.44,1.577,1.3973,1.4125
2003-08-29,1.0986,116.71,1.5773,1.385,1.4005
2003-09-02,1.0872,116.15,1.574,1.3876,1.4125
2003-09-03,1.0845,116.04,1.5732,1.3816,1.4133
2003-09-04,1.0899,116.77,1.5785,1.3735,1.4125
2003-09-05,1.1073,117.06,1.5891,1.3714,1.389
2003-09-08,1.1124,116.48,1.5858,1.371,1.3842
2003-09-09,1.119,116.33,1.5909,1.3668,1.3825
2003-09-10,1.1195,117.13,1.5897,1.3659,1.3875
2003-09-11,1.1186,117.07,1.5937,1.3709,1.3865
2003-09-12,1.1307,117.38,1.6062,1.363,1.3764
2003-09-15,1.1304,117.41,1.6018,1.366,1.378
2003-09-16,1.1166,116.27,1.5871,1.369,1.3941
2003-09-17,1.1239,115.99,1.6044,1.3667,1.3827
2003-09-18,1.124,115.27,1.6155,1.3644,1.3843
2003-09-19,1.1346,113.99,1.6315,1.3469,1.371
2003-09-22,1.1468,111.95,1.6472,1.3474,1.3548
2003-09-23,1.1487,111.65,1.656,1.3561,1.3532
2003-09-24,1.1472,111.7,1.6558,1.3543,1.3547
2003-09-25,1.1484,111.86,1.6587,1.3477,1.3463
2003-09-26,1.1482,111.8,1.6597,1.3547,1.344
2003-09-29,1.1578,111.07,1.6642,1.3552,1.3312
2003-09-30,1.165,111.43,1.662,1.3507,1.3208
2003-10-01,1.1708,110.61,1.6667,1.3481,1.3148
2003-10-02,1.1717,110.59,1.675,1.3388,1.314
2003-10-03,1.1596,110.9,1.663,1.3418,1.3353
2003-10-06,1.1706,110.81,1.6742,1.3413,1.3215
2003-10-07,1.1784,109.81,1.6628,1.3295,1.314
2003-10-08,1.1805,109.55,1.6598,1.3332,1.3127
2003-10-09,1.1695,109.34,1.6609,1.3401,1.3239
2003-10-10,1.1812,108.57,1.6654,1.321,1.3112
2003-10-14,1.1724,109.29,1.6737,1.3234,1.32
2003-10-15,1.1652,109.56,1.6698,1.3243,1.3285
2003-10-16,1.1665,109.36,1.676,1.3162,1.3278
2003-10-17,1.163,109.57,1.6721,1.3145,1.3347
2003-10-20,1.1671,110.22,1.6749,1.32,1.3303
2003-10-21,1.1676,109.69,1.6746,1.316,1.3296
2003-10-22,1.1805,108.95,1.6935,1.3043,1.3142
2003-10-23,1.1795,109.59,1.6943,1.3087,1.3124
2003-10-24,1.1833,109.23,1.6972,1.3072,1.3067
2003-10-27,1.1762,108.38,1.6952,1.3107,1.3159
2003-10-28,1.1689,108.33,1.6956,1.3108,1.3287
2003-10-29,1.1673,108.18,1.6988,1.3098,1.3293
2003-10-30,1.1694,108.27,1.7025,1.3069,1.325
2003-10-31,1.1609,110.1,1.6956,1.3195,1.3382
2003-11-03,1.1454,111.2,1.6786,1.3323,1.3607
2003-11-04,1.1497,109.6,1.6802,1.3321,1.3593
2003-11-05,1.1473,109.91,1.678,1.3312,1.3653
2003-11-06,1.1417,110.15,1.6693,1.3362,1.3737
2003-11-07,1.1505,109.29,1.6708,1.3237,1.3635
2003-11-10,1.1515,107.98,1.6737,1.3108,1.3662
2003-11-12,1.1647,108.55,1.677,1.3007,1.3473
2003-11-13,1.1711,108.33,1.688,1.3,1.3425
2003-11-14,1.1743,108.43,1.6841,1.3034,1.3333
2003-11-17,1.1744,108.98,1.6885,1.3143,1.3245
2003-11-18,1.1893,108.11,1.6998,1.3025,1.3055
2003-11-19,1.1909,109.06,1.6982,1.304,1.3032
2003-11-20,1.1895,108.99,1.7024,1.3031,1.302
2003-11-21,1.1913,108.87,1.7025,1.3042,1.2985
2003-11-24,1.1768,109.39,1.695,1.321,1.3198
2003-11-25,1.1785,109.72,1.6983,1.3135,1.3172
2003-11-26,1.1918,109.11,1.709,1.3045,1.299
2003-11-28,1.1995,109.53,1.7219,1.2973,1.2917
2003-12-01,1.1956,109.61,1.7209,1.3023,1.3003
2003-12-02,1.2084,108.82,1.7291,1.2988,1.2875
2003-12-03,1.2093,108.17,1.7248,1.3,1.2888
2003-12-04,1.2077,108.19,1.72,1.3125,1.2906
2003-12-05,1.2157,107.78,1.727,1.3045,1.2755
2003-12-08,1.2217,107.23,1.7334,1.2967,1.2663
2003-12-09,1.2229,107.3,1.743,1.3092,1.2664
2003-12-10,1.2215,108.4,1.7446,1.3078,1.2657
2003-12-11,1.2164,108.23,1.7445,1.3272,1.2758
2003-12-12,1.2284,107.73,1.7466,1.315,1.2628
2003-12-15,1.229,107.52,1.745,1.3129,1.2635
2003-12-16,1.2328,107.6,1.751,1.3185,1.2595
2003-12-17,1.2381,107.42,1.7615,1.325,1.2553
2003-12-18,1.2376,107.92,1.7673,1.3295,1.2555
2003-12-19,1.238,107.94,1.7675,1.3405,1.2565
2003-12-22,1.2415,107.4,1.7635,1.332,1.254
2003-12-23,1.2406,107.44,1.765,1.3244,1.2583
2003-12-24,1.2464,107.29,1.7748,1.3109,1.2466
2003-12-26,1.2441,107.18,1.7725,1.3067,1.2523
2003-12-29,1.2485,106.93,1.7705,1.3103,1.2493
2003-12-30,1.2521,107.0,1.7786,1.3036,1.2452
2003-12-31,1.2597,107.13,1.7842,1.2923,1.238
2004-01-02,1.2592,106.95,1.7902,1.29,1.239
2004-01-05,1.2679,106.1,1.8085,1.2803,1.2322
2004-01-06,1.2773,106.2,1.8245,1.2824,1.2272
2004-01-07,1.2665,106.19,1.8193,1.2884,1.2385
2004-01-08,1.2772,106.17,1.8338,1.279,1.2253
2004-01-09,1.2853,106.54,1.8472,1.269,1.219
2004-01-12,1.2802,106.48,1.8511,1.2735,1.2225
2004-01-13,1.2735,106.25,1.8432,1.2729,1.2262
2004-01-14,1.2726,106.06,1.8409,1.2866,1.2268
2004-01-15,1.2588,106.1,1.8205,1.299,1.2422
2004-01-16,1.2395,106.87,1.7996,1.2975,1.2659
2004-01-20,1.2584,107.17,1.8187,1.2861,1.2468
2004-01-21,1.2617,106.84,1.8295,1.3018,1.2426
2004-01-22,1.2717,106.08,1.8446,1.297,1.2338
2004-01-23,1.261,106.21,1.8203,1.3115,1.243
2004-01-26,1.2552,106.15,1.82,1.313,1.2484
2004-01-27,1.2643,105.56,1.8277,1.3048,1.2389
2004-01-28,1.262,105.52,1.837,1.3218,1.243
2004-01-29,1.2389,106.09,1.8112,1.334,1.2621
2004-01-30,1.2452,105.84,1.8215,1.3265,1.2593
2004-02-02,1.2426,105.59,1.8182,1.3385,1.2628
2004-02-03,1.2561,105.36,1.838,1.3374,1.2478
2004-02-04,1.2552,105.53,1.8335,1.333,1.2497
2004-02-05,1.2606,105.52,1.8378,1.3318,1.2443
2004-02-06,1.2694,105.57,1.8459,1.3297,1.2343
2004-02-09,1.2672,105.68,1.858,1.3304,1.2373
2004-02-10,1.2727,105.55,1.8697,1.3289,1.2331
2004-02-11,1.2815,105.37,1.885,1.3178,1.2293
2004-02-12,1.2807,105.42,1.891,1.3188,1.2305
2004-02-13,1.2751,105.6,1.883,1.3148,1.2372
2004-02-17,1.2848,105.8,1.9045,1.3108,1.2269
2004-02-18,1.2812,106.37,1.9023,1.3182,1.2299
2004-02-19,1.2685,107.09,1.8921,1.3283,1.2426
2004-02-20,1.2563,108.83,1.8668,1.3442,1.2572
2004-02-23,1.2569,108.22,1.8686,1.3363,1.2555
2004-02-24,1.2692,108.11,1.8901,1.3283,1.2401
2004-02-25,1.2503,108.99,1.8757,1.337,1.2587
2004-02-26,1.2444,109.59,1.8609,1.3433,1.2662
2004-02-27,1.2441,109.26,1.8575,1.3405,1.268
2004-03-01,1.2431,108.93,1.868,1.3395,1.2703
2004-03-02,1.2212,110.27,1.8386,1.3437,1.2963
2004-03-03,1.2088,110.25,1.8192,1.348,1.3038
2004-03-04,1.2225,110.74,1.825,1.3326,1.2902
2004-03-05,1.2401,111.42,1.8428,1.3191,1.2726
2004-03-08,1.2371,112.12,1.8471,1.3235,1.2788
2004-03-09,1.2428,111.2,1.8395,1.3188,1.2707
2004-03-10,1.2226,111.04,1.8,1.3275,1.29
2004-03-11,1.2268,110.89,1.8008,1.3228,1.2784
2004-03-12,1.2191,110.82,1.7943,1.3385,1.2865
2004-03-15,1.2243,110.48,1.7993,1.3322,1.2785
2004-03-16,1.227,108.95,1.8105,1.3333,1.28
2004-03-17,1.2197,108.18,1.8132,1.3419,1.2836
2004-03-18,1.2392,106.6,1.8363,1.329,1.2572
2004-03-19,1.2269,106.97,1.827,1.331,1.271
2004-03-22,1.2368,106.84,1.8485,1.328,1.256
2004-03-23,1.2311,106.63,1.8502,1.332,1.2603
2004-03-24,1.2213,106.23,1.8351,1.3385,1.268
2004-03-25,1.217,106.06,1.8099,1.3303,1.275
2004-03-26,1.2092,105.93,1.8104,1.3194,1.2878
2004-03-29,1.2141,105.52,1.8163,1.3097,1.2872
2004-03-30,1.2202,105.61,1.8283,1.308,1.279
2004-03-31,1.2292,104.18,1.84,1.31,1.2677
2004-04-01,1.2358,103.7,1.8564,1.3101,1.2627
2004-04-02,1.2109,104.55,1.8293,1.314,1.2932
2004-04-05,1.2008,105.36,1.814,1.3152,1.3049
2004-04-06,1.2089,105.9,1.8374,1.3095,1.2928
2004-04-07,1.2171,105.2,1.841,1.313,1.2769
2004-04-08,1.2088,106.1,1.8325,1.326,1.2829
2004-04-09,1.2102,106.45,1.8322,1.3292,1.2819
2004-04-12,1.2068,105.5,1.8358,1.3377,1.284
2004-04-13,1.1923,106.96,1.816,1.3363,1.3025
2004-04-14,1.194,108.53,1.7902,1.3445,1.2992
2004-04-15,1.1914,108.58,1.7785,1.3485,1.3036
2004-04-16,1.2025,107.69,1.8004,1.3445,1.2912
2004-04-19,1.2019,108.5,1.8055,1.3467,1.2908
2004-04-20,1.191,108.43,1.7914,1.3534,1.308
2004-04-21,1.1853,109.55,1.772,1.359,1.312
2004-04-22,1.1861,109.85,1.7684,1.359,1.3136
2004-04-23,1.1802,109.38,1.7674,1.3612,1.3202
2004-04-26,1.1851,108.55,1.7857,1.3559,1.3111
2004-04-27,1.1927,109.48,1.7925,1.3517,1.2968
2004-04-28,1.183,109.85,1.772,1.3672,1.3095
2004-04-29,1.1945,109.96,1.7751,1.3697,1.2951
2004-04-30,1.1975,110.37,1.7744,1.3711,1.2984
2004-05-03,1.1937,110.34,1.772,1.374,1.301
2004-05-04,1.2076,110.02,1.7907,1.3702,1.283
2004-05-05,1.2165,108.5,1.7932,1.3725,1.2745
2004-05-06,1.209,109.58,1.7941,1.3784,1.2833
2004-05-07,1.1885,112.3,1.7842,1.3858,1.302
2004-05-10,1.1834,114.03,1.7723,1.3934,1.303
2004-05-11,1.1818,113.67,1.7544,1.3866,1.3045
2004-05-12,1.1911,113.21,1.7743,1.3878,1.289
2004-05-13,1.1801,114.25,1.7584,1.397,1.3076
2004-05-14,1.1874,114.3,1.7572,1.3928,1.3005
2004-05-17,1.2009,114.1,1.7695,1.3855,1.279
2004-05-18,1.1971,114.06,1.7695,1.3913,1.2824
2004-05-19,1.2015,112.77,1.7827,1.3769,1.2778
2004-05-20,1.1926,113.18,1.771,1.3705,1.288
2004-05-21,1.2009,112.09,1.788,1.3734,1.2797
2004-05-24,1.1978,112.66,1.7908,1.3697,1.2821
2004-05-25,1.2107,112.21,1.8135,1.3763,1.269
2004-05-26,1.2102,111.7,1.8142,1.3705,1.2724
2004-05-27,1.2274,110.77,1.8369,1.358,1.246
2004-05-28,1.2217,110.18,1.833,1.3666,1.2533
2004-06-01,1.221,110.45,1.8359,1.3687,1.251
2004-06-02,1.225,110.28,1.8381,1.3618,1.2459
2004-06-03,1.2205,111.14,1.8387,1.3606,1.252
2004-06-04,1.2258,111.27,1.8367,1.3505,1.244
2004-06-07,1.232,109.61,1.8386,1.345,1.2371
2004-06-08,1.2273,109.77,1.8361,1.3468,1.2373
2004-06-09,1.2097,109.74,1.8292,1.3541,1.2526
2004-06-10,1.211,109.33,1.838,1.3572,1.2442
2004-06-11,1.2011,110.09,1.8175,1.3656,1.2597
2004-06-14,1.2073,111.15,1.8148,1.3682,1.257
2004-06-15,1.2139,109.59,1.8278,1.3699,1.2504
2004-06-16,1.2006,110.15,1.8262,1.3772,1.2678
2004-06-17,1.204,109.63,1.8341,1.3752,1.2565
2004-06-18,1.2118,108.65,1.8368,1.3645,1.2443
2004-06-21,1.211,108.57,1.831,1.364,1.2469
2004-06-22,1.2092,109.0,1.8217,1.3592,1.251
2004-06-23,1.209,108.64,1.8184,1.3614,1.2536
2004-06-24,1.217,107.1,1.8216,1.343,1.2425
2004-06-25,1.2145,107.82,1.8218,1.3489,1.2504
2004-06-28,1.2193,107.95,1.8294,1.3435,1.2482
2004-06-29,1.2124,108.18,1.809,1.3465,1.2615
2004-06-30,1.2179,109.43,1.8126,1.3407,1.252
2004-07-01,1.2158,108.24,1.816,1.3325,1.2509
2004-07-02,1.2307,108.6,1.83,1.3254,1.2336
2004-07-06,1.229,109.24,1.8423,1.3261,1.2345
2004-07-07,1.2384,108.38,1.8571,1.3196,1.2264
2004-07-08,1.239,108.76,1.8566,1.3164,1.2247
2004-07-09,1.2388,108.21,1.8555,1.3207,1.2258
2004-07-12,1.2409,108.24,1.864,1.3188,1.2243
2004-07-13,1.2302,109.37,1.854,1.3259,1.2391
2004-07-14,1.2385,109.13,1.8564,1.3225,1.2288
2004-07-15,1.2373,109.52,1.8545,1.324,1.234
2004-07-16,1.2437,108.77,1.8708,1.3092,1.2267
2004-07-19,1.2431,108.28,1.8734,1.3082,1.2281
2004-07-20,1.2377,108.38,1.8556,1.3099,1.2381
2004-07-21,1.2224,110.1,1.8354,1.3242,1.2549
2004-07-22,1.2273,109.68,1.847,1.3136,1.2461
2004-07-23,1.2122,110.11,1.8321,1.3219,1.2632
2004-07-26,1.2135,110.08,1.8393,1.332,1.2634
2004-07-27,1.2056,111.09,1.8219,1.3353,1.275
2004-07-28,1.2046,111.78,1.8222,1.3309,1.2761
2004-07-29,1.207,111.88,1.8174,1.3259,1.2754
2004-07-30,1.2032,111.39,1.8183,1.3296,1.2796
2004-08-02,1.2034,111.08,1.8273,1.3314,1.2784
2004-08-03,1.2051,110.6,1.8243,1.3185,1.2789
2004-08-04,1.2057,111.29,1.8248,1.3152,1.2748
2004-08-05,1.205,111.53,1.8231,1.3178,1.2764
2004-08-06,1.2272,110.05,1.8459,1.31,1.2515
2004-08-09,1.2261,110.57,1.8403,1.3165,1.2549
2004-08-10,1.2306,110.79,1.8387,1.3139,1.2528
2004-08-11,1.2222,110.78,1.828,1.324,1.2605
2004-08-12,1.2224,111.14,1.821,1.3323,1.2587
2004-08-13,1.2354,110.67,1.8432,1.3092,1.2405
2004-08-16,1.2333,110.64,1.8392,1.3076,1.2438
2004-08-17,1.2329,110.07,1.8288,1.308,1.2471
2004-08-18,1.2299,109.71,1.8225,1.3074,1.2496
2004-08-19,1.2368,109.34,1.8313,1.2964,1.242
2004-08-20,1.2324,109.32,1.8213,1.298,1.2489
2004-08-23,1.2196,109.47,1.8143,1.3065,1.265
2004-08-24,1.2099,109.63,1.7935,1.3048,1.2725
2004-08-25,1.209,110.38,1.7965,1.3047,1.2734
2004-08-26,1.2084,109.73,1.7939,1.3123,1.2746
2004-08-27,1.2025,109.51,1.7921,1.3104,1.283
2004-08-30,1.2049,109.84,1.7925,1.3174,1.279
2004-08-31,1.2183,109.0,1.8031,1.3166,1.2641
2004-09-01,1.2179,109.62,1.794,1.3071,1.2615
2004-09-02,1.2164,109.52,1.7916,1.2995,1.2615
2004-09-03,1.2052,110.47,1.7759,1.3005,1.2713
2004-09-07,1.2093,109.32,1.7733,1.2882,1.2701
2004-09-08,1.2164,109.22,1.7882,1.2905,1.2624
2004-09-09,1.2189,109.69,1.7853,1.2878,1.264
2004-09-10,1.2282,109.33,1.7979,1.288,1.256
2004-09-13,1.2251,110.13,1.7956,1.3,1.2593
2004-09-14,1.2268,109.4,1.8001,1.292,1.2581
2004-09-15,1.2144,110.34,1.7772,1.2987,1.2704
2004-09-16,1.2154,109.75,1.7909,1.2914,1.2713
2004-09-17,1.2174,109.97,1.7921,1.3002,1.2706
2004-09-20,1.2172,109.87,1.788,1.2944,1.2729
2004-09-21,1.2264,109.94,1.7946,1.2886,1.2595
2004-09-22,1.2261,110.53,1.7949,1.2816,1.2608
2004-09-23,1.2298,110.39,1.8003,1.2782,1.2584
2004-09-24,1.2256,110.72,1.8031,1.2763,1.2638
2004-09-27,1.2307,111.13,1.8076,1.2738,1.2589
2004-09-28,1.2306,111.48,1.8105,1.2754,1.2613
2004-09-29,1.2308,110.9,1.797,1.273,1.262
2004-09-30,1.2417,110.2,1.809,1.2648,1.2471
2004-10-01,1.24,110.45,1.7976,1.2629,1.2496
2004-10-04,1.2274,111.13,1.7827,1.2726,1.2663
2004-10-05,1.2316,111.21,1.7828,1.2625,1.262
2004-10-06,1.2298,111.34,1.779,1.2592,1.2638
2004-10-07,1.2286,111.15,1.7822,1.2577,1.2645
2004-10-08,1.2418,109.44,1.7935,1.2512,1.2488
2004-10-12,1.232,109.79,1.7879,1.2575,1.2564
2004-10-13,1.2271,109.78,1.789,1.264,1.26
2004-10-14,1.2393,109.6,1.7972,1.2528,1.2452
2004-10-15,1.2478,109.14,1.8048,1.252,1.2327
2004-10-18,1.252,109.23,1.801,1.255,1.2296
2004-10-19,1.2515,108.36,1.8039,1.2542,1.2298
2004-10-20,1.2627,108.16,1.8187,1.2432,1.2181
2004-10-21,1.2622,107.43,1.8297,1.2426,1.2168
2004-10-22,1.2639,107.42,1.8277,1.2379,1.2163
2004-10-25,1.2783,106.61,1.8404,1.2232,1.1982
2004-10-26,1.2758,106.63,1.8369,1.2246,1.2015
2004-10-27,1.2725,106.67,1.8323,1.2253,1.2053
2004-10-28,1.2759,106.09,1.832,1.2194,1.1962
2004-10-29,1.2746,106.04,1.8345,1.2209,1.1988
2004-11-01,1.2741,106.41,1.8323,1.2229,1.2028
2004-11-02,1.2703,106.29,1.8385,1.2263,1.2075
2004-11-03,1.2787,106.2,1.8445,1.2121,1.1968
2004-11-04,1.2883,106.02,1.844,1.2053,1.1858
2004-11-05,1.2938,105.6,1.8542,1.1981,1.1806
2004-11-08,1.2936,105.57,1.8564,1.1925,1.1798
2004-11-09,1.293,105.57,1.8589,1.195,1.1808
2004-11-10,1.2925,106.91,1.8476,1.1977,1.1792
2004-11-12,1.2973,105.53,1.8552,1.1919,1.1728
2004-11-15,1.2944,105.53,1.848,1.2032,1.1787
2004-11-16,1.2979,105.35,1.8544,1.1932,1.1743
2004-11-17,1.3031,104.18,1.858,1.1925,1.165
2004-11-18,1.2982,104.23,1.8514,1.207,1.1691
2004-11-19,1.3059,102.8,1.86,1.1928,1.1585
2004-11-22,1.3048,103.2,1.859,1.1848,1.1624
2004-11-23,1.309,103.42,1.8713,1.1865,1.1581
2004-11-24,1.3162,102.94,1.8813,1.1813,1.1495
2004-11-26,1.3288,102.58,1.8965,1.1775,1.1389
2004-11-29,1.3286,102.61,1.8948,1.1846,1.1401
2004-11-30,1.3259,103.04,1.9073,1.1902,1.1421
2004-12-01,1.3308,102.78,1.9297,1.1856,1.144
2004-12-02,1.3268,103.11,1.9225,1.1899,1.1512
2004-12-03,1.339,102.56,1.9375,1.1976,1.1391
2004-12-06,1.3431,102.68,1.9423,1.2012,1.1381
2004-12-07,1.3437,102.74,1.9459,1.2088,1.1385
2004-12-08,1.3252,104.74,1.9283,1.2248,1.1585
2004-12-09,1.3274,104.93,1.9185,1.2253,1.1545
2004-12-10,1.3224,105.45,1.9134,1.2273,1.1613
2004-12-13,1.3309,104.67,1.9235,1.2286,1.1534
2004-12-14,1.328,105.59,1.9239,1.2377,1.1566
2004-12-15,1.3429,104.02,1.9446,1.2229,1.1393
2004-12-16,1.3287,104.36,1.9375,1.2363,1.1555
2004-12-17,1.3295,104.28,1.939,1.2257,1.1571
2004-12-20,1.3396,104.01,1.9482,1.2297,1.1482
2004-12-21,1.3377,104.33,1.9263,1.2271,1.1526
2004-12-22,1.339,103.95,1.9125,1.2401,1.1525
2004-12-23,1.3491,103.71,1.9193,1.2358,1.1444
2004-12-24,1.3536,103.65,1.9236,1.2291,1.1423
2004-12-27,1.3625,102.97,1.9369,1.216,1.1351
2004-12-28,1.3621,103.13,1.9316,1.2185,1.1338
2004-12-29,1.3568,104.19,1.9157,1.2165,1.137
2004-12-30,1.3623,103.11,1.922,1.2064,1.1342
2004-12-31,1.3538,102.68,1.916,1.2034,1.1412
2005-01-03,1.3476,102.83,1.9058,1.2108,1.1466
2005-01-04,1.3295,104.27,1.8834,1.2248,1.1674
2005-01-05,1.3292,103.95,1.8875,1.2236,1.1673
2005-01-06,1.3187,104.87,1.8751,1.2371,1.1733
2005-01-07,1.3062,104.93,1.8702,1.2333,1.1859
2005-01-10,1.3109,104.32,1.8751,1.2194,1.1792
2005-01-11,1.3161,103.42,1.8796,1.2142,1.1758
2005-01-12,1.3281,102.26,1.8932,1.1982,1.1649
2005-01-13,1.3207,102.55,1.8832,1.2005,1.1726
2005-01-14,1.3106,102.5,1.8695,1.2188,1.1821
2005-01-18,1.3043,102.36,1.8693,1.2217,1.1839
2005-01-19,1.3036,102.52,1.8742,1.2268,1.1833
2005-01-20,1.2959,103.31,1.872,1.2334,1.1904
2005-01-21,1.3049,102.85,1.874,1.2211,1.1853
2005-01-24,1.3041,102.67,1.8778,1.2258,1.1856
2005-01-25,1.2954,104.16,1.8647,1.2381,1.196
2005-01-26,1.3081,102.9,1.8833,1.2307,1.1828
2005-01-27,1.3032,103.15,1.8866,1.2366,1.1859
2005-01-28,1.3033,103.45,1.885,1.2422,1.1876
2005-01-31,1.3049,103.55,1.885,1.2396,1.1877
2005-02-01,1.3017,103.93,1.8792,1.2405,1.1937
2005-02-02,1.3015,104.05,1.8826,1.2408,1.1949
2005-02-03,1.2959,104.55,1.8805,1.2424,1.2029
2005-02-04,1.2927,103.7,1.885,1.2495,1.2059
2005-02-07,1.2773,104.68,1.8607,1.2562,1.2222
2005-02-08,1.2783,105.65,1.857,1.2476,1.2203
2005-02-09,1.2797,105.84,1.8582,1.2511,1.217
2005-02-10,1.2882,105.69,1.8708,1.2406,1.2087
2005-02-11,1.2864,105.75,1.866,1.238,1.2095
2005-02-14,1.2981,104.94,1.8917,1.2342,1.1975
2005-02-15,1.2986,104.47,1.8894,1.2336,1.1938
2005-02-16,1.2994,105.62,1.878,1.2421,1.1911
2005-02-17,1.3083,105.4,1.895,1.231,1.1825
2005-02-18,1.3075,105.69,1.8949,1.2294,1.1822
2005-02-22,1.323,104.15,1.9092,1.2301,1.1617
2005-02-23,1.3208,104.96,1.9066,1.2402,1.1638
2005-02-24,1.3205,105.41,1.9104,1.2435,1.1691
2005-02-25,1.3195,105.21,1.9149,1.2407,1.1686
2005-02-28,1.3274,104.25,1.9249,1.2295,1.1585
2005-03-01,1.3189,104.37,1.9206,1.2425,1.1654
2005-03-02,1.3127,104.71,1.9124,1.2395,1.1755
2005-03-03,1.313,105.02,1.9098,1.2463,1.1787
2005-03-04,1.3244,104.46,1.9243,1.2324,1.168
2005-03-07,1.3203,105.22,1.9159,1.23,1.1757
2005-03-08,1.3342,104.51,1.9292,1.2163,1.1607
2005-03-09,1.3384,103.87,1.9239,1.2064,1.1608
2005-03-10,1.3409,104.15,1.9233,1.205,1.1546
2005-03-11,1.3465,103.93,1.9261,1.2041,1.1501
2005-03-14,1.3346,105.01,1.9116,1.2087,1.1621
2005-03-15,1.3315,104.54,1.9134,1.2064,1.1651
2005-03-16,1.3423,104.1,1.9264,1.2038,1.1522
2005-03-17,1.3373,104.57,1.924,1.2028,1.1563
2005-03-18,1.3311,104.7,1.9192,1.2027,1.1649
2005-03-21,1.3165,105.1,1.8974,1.211,1.1785
2005-03-22,1.321,104.99,1.8997,1.2017,1.1757
2005-03-23,1.3005,105.76,1.8712,1.2133,1.1953
2005-03-24,1.2957,106.26,1.8709,1.215,1.199
2005-03-25,1.2954,106.32,1.8684,1.218,1.1998
2005-03-28,1.2877,107.22,1.8657,1.2234,1.206
2005-03-29,1.2913,107.49,1.8752,1.2135,1.2034
2005-03-30,1.2944,107.33,1.8816,1.2164,1.1964
2005-03-31,1.2969,107.22,1.8888,1.2094,1.1952
2005-04-01,1.2896,107.57,1.8789,1.2146,1.2042
2005-04-04,1.2838,108.28,1.8733,1.2202,1.2108
2005-04-05,1.2842,108.43,1.8773,1.2198,1.208
2005-04-06,1.2868,108.67,1.8787,1.2216,1.2061
2005-04-07,1.2906,108.44,1.8768,1.2205,1.2012
2005-04-08,1.2912,108.26,1.8824,1.2252,1.1985
2005-04-11,1.2972,107.79,1.8908,1.233,1.1935
2005-04-12,1.2873,108.26,1.8842,1.2408,1.2037
2005-04-13,1.2918,107.32,1.893,1.2365,1.2
2005-04-14,1.2819,108.18,1.8806,1.2417,1.2135
2005-04-15,1.2928,107.65,1.893,1.242,1.2011
2005-04-18,1.3037,107.39,1.9052,1.2482,1.1857
2005-04-19,1.3034,107.02,1.9165,1.2409,1.1843
2005-04-20,1.308,106.82,1.9197,1.2388,1.1797
2005-04-21,1.3093,106.85,1.9104,1.2384,1.1788
2005-04-22,1.3068,105.85,1.9151,1.2342,1.1821
2005-04-25,1.2984,105.67,1.9117,1.2372,1.1885
2005-04-26,1.2964,106.03,1.904,1.2462,1.1894
2005-04-27,1.2938,105.98,1.9047,1.2465,1.192
2005-04-28,1.2916,105.97,1.9097,1.2508,1.1918
2005-04-29,1.2919,104.64,1.9122,1.2568,1.1898
2005-05-02,1.2857,105.07,1.8959,1.2552,1.198
2005-05-03,1.2889,105.16,1.891,1.2541,1.1972
2005-05-04,1.2936,104.77,1.9,1.2502,1.1927
2005-05-05,1.2936,104.41,1.9048,1.2448,1.1969
2005-05-06,1.2832,104.93,1.892,1.2429,1.2058
2005-05-09,1.2839,105.54,1.8836,1.2377,1.2057
2005-05-10,1.2877,105.53,1.8828,1.2373,1.201
2005-05-11,1.2803,105.74,1.8735,1.2474,1.2067
2005-05-12,1.2706,106.68,1.865,1.2493,1.2152
2005-05-13,1.2645,107.14,1.853,1.2625,1.2227
2005-05-16,1.263,107.02,1.8368,1.2703,1.2223
2005-05-17,1.2644,107.15,1.8401,1.2664,1.2205
2005-05-18,1.266,107.05,1.8382,1.2618,1.2189
2005-05-19,1.2628,107.43,1.8367,1.2627,1.2235
2005-05-20,1.2553,108.17,1.8246,1.2627,1.2335
2005-05-23,1.2575,107.72,1.8288,1.2578,1.2311
2005-05-24,1.2588,107.46,1.8288,1.2612,1.2293
2005-05-25,1.2602,107.73,1.8312,1.2641,1.2264
2005-05-26,1.2517,107.95,1.8205,1.268,1.2359
2005-05-27,1.2568,107.88,1.8227,1.2585,1.2324
2005-05-31,1.2349,107.97,1.8231,1.2512,1.2447
2005-06-01,1.2232,108.42,1.812,1.2471,1.2529
2005-06-02,1.2266,108.31,1.8156,1.2473,1.2515
2005-06-03,1.2227,107.84,1.8119,1.2483,1.2545
2005-06-06,1.2268,106.86,1.8209,1.2447,1.2489
2005-06-07,1.2277,106.64,1.832,1.2471,1.2464
2005-06-08,1.232,106.89,1.8368,1.244,1.2456
2005-06-09,1.2216,107.52,1.8209,1.2549,1.2552
2005-06-10,1.2127,108.45,1.8128,1.2492,1.2688
2005-06-13,1.2035,109.58,1.8011,1.2578,1.2778
2005-06-14,1.2038,109.38,1.8062,1.2554,1.2776
2005-06-15,1.2106,109.34,1.8219,1.2397,1.271
2005-06-16,1.2089,109.08,1.8206,1.2376,1.2742
2005-06-17,1.224,108.83,1.8266,1.235,1.2631
2005-06-20,1.214,109.42,1.8231,1.2319,1.2722
2005-06-21,1.2134,108.52,1.824,1.231,1.2702
2005-06-22,1.213,108.89,1.8218,1.2351,1.2711
2005-06-23,1.2054,108.79,1.818,1.2311,1.2776
2005-06-24,1.2088,109.22,1.8221,1.2329,1.2749
2005-06-27,1.2152,109.39,1.8252,1.2307,1.2694
2005-06-28,1.2078,109.89,1.8157,1.231,1.2791
2005-06-29,1.2101,110.27,1.808,1.2263,1.2786
2005-06-30,1.2098,110.91,1.793,1.2256,1.2827
2005-07-01,1.1957,111.68,1.7708,1.2418,1.2965
2005-07-05,1.1917,111.61,1.757,1.2437,1.3036
2005-07-06,1.1918,112.07,1.7583,1.2365,1.3041
2005-07-07,1.1928,112.08,1.7418,1.2288,1.2978
2005-07-08,1.1934,112.17,1.736,1.2207,1.302
2005-07-11,1.2066,111.76,1.7563,1.2115,1.2886
2005-07-12,1.22,110.94,1.7753,1.2048,1.2754
2005-07-13,1.209,112.08,1.7554,1.2073,1.29
2005-07-14,1.2089,112.14,1.7585,1.2071,1.2899
2005-07-15,1.2037,112.32,1.7533,1.2206,1.2962
2005-07-18,1.2077,111.62,1.7523,1.2154,1.2916
2005-07-19,1.2001,112.95,1.7364,1.2186,1.3035
2005-07-20,1.2046,113.42,1.7303,1.2218,1.2971
2005-07-21,1.2113,110.47,1.7471,1.2177,1.2887
2005-07-22,1.2079,110.98,1.7413,1.218,1.2951
2005-07-25,1.2054,111.59,1.7455,1.2194,1.2965
2005-07-26,1.2007,112.3,1.7415,1.2291,1.3007
2005-07-27,1.2048,112.3,1.7438,1.2341,1.2986
2005-07-28,1.2121,112.34,1.7547,1.2345,1.288
2005-07-29,1.2129,112.25,1.7593,1.2257,1.287
2005-08-01,1.2195,112.12,1.7695,1.2136,1.278
2005-08-02,1.2209,111.28,1.7728,1.2122,1.2753
2005-08-03,1.2337,111.05,1.7808,1.2128,1.2616
2005-08-04,1.2383,111.17,1.7797,1.2119,1.2584
2005-08-05,1.2327,112.09,1.7748,1.2185,1.2663
2005-08-08,1.2361,111.87,1.7863,1.2132,1.2607
2005-08-09,1.2347,112.07,1.7844,1.214,1.2618
2005-08-10,1.2345,110.67,1.7922,1.2113,1.2608
2005-08-11,1.2434,109.92,1.8071,1.2025,1.2487
2005-08-12,1.2428,109.55,1.8148,1.1946,1.249
2005-08-15,1.2362,109.4,1.8088,1.1968,1.2553
2005-08-16,1.2342,109.37,1.8096,1.198,1.2573
2005-08-17,1.229,109.63,1.8076,1.207,1.2598
2005-08-18,1.2178,110.54,1.7949,1.2178,1.2705
2005-08-19,1.2147,110.68,1.7933,1.2152,1.2756
2005-08-22,1.2235,109.75,1.8022,1.204,1.2692
2005-08-23,1.2213,109.83,1.7996,1.1981,1.2722
2005-08-24,1.2239,110.35,1.7965,1.1956,1.2684
2005-08-25,1.2311,109.9,1.8045,1.1888,1.2556
2005-08-26,1.2324,109.85,1.8066,1.1949,1.2541
2005-08-29,1.2248,110.53,1.8006,1.1965,1.2642
2005-08-30,1.2204,111.49,1.784,1.1919,1.2703
2005-08-31,1.233,110.84,1.8012,1.1893,1.2546
2005-09-01,1.2447,110.16,1.8279,1.1855,1.24
2005-09-02,1.2538,109.66,1.8403,1.188,1.2287
2005-09-06,1.2483,109.67,1.842,1.1867,1.2366
2005-09-07,1.2439,110.06,1.8394,1.1855,1.2399
2005-09-08,1.24,110.49,1.8388,1.1822,1.2442
2005-09-09,1.2433,109.69,1.84,1.1749,1.2413
2005-09-12,1.2288,109.91,1.8236,1.1854,1.257
2005-09-13,1.2263,110.85,1.8214,1.18,1.2625
2005-09-14,1.2282,110.27,1.8244,1.1823,1.2579
2005-09-15,1.2216,110.48,1.8069,1.1863,1.2673
2005-09-16,1.2214,111.38,1.8035,1.1826,1.271
2005-09-19,1.2153,111.3,1.8041,1.1691,1.2761
2005-09-20,1.2177,111.54,1.8046,1.1704,1.2757
2005-09-21,1.2208,111.33,1.8097,1.1682,1.271
2005-09-22,1.2153,111.63,1.7917,1.1668,1.2787
2005-09-23,1.2077,112.17,1.7788,1.1713,1.2887
2005-09-26,1.2036,112.41,1.7746,1.177,1.2935
2005-09-27,1.2011,113.32,1.7677,1.1777,1.2967
2005-09-28,1.2016,113.27,1.7639,1.1782,1.2961
2005-09-29,1.202,113.14,1.762,1.1725,1.2964
2005-09-30,1.2058,113.29,1.7696,1.1607,1.289
2005-10-03,1.1914,114.17,1.7558,1.1657,1.3022
2005-10-04,1.1918,114.33,1.7587,1.172,1.3018
2005-10-05,1.1984,113.72,1.7655,1.1793,1.2923
2005-10-06,1.2133,113.54,1.7728,1.1815,1.2747
2005-10-07,1.2115,113.82,1.7599,1.1746,1.2796
2005-10-11,1.2015,114.21,1.7489,1.1754,1.288
2005-10-12,1.204,114.36,1.7532,1.1706,1.285
2005-10-13,1.1938,114.97,1.7484,1.1836,1.2984
2005-10-14,1.2073,114.03,1.7677,1.1854,1.2842
2005-10-17,1.204,114.86,1.7553,1.1801,1.291
2005-10-18,1.1939,115.71,1.7487,1.1802,1.302
2005-10-19,1.1988,115.47,1.7627,1.1776,1.2944
2005-10-20,1.1982,115.48,1.7712,1.1763,1.2915
2005-10-21,1.1958,115.93,1.7692,1.1842,1.2916
2005-10-24,1.1998,115.18,1.7711,1.1887,1.2857
2005-10-25,1.2099,114.78,1.7855,1.1768,1.2762
2005-10-26,1.2082,115.81,1.7766,1.1703,1.281
2005-10-27,1.2148,115.14,1.7836,1.1695,1.2731
2005-10-28,1.2089,115.52,1.7781,1.1769,1.2767
2005-10-31,1.1995,116.36,1.7689,1.1796,1.29
2005-11-01,1.1998,116.63,1.763,1.1765,1.2903
2005-11-02,1.2067,116.76,1.7755,1.1806,1.278
2005-11-03,1.1971,117.21,1.772,1.1817,1.2893
2005-11-04,1.1828,118.2,1.751,1.1815,1.3055
2005-11-07,1.1795,117.57,1.744,1.1898,1.3081
2005-11-08,1.1773,117.1,1.7415,1.1885,1.3102
2005-11-09,1.1748,117.51,1.7415,1.1857,1.3115
2005-11-10,1.174,118.05,1.7462,1.1876,1.31
2005-11-14,1.1667,118.88,1.7349,1.196,1.3202
2005-11-15,1.1695,118.93,1.7366,1.1942,1.3197
2005-11-16,1.1672,119.17,1.7166,1.1918,1.3255
2005-11-17,1.1706,118.81,1.719,1.1864,1.322
2005-11-18,1.1741,119.21,1.7147,1.1907,1.3188
2005-11-21,1.1734,119.03,1.7165,1.182,1.319
2005-11-22,1.1737,119.22,1.7138,1.1771,1.3195
2005-11-23,1.1799,118.76,1.7214,1.172,1.3144
2005-11-25,1.1724,119.65,1.7155,1.1691,1.3197
2005-11-28,1.1804,119.25,1.7221,1.1656,1.311
2005-11-29,1.1786,119.48,1.7203,1.1671,1.3133
2005-11-30,1.179,119.66,1.7321,1.167,1.3148
2005-12-01,1.1702,120.62,1.729,1.1682,1.321
2005-12-02,1.1699,120.77,1.7304,1.1627,1.3198
2005-12-05,1.1787,120.83,1.7397,1.1565,1.3083
2005-12-06,1.1784,120.82,1.7402,1.1563,1.3066
2005-12-07,1.1722,120.93,1.735,1.1582,1.3134
2005-12-08,1.183,120.27,1.7514,1.1572,1.2997
2005-12-09,1.1824,120.54,1.7554,1.158,1.3024
2005-12-12,1.1969,119.9,1.774,1.1507,1.288
2005-12-13,1.1926,120.11,1.7674,1.1516,1.2952
2005-12-14,1.2041,116.81,1.7739,1.1531,1.2788
2005-12-15,1.1965,116.55,1.7648,1.158,1.2889
2005-12-16,1.2012,115.78,1.7716,1.156,1.2897
2005-12-19,1.1996,116.01,1.7641,1.1633,1.2932
2005-12-20,1.1848,117.01,1.7544,1.1733,1.311
2005-12-21,1.1816,117.4,1.7402,1.1691,1.3153
2005-12-22,1.1883,116.55,1.7395,1.1665,1.3103
2005-12-23,1.1857,116.38,1.7326,1.1654,1.314
2005-12-27,1.1856,117.07,1.7308,1.1736,1.3142
2005-12-28,1.1875,117.62,1.7226,1.1636,1.3129
2005-12-29,1.1846,117.86,1.7261,1.1642,1.3143
2005-12-30,1.1842,117.88,1.7188,1.1656,1.3148
2006-01-03,1.198,116.34,1.7404,1.1565,1.2938
2006-01-04,1.2091,116.31,1.7588,1.1515,1.2801
2006-01-05,1.2101,115.96,1.7566,1.1619,1.277
2006-01-06,1.2148,114.45,1.7697,1.165,1.2695
2006-01-09,1.2064,114.66,1.7645,1.1691,1.2794
2006-01-10,1.2063,114.64,1.7645,1.1628,1.2805
2006-01-11,1.2135,113.96,1.7643,1.1579,1.2734
2006-01-12,1.2035,114.31,1.7612,1.1624,1.2859
2006-01-13,1.2103,114.43,1.7715,1.1612,1.2799
2006-01-17,1.2073,115.83,1.7628,1.1642,1.2833
2006-01-18,1.2083,115.35,1.7622,1.1726,1.2823
2006-01-19,1.211,115.07,1.7618,1.1662,1.2822
2006-01-20,1.2101,115.42,1.7663,1.1531,1.2826
2006-01-23,1.2276,114.67,1.7842,1.1511,1.2605
2006-01-24,1.2287,114.54,1.7885,1.1547,1.2595
2006-01-25,1.2252,115.73,1.7874,1.148,1.2636
2006-01-26,1.2229,116.27,1.783,1.1502,1.2684
2006-01-27,1.213,117.16,1.7733,1.147,1.2798
2006-01-30,1.2091,117.55,1.7688,1.1443,1.2864
2006-01-31,1.2158,116.88,1.782,1.1436,1.2784
2006-02-01,1.2092,117.85,1.7781,1.1401,1.2841
2006-02-02,1.21,118.26,1.7807,1.1432,1.2845
2006-02-03,1.2021,118.95,1.7626,1.147,1.2944
2006-02-06,1.1971,118.94,1.7462,1.1455,1.3011
2006-02-07,1.1974,118.01,1.7444,1.149,1.2982
2006-02-08,1.1935,118.69,1.7405,1.1535,1.3032
2006-02-09,1.1963,118.66,1.7411,1.1455,1.301
2006-02-10,1.192,117.64,1.7454,1.1543,1.3049
2006-02-13,1.1905,117.63,1.7438,1.1548,1.3074
2006-02-14,1.1895,117.43,1.7343,1.1546,1.3097
2006-02-15,1.1884,117.93,1.7401,1.1541,1.3107
2006-02-16,1.1882,117.91,1.7354,1.1577,1.3127
2006-02-17,1.1906,118.43,1.7403,1.1522,1.3123
2006-02-21,1.1912,118.85,1.7447,1.1464,1.3082
2006-02-22,1.1905,118.51,1.7425,1.1482,1.3114
2006-02-23,1.1923,117.0,1.7522,1.1512,1.3083
2006-02-24,1.1882,116.87,1.7448,1.152,1.3158
2006-02-27,1.186,115.97,1.7409,1.1418,1.3201
2006-02-28,1.1925,115.82,1.7539,1.1379,1.3111
2006-03-01,1.1899,116.18,1.7473,1.1365,1.3165
2006-03-02,1.2003,116.07,1.7493,1.132,1.3041
2006-03-03,1.2028,116.46,1.7531,1.1352,1.299
2006-03-06,1.2002,117.46,1.7492,1.1401,1.3002
2006-03-07,1.1888,117.76,1.7362,1.1468,1.3126
2006-03-08,1.1914,117.9,1.7359,1.1575,1.3088
2006-03-09,1.192,117.96,1.7366,1.1593,1.3136
2006-03-10,1.1886,119.07,1.7256,1.1605,1.3201
2006-03-13,1.1942,119.01,1.731,1.1616,1.3141
2006-03-14,1.2025,117.36,1.7479,1.1548,1.3008
2006-03-15,1.2045,117.3,1.746,1.1553,1.2999
2006-03-16,1.2151,117.13,1.7552,1.154,1.2931
2006-03-17,1.2197,115.89,1.7567,1.1587,1.2893
2006-03-20,1.2168,116.25,1.7563,1.1627,1.2911
2006-03-21,1.2079,117.23,1.7459,1.1647,1.3038
2006-03-22,1.2095,116.72,1.7483,1.1651,1.3024
2006-03-23,1.1984,117.6,1.7367,1.1657,1.3159
2006-03-24,1.2034,117.5,1.7427,1.1675,1.3099
2006-03-27,1.2015,116.62,1.747,1.1685,1.3092
2006-03-28,1.2078,117.23,1.7497,1.1696,1.3005
2006-03-29,1.203,117.8,1.7356,1.1722,1.3091
2006-03-30,1.2132,117.41,1.7448,1.1628,1.2989
2006-03-31,1.2139,117.48,1.7393,1.167,1.3025
2006-04-03,1.2124,117.82,1.7389,1.1718,1.3044
2006-04-04,1.2258,117.44,1.7559,1.1662,1.2898
2006-04-05,1.2272,117.59,1.7497,1.1619,1.2857
2006-04-06,1.2216,117.72,1.7504,1.1532,1.2913
2006-04-07,1.2109,118.31,1.7407,1.1464,1.3029
2006-04-10,1.2091,118.66,1.7405,1.1466,1.3043
2006-04-11,1.2125,118.61,1.7467,1.1457,1.2997
2006-04-12,1.2107,118.47,1.7508,1.1479,1.2995
2006-04-13,1.2107,118.42,1.7529,1.1514,1.2979
2006-04-14,1.2106,118.65,1.751,1.1513,1.299
2006-04-17,1.2267,117.68,1.7716,1.1452,1.2776
2006-04-18,1.2274,117.75,1.7762,1.1421,1.2759
2006-04-19,1.2345,117.58,1.7895,1.1367,1.2705
2006-04-20,1.2326,117.49,1.7801,1.1386,1.2776
2006-04-21,1.234,116.91,1.7817,1.1372,1.2751
2006-04-24,1.2373,114.93,1.7839,1.1373,1.2701
2006-04-25,1.2412,114.83,1.7876,1.1317,1.2687
2006-04-26,1.2464,114.72,1.7897,1.1271,1.2675
2006-04-27,1.2525,114.02,1.8011,1.1235,1.2611
2006-04-28,1.2624,113.79,1.822,1.1203,1.2411
2006-05-01,1.2607,113.06,1.8286,1.113,1.2386
2006-05-02,1.2644,113.26,1.8397,1.1069,1.2345
2006-05-03,1.2639,113.44,1.8446,1.1072,1.2351
2006-05-04,1.2684,113.46,1.8485,1.1066,1.2297
2006-05-05,1.2733,112.45,1.8588,1.1071,1.2257
2006-05-08,1.272,111.55,1.8584,1.1116,1.2276
2006-05-09,1.2747,111.31,1.8632,1.1022,1.2223
2006-05-10,1.2799,110.55,1.8648,1.1005,1.2186
2006-05-11,1.2855,110.26,1.8842,1.0989,1.2106
2006-05-12,1.2888,110.49,1.8911,1.1085,1.202
2006-05-15,1.2826,110.21,1.8836,1.1142,1.2087
2006-05-16,1.2817,110.07,1.8819,1.1112,1.2118
2006-05-17,1.2722,110.6,1.882,1.1116,1.2178
2006-05-18,1.2795,110.89,1.8878,1.1209,1.2123
2006-05-19,1.275,111.76,1.8755,1.1232,1.2182
2006-05-22,1.285,111.62,1.8861,1.1194,1.2049
2006-05-23,1.2844,111.35,1.8809,1.1174,1.2083
2006-05-24,1.2747,112.8,1.8678,1.1228,1.2188
2006-05-25,1.2777,111.92,1.8719,1.1072,1.2184
2006-05-26,1.2739,112.58,1.8566,1.1072,1.2265
2006-05-30,1.2868,112.18,1.8825,1.0995,1.211
2006-05-31,1.2833,112.26,1.8732,1.1027,1.2159
2006-06-01,1.2824,112.43,1.8686,1.1003,1.2197
2006-06-02,1.2912,111.66,1.8817,1.1001,1.2083
2006-06-05,1.2953,111.7,1.8786,1.1011,1.2027
2006-06-06,1.2828,113.26,1.8608,1.115,1.2155
2006-06-07,1.2799,113.35,1.8585,1.1117,1.2208
2006-06-08,1.2648,114.22,1.8425,1.1233,1.233
2006-06-09,1.2636,113.89,1.8426,1.1071,1.2322
2006-06-12,1.2587,114.17,1.844,1.0991,1.2345
2006-06-13,1.2574,115.06,1.8398,1.1077,1.2356
2006-06-14,1.2631,114.85,1.8491,1.1121,1.2271
2006-06-15,1.2616,115.06,1.8477,1.1172,1.2317
2006-06-16,1.2623,115.12,1.8484,1.1223,1.2326
2006-06-19,1.2577,115.26,1.8401,1.1232,1.2413
2006-06-20,1.2568,115.02,1.8399,1.1163,1.2402
2006-06-21,1.2665,114.76,1.846,1.1042,1.2329
2006-06-22,1.2582,115.94,1.8306,1.1175,1.2421
2006-06-23,1.2522,116.26,1.8204,1.1241,1.2469
2006-06-26,1.2554,116.38,1.819,1.1241,1.2455
2006-06-27,1.2589,116.26,1.8237,1.121,1.2424
2006-06-28,1.2532,116.42,1.8159,1.124,1.2479
2006-06-29,1.2534,116.17,1.8108,1.1156,1.249
2006-06-30,1.2779,114.51,1.8491,1.115,1.2247
2006-07-03,1.2793,114.92,1.841,1.1112,1.2253
2006-07-05,1.2726,115.65,1.8342,1.1115,1.2336
2006-07-06,1.2757,115.18,1.8376,1.1116,1.2299
2006-07-07,1.2822,113.98,1.8513,1.1132,1.2223
2006-07-10,1.2751,113.97,1.842,1.1246,1.2294
2006-07-11,1.2754,114.15,1.8431,1.1339,1.2286
2006-07-12,1.2706,115.41,1.8347,1.1353,1.2344
2006-07-13,1.2673,115.45,1.8404,1.1319,1.2326
2006-07-14,1.2641,116.33,1.8364,1.1274,1.2358
2006-07-17,1.2529,117.08,1.8203,1.1322,1.2476
2006-07-18,1.25,117.44,1.8271,1.1335,1.2529
2006-07-19,1.256,117.08,1.8377,1.1353,1.2497
2006-07-20,1.2639,116.83,1.8495,1.1344,1.2435
2006-07-21,1.2684,116.34,1.8586,1.1373,1.2373
2006-07-24,1.263,116.65,1.8492,1.1414,1.2464
2006-07-25,1.2576,117.3,1.8407,1.1415,1.2534
2006-07-26,1.2628,116.85,1.8474,1.1375,1.2488
2006-07-27,1.2732,115.55,1.8627,1.1346,1.2354
2006-07-28,1.2748,114.74,1.8645,1.1297,1.2333
2006-07-31,1.2764,114.44,1.8685,1.1309,1.2311
2006-08-01,1.2778,114.96,1.8711,1.1312,1.2317
2006-08-02,1.2798,114.54,1.8781,1.1258,1.2293
2006-08-03,1.2779,115.27,1.8847,1.1262,1.2332
2006-08-04,1.2894,114.21,1.9098,1.1269,1.2209
2006-08-07,1.2867,114.85,1.9102,1.1182,1.2223
2006-08-08,1.2839,115.01,1.9077,1.1203,1.2261
2006-08-09,1.2888,115.14,1.9089,1.1197,1.2228
2006-08-10,1.2765,115.59,1.8888,1.1262,1.2373
2006-08-11,1.2757,116.18,1.8952,1.1206,1.2388
2006-08-14,1.2735,116.53,1.8902,1.124,1.2403
2006-08-15,1.2788,115.96,1.8948,1.1225,1.2372
2006-08-16,1.2864,115.71,1.8999,1.116,1.2272
2006-08-17,1.287,115.44,1.894,1.116,1.2276
2006-08-18,1.281,115.79,1.8808,1.1234,1.2339
2006-08-21,1.2914,115.86,1.8968,1.1183,1.2226
2006-08-22,1.2804,116.61,1.8881,1.1153,1.2341
2006-08-23,1.2794,116.43,1.8929,1.11,1.2357
2006-08-24,1.276,116.38,1.8884,1.111,1.2381
2006-08-25,1.2767,117.31,1.8884,1.1078,1.2375
2006-08-28,1.2784,117.15,1.8968,1.112,1.2358
2006-08-29,1.2768,116.92,1.8914,1.111,1.2356
2006-08-30,1.2825,117.07,1.9042,1.1099,1.2293
2006-08-31,1.2793,117.35,1.9024,1.1066,1.2336
2006-09-01,1.2833,117.21,1.905,1.1056,1.2308
2006-09-05,1.281,116.04,1.8926,1.1111,1.2347
2006-09-06,1.2787,116.73,1.881,1.1052,1.2378
2006-09-07,1.2757,116.3,1.8763,1.1099,1.2405
2006-09-08,1.2673,116.89,1.8655,1.1191,1.248
2006-09-11,1.2699,117.57,1.863,1.1216,1.2451
2006-09-12,1.2693,117.82,1.8747,1.1186,1.2482
2006-09-13,1.2708,117.47,1.8767,1.1191,1.2491
2006-09-14,1.2736,117.47,1.8886,1.1158,1.2499
2006-09-15,1.2648,117.72,1.8783,1.1192,1.258
2006-09-18,1.2671,118.02,1.8773,1.1169,1.2541
2006-09-19,1.2683,117.6,1.8828,1.1229,1.2512
2006-09-20,1.2701,117.29,1.8894,1.1272,1.2498
2006-09-21,1.273,116.76,1.897,1.12,1.2519
2006-09-22,1.2796,116.45,1.9012,1.1171,1.2349
2006-09-25,1.2747,116.43,1.9001,1.1163,1.2385
2006-09-26,1.2687,117.16,1.8954,1.1159,1.2436
2006-09-27,1.2699,117.53,1.8866,1.115,1.2451
2006-09-28,1.2697,117.84,1.8746,1.1108,1.2474
2006-09-29,1.2687,117.99,1.8716,1.1151,1.2504
2006-10-02,1.2744,117.66,1.8861,1.1154,1.2426
2006-10-03,1.2727,117.84,1.8873,1.121,1.2453
2006-10-04,1.2687,118.02,1.8839,1.1286,1.2517
2006-10-05,1.2687,117.69,1.8772,1.1269,1.2529
2006-10-06,1.26,118.89,1.8712,1.1261,1.2607
2006-10-10,1.2541,119.68,1.8548,1.1318,1.2691
2006-10-11,1.2547,119.49,1.8568,1.1357,1.2702
2006-10-12,1.2537,119.53,1.8558,1.1356,1.2708
2006-10-13,1.2502,119.81,1.8551,1.1367,1.2752
2006-10-16,1.2518,119.25,1.8606,1.1384,1.2715
2006-10-17,1.2564,118.63,1.8734,1.1379,1.2645
2006-10-18,1.2516,119.09,1.8675,1.1375,1.2721
2006-10-19,1.2594,118.35,1.876,1.1325,1.2621
2006-10-20,1.2613,118.73,1.8828,1.125,1.2587
2006-10-23,1.2544,119.32,1.871,1.1281,1.268
2006-10-24,1.2565,119.25,1.8745,1.1271,1.2658
2006-10-25,1.2591,119.13,1.8772,1.1249,1.2648
2006-10-26,1.2669,118.62,1.8876,1.1254,1.2567
2006-10-27,1.2725,117.61,1.8968,1.1185,1.2496
2006-10-30,1.2717,117.38,1.9025,1.1235,1.2488
2006-10-31,1.2773,116.82,1.9084,1.1227,1.2424
2006-11-01,1.2771,117.01,1.9091,1.1313,1.2433
2006-11-02,1.278,117.12,1.9088,1.1361,1.2443
2006-11-03,1.2705,118.06,1.9011,1.129,1.2549
2006-11-06,1.2715,118.4,1.8967,1.129,1.2566
2006-11-07,1.2806,117.44,1.9098,1.1276,1.246
2006-11-08,1.2775,117.74,1.9057,1.1275,1.2494
2006-11-09,1.2835,117.92,1.9067,1.1291,1.2421
2006-11-10,1.2861,117.47,1.912,1.1306,1.2388
2006-11-13,1.281,118.14,1.9024,1.1377,1.2441
2006-11-14,1.2812,117.72,1.8946,1.1393,1.2449
2006-11-15,1.2808,118.06,1.8883,1.1389,1.2472
2006-11-16,1.2808,118.12,1.8902,1.1401,1.2467
2006-11-17,1.2823,117.73,1.8936,1.1458,1.2443
2006-11-20,1.281,118.16,1.8963,1.1472,1.2434
2006-11-21,1.2824,118.0,1.8984,1.1474,1.2419
2006-11-22,1.2928,116.61,1.9145,1.1414,1.2276
2006-11-24,1.3081,115.93,1.9315,1.1346,1.2114
2006-11-27,1.312,116.12,1.9368,1.133,1.2083
2006-11-28,1.3162,116.14,1.948,1.131,1.2062
2006-11-29,1.3146,116.29,1.9492,1.1356,1.2098
2006-11-30,1.3261,115.55,1.9693,1.1413,1.1966
2006-12-01,1.3316,115.33,1.9794,1.1445,1.1947
2006-12-04,1.3327,115.37,1.9788,1.1454,1.1947
2006-12-05,1.3327,114.98,1.9746,1.1415,1.1911
2006-12-06,1.3307,115.07,1.9692,1.1468,1.1933
2006-12-07,1.3296,115.13,1.9628,1.1482,1.1953
2006-12-08,1.3215,116.23,1.9564,1.1499,1.2039
2006-12-11,1.3223,117.02,1.9552,1.1474,1.2036
2006-12-12,1.3233,117.15,1.9655,1.1546,1.203
2006-12-13,1.3215,117.43,1.9663,1.1544,1.2063
2006-12-14,1.3174,117.61,1.9646,1.1565,1.2126
2006-12-15,1.3095,117.84,1.9538,1.1574,1.2207
2006-12-18,1.3073,118.14,1.9458,1.1571,1.2243
2006-12-19,1.3194,117.93,1.9666,1.1557,1.2141
2006-12-20,1.3183,118.39,1.9648,1.1483,1.2169
2006-12-21,1.3175,118.26,1.9622,1.1538,1.2165
2006-12-22,1.3131,118.9,1.957,1.1575,1.2207
2006-12-26,1.3132,118.93,1.9568,1.1596,1.22
2006-12-27,1.3125,118.76,1.9566,1.161,1.2253
2006-12-28,1.3158,118.95,1.9621,1.1599,1.2207
2006-12-29,1.3197,119.02,1.9586,1.1652,1.2195
2007-01-02,1.3286,118.83,1.9736,1.1647,1.2125
2007-01-03,1.3169,119.58,1.9498,1.1699,1.2263
2007-01-04,1.3094,119.28,1.9443,1.1766,1.2314
2007-01-05,1.3005,118.77,1.9305,1.1753,1.2366
2007-01-08,1.3023,118.49,1.9385,1.1777,1.2357
2007-01-09,1.2995,119.45,1.94,1.1782,1.2417
2007-01-10,1.294,119.52,1.9334,1.177,1.2459
2007-01-11,1.2904,120.49,1.9439,1.1761,1.2482
2007-01-12,1.2926,120.36,1.9577,1.1706,1.2485
2007-01-16,1.2918,120.64,1.9605,1.1748,1.248
2007-01-17,1.2948,120.54,1.972,1.1737,1.2456
2007-01-18,1.2942,121.32,1.9715,1.1752,1.2496
2007-01-19,1.2968,121.22,1.9759,1.1722,1.2479
2007-01-22,1.2957,121.56,1.9772,1.1758,1.2484
2007-01-23,1.3025,121.54,1.9847,1.1813,1.2404
2007-01-24,1.2964,120.77,1.9675,1.1824,1.2481
2007-01-25,1.298,120.97,1.9703,1.1781,1.2439
2007-01-26,1.2909,121.53,1.9598,1.1798,1.2534
2007-01-29,1.2948,121.81,1.9592,1.1815,1.2528
2007-01-30,1.2954,121.7,1.9617,1.1814,1.253
2007-01-31,1.2998,121.02,1.9611,1.1792,1.247
2007-02-01,1.3021,120.67,1.9686,1.1756,1.2427
2007-02-02,1.296,121.02,1.9662,1.1838,1.2476
2007-02-05,1.2933,120.34,1.96,1.1816,1.2481
2007-02-06,1.2969,120.35,1.9693,1.1819,1.2414
2007-02-07,1.302,120.65,1.9699,1.1851,1.2398
2007-02-08,1.3034,121.19,1.9586,1.1852,1.2471
2007-02-09,1.3005,121.59,1.9512,1.1736,1.2484
2007-02-12,1.2962,121.77,1.9474,1.1746,1.2532
2007-02-13,1.3024,121.24,1.9443,1.1686,1.2489
2007-02-14,1.3126,120.8,1.9628,1.166,1.2399
2007-02-15,1.314,119.49,1.9532,1.1642,1.2362
2007-02-16,1.3137,119.23,1.9499,1.1638,1.2341
2007-02-20,1.3134,120.1,1.9547,1.1697,1.2369
2007-02-21,1.3126,120.99,1.9524,1.1609,1.2393
2007-02-22,1.3134,121.3,1.9571,1.1616,1.2383
2007-02-23,1.3164,121.1,1.9639,1.1586,1.2332
2007-02-26,1.3159,120.76,1.9631,1.1601,1.2327
2007-02-27,1.3246,118.67,1.9661,1.1639,1.2205
2007-02-28,1.323,118.33,1.9613,1.17,1.2189
2007-03-01,1.3173,117.53,1.9579,1.1711,1.2226
2007-03-02,1.3182,116.82,1.9458,1.1752,1.2173
2007-03-05,1.3094,116.01,1.9235,1.181,1.2218
2007-03-06,1.3108,116.5,1.927,1.1759,1.2241
2007-03-07,1.3148,116.41,1.9315,1.1785,1.2208
2007-03-08,1.3129,117.35,1.93,1.1802,1.2287
2007-03-09,1.3118,118.15,1.9318,1.1712,1.2332
2007-03-12,1.3186,117.51,1.9291,1.1689,1.225
2007-03-13,1.3199,116.96,1.9322,1.1687,1.2218
2007-03-14,1.3227,116.33,1.9337,1.1755,1.2139
2007-03-15,1.3249,117.26,1.9365,1.1757,1.2142
2007-03-16,1.3307,116.77,1.9423,1.1738,1.2079
2007-03-19,1.3299,117.58,1.946,1.175,1.2125
2007-03-20,1.3291,117.32,1.958,1.1638,1.2137
2007-03-21,1.3305,117.83,1.9596,1.1578,1.2151
2007-03-22,1.3359,117.79,1.9672,1.1574,1.2115
2007-03-23,1.3302,117.82,1.9632,1.1601,1.2169
2007-03-26,1.3336,117.84,1.9694,1.1627,1.2144
2007-03-27,1.3357,117.8,1.9664,1.1584,1.213
2007-03-28,1.3331,116.83,1.9611,1.1579,1.2147
2007-03-29,1.3336,117.75,1.9627,1.1577,1.2166
2007-03-30,1.3374,117.56,1.9685,1.153,1.2126
2007-04-02,1.3374,117.69,1.9786,1.1556,1.2139
2007-04-03,1.3363,118.83,1.9781,1.1573,1.2192
2007-04-04,1.3364,118.72,1.9756,1.1583,1.2194
2007-04-05,1.3426,118.66,1.9708,1.1509,1.2145
2007-04-06,1.338,119.33,1.9655,1.1511,1.2215
2007-04-09,1.3367,119.28,1.9608,1.1522,1.225
2007-04-10,1.3436,119.07,1.9718,1.1479,1.2165
2007-04-11,1.3436,119.36,1.9786,1.1449,1.2194
2007-04-12,1.3484,118.99,1.9769,1.1362,1.2157
2007-04-13,1.3518,119.27,1.9829,1.1379,1.2154
2007-04-16,1.355,119.84,1.9907,1.1309,1.2132
2007-04-17,1.3569,118.96,2.0061,1.1293,1.2092
2007-04-18,1.3574,118.27,2.0041,1.1288,1.2056
2007-04-19,1.3605,118.36,2.0029,1.1286,1.2044
2007-04-20,1.3601,118.81,2.0047,1.1227,1.2081
2007-04-23,1.358,118.47,2.0017,1.1225,1.2088
2007-04-24,1.3622,118.52,2.0028,1.1228,1.2031
2007-04-25,1.3647,118.62,2.0042,1.1146,1.203
2007-04-26,1.359,119.5,1.9903,1.1202,1.2092
2007-04-27,1.3625,119.59,1.9985,1.1152,1.2081
2007-04-30,1.366,119.44,2.0,1.1068,1.2064
2007-05-01,1.36,119.77,1.9993,1.1088,1.2151
2007-05-02,1.3598,120.05,1.991,1.1087,1.2138
2007-05-03,1.3566,120.33,1.9878,1.1069,1.2151
2007-05-04,1.3587,120.16,1.9931,1.1069,1.2115
2007-05-07,1.3616,119.96,1.9944,1.1024,1.2096
2007-05-08,1.3532,119.89,1.9902,1.1048,1.2182
2007-05-09,1.3549,119.8,1.9963,1.1063,1.2165
2007-05-10,1.3512,120.37,1.9833,1.1073,1.2192
2007-05-11,1.3519,120.19,1.9824,1.1136,1.2188
2007-05-14,1.3544,120.37,1.9803,1.1067,1.2194
2007-05-15,1.3603,120.22,1.9862,1.0976,1.2135
2007-05-16,1.3522,120.74,1.9774,1.1028,1.222
2007-05-17,1.3494,121.3,1.9748,1.0976,1.2268
2007-05-18,1.3511,121.09,1.9755,1.0883,1.2267
2007-05-21,1.3457,121.57,1.9695,1.0854,1.2306
2007-05-22,1.3464,121.47,1.9768,1.0854,1.23
2007-05-23,1.3482,121.52,1.9879,1.0816,1.2266
2007-05-24,1.3429,121.46,1.9852,1.0841,1.2294
2007-05-25,1.3452,121.72,1.9845,1.0794,1.2281
2007-05-29,1.3483,121.79,1.9814,1.0719,1.2227
2007-05-30,1.3419,121.48,1.9747,1.0753,1.2259
2007-05-31,1.3453,121.76,1.9797,1.0701,1.2252
2007-06-01,1.344,122.1,1.9804,1.0602,1.2299
2007-06-04,1.3488,121.72,1.9922,1.0579,1.2231
2007-06-05,1.3526,121.49,1.9941,1.0605,1.2187
2007-06-06,1.3492,121.08,1.9915,1.0586,1.2176
2007-06-07,1.3456,121.34,1.9798,1.0611,1.2243
2007-06-08,1.3359,121.62,1.9657,1.0622,1.2345
2007-06-11,1.3359,121.78,1.9686,1.0614,1.2386
2007-06-12,1.3325,121.76,1.975,1.0636,1.2424
2007-06-13,1.3295,122.37,1.9728,1.0668,1.2447
2007-06-14,1.3311,122.97,1.9696,1.0684,1.2452
2007-06-15,1.3365,123.55,1.9765,1.0678,1.2428
2007-06-18,1.3401,123.67,1.9822,1.072,1.2409
2007-06-19,1.3416,123.39,1.9884,1.0638,1.2402
2007-06-20,1.3426,123.6,1.9937,1.0646,1.2374
2007-06-21,1.3399,123.68,1.9924,1.0727,1.2404
2007-06-22,1.3438,124.09,1.9975,1.0676,1.2316
2007-06-25,1.345,123.84,1.9962,1.0712,1.2305
2007-06-26,1.3468,123.49,1.9997,1.0692,1.2284
2007-06-27,1.3433,122.52,1.9965,1.0716,1.2291
2007-06-28,1.3466,123.01,2.0022,1.0626,1.2286
2007-06-29,1.352,123.39,2.0063,1.0634,1.224
2007-07-02,1.3627,122.32,2.0161,1.0553,1.2112
2007-07-03,1.3615,122.4,2.0168,1.0593,1.2152
2007-07-05,1.3592,122.82,2.0114,1.0567,1.2178
2007-07-06,1.3626,123.27,2.0119,1.0478,1.2181
2007-07-09,1.3623,123.34,2.0166,1.0479,1.217
2007-07-10,1.3714,122.19,2.0248,1.052,1.2074
2007-07-11,1.3757,122.13,2.032,1.0557,1.2044
2007-07-12,1.3776,122.5,2.0288,1.0467,1.2033
2007-07-13,1.3788,121.99,2.0344,1.0476,1.2019
2007-07-16,1.3785,121.9,2.0374,1.043,1.2018
2007-07-17,1.3782,122.36,2.0455,1.0435,1.203
2007-07-18,1.3808,121.83,2.0534,1.0435,1.1997
2007-07-19,1.3811,122.06,2.049,1.0425,1.2023
2007-07-20,1.3831,121.15,2.0566,1.044,1.1998
2007-07-23,1.3817,121.31,2.0585,1.045,1.2054
2007-07-24,1.3824,120.57,2.0626,1.0372,1.205
2007-07-25,1.3711,120.33,2.0511,1.0423,1.214
2007-07-26,1.373,119.14,2.0488,1.0504,1.2068
2007-07-27,1.3647,118.56,2.029,1.059,1.2073
2007-07-30,1.3681,118.41,2.0238,1.0689,1.2015
2007-07-31,1.3711,119.13,2.0364,1.0656,1.2021
2007-08-01,1.3682,118.71,2.0309,1.0565,1.2013
2007-08-02,1.3693,119.35,2.0346,1.0528,1.206
2007-08-03,1.3785,118.43,2.0426,1.0526,1.1933
2007-08-06,1.3789,118.04,2.0293,1.0513,1.1873
2007-08-07,1.3747,118.48,2.0202,1.0553,1.1954
2007-08-08,1.3808,119.76,2.0368,1.0497,1.1946
2007-08-09,1.3701,118.69,2.0271,1.0566,1.1967
2007-08-10,1.3686,118.0,2.0219,1.0538,1.1969
2007-08-13,1.3624,118.47,2.0123,1.0508,1.2057
2007-08-14,1.3581,118.21,2.0,1.0635,1.2095
2007-08-15,1.3479,117.19,1.9923,1.0746,1.2181
2007-08-16,1.3402,114.03,1.9829,1.0754,1.2175
2007-08-17,1.3492,113.81,1.9828,1.0635,1.2043
2007-08-20,1.3468,114.49,1.983,1.058,1.2066
2007-08-21,1.3483,114.42,1.9813,1.0601,1.2033
2007-08-22,1.3535,114.95,1.9916,1.062,1.2062
2007-08-23,1.356,115.81,2.0035,1.0566,1.2061
2007-08-24,1.3645,116.12,2.0099,1.0525,1.2015
2007-08-27,1.3645,116.05,2.0134,1.0515,1.2032
2007-08-28,1.3626,114.7,2.0065,1.0616,1.2006
2007-08-29,1.3675,115.52,2.0182,1.0592,1.1986
2007-08-30,1.3648,115.81,2.016,1.0567,1.2032
2007-08-31,1.3641,115.83,2.0165,1.056,1.2071
2007-09-03,1.3641,115.83,2.0165,1.056,1.2071
2007-09-04,1.3606,116.21,2.0109,1.0493,1.2109
2007-09-05,1.3669,115.15,2.0221,1.0508,1.2025
2007-09-06,1.3697,115.33,2.0242,1.0534,1.2008
2007-09-07,1.3772,113.57,2.0283,1.0546,1.1882
2007-09-10,1.3794,113.43,2.0288,1.0532,1.186
2007-09-11,1.3837,113.97,2.0319,1.043,1.1864
2007-09-12,1.3904,114.24,2.0314,1.0372,1.1844
2007-09-13,1.3885,115.37,2.0278,1.0324,1.187
2007-09-14,1.3848,115.31,2.0067,1.0292,1.1914
2007-09-17,1.386,114.93,1.992,1.0307,1.1874
2007-09-18,1.3869,115.75,1.9973,1.0234,1.1891
2007-09-19,1.395,116.21,1.9983,1.0147,1.1856
2007-09-20,1.4092,114.18,2.0132,1.0011,1.1697
2007-09-21,1.4076,115.6,2.0208,1.0008,1.1735
2007-09-24,1.4086,114.92,2.0222,1.0011,1.1739
2007-09-25,1.4128,114.48,2.0169,1.0005,1.1681
2007-09-26,1.4126,115.66,2.0159,1.0045,1.171
2007-09-27,1.4138,115.76,2.0235,1.0031,1.1735
2007-09-28,1.4219,114.97,2.0389,0.9959,1.1672
2007-10-01,1.4229,115.91,2.0436,0.9929,1.1683
2007-10-02,1.4163,115.83,2.0417,1.0002,1.175
2007-10-03,1.4135,116.74,2.0369,0.9961,1.1791
2007-10-04,1.4128,116.59,2.0392,0.998,1.1752
2007-10-05,1.4154,116.83,2.0436,0.9815,1.176
2007-10-08,1.4154,116.83,2.0436,0.9815,1.176
2007-10-09,1.4092,116.98,2.0331,0.9846,1.1838
2007-10-10,1.4157,117.17,2.0432,0.9813,1.1808
2007-10-11,1.4228,117.71,2.0342,0.9744,1.1801
2007-10-12,1.4168,117.5,2.034,0.9737,1.1852
2007-10-15,1.4216,117.37,2.0419,0.9756,1.1799
2007-10-16,1.4165,116.61,2.0327,0.9778,1.1831
2007-10-17,1.4208,116.62,2.0387,0.9736,1.1816
2007-10-18,1.4291,115.64,2.0457,0.9733,1.1697
2007-10-19,1.4263,115.15,2.0484,0.9637,1.1718
2007-10-22,1.4138,114.07,2.0279,0.9811,1.1777
2007-10-23,1.4248,114.65,2.0495,0.9673,1.1727
2007-10-24,1.4237,113.94,2.0491,0.971,1.1726
2007-10-25,1.4299,114.09,2.0485,0.9673,1.1671
2007-10-26,1.439,114.01,2.0514,0.9619,1.1627
2007-10-29,1.4405,114.69,2.0609,0.9547,1.1654
2007-10-30,1.4424,114.72,2.0671,0.9534,1.1615
2007-10-31,1.4468,115.27,2.0777,0.9496,1.1589
2007-11-01,1.4435,114.87,2.0818,0.9497,1.1591
2007-11-02,1.4481,114.74,2.082,0.936,1.1543
2007-11-05,1.4469,114.54,2.0799,0.9337,1.1536
2007-11-06,1.4555,114.51,2.0859,0.9243,1.1453
2007-11-07,1.4667,113.29,2.1045,0.9168,1.1335
2007-11-08,1.4691,112.66,2.1104,0.9303,1.1265
2007-11-09,1.4665,110.9,2.0911,0.9385,1.1232
2007-11-13,1.4598,110.31,2.0729,0.9639,1.1256
2007-11-14,1.467,111.38,2.0586,0.9608,1.1222
2007-11-15,1.4639,110.78,2.0483,0.9804,1.1224
2007-11-16,1.4652,111.05,2.048,0.9727,1.117
2007-11-19,1.4658,110.05,2.0478,0.9839,1.1163
2007-11-20,1.4787,110.05,2.0652,0.9848,1.1099
2007-11-21,1.4829,108.54,2.0585,0.9894,1.1037
2007-11-22,1.4829,108.54,2.0585,0.9894,1.1037
2007-11-23,1.4825,108.17,2.0564,0.9887,1.1026
2007-11-26,1.4862,108.17,2.0681,0.9877,1.1005
2007-11-27,1.4817,108.64,2.0653,0.9968,1.1054
2007-11-28,1.475,110.38,2.0688,0.9907,1.1186
2007-11-29,1.4766,109.94,2.0642,0.9928,1.1177
2007-11-30,1.4688,111.02,2.0567,1.0007,1.1287
2007-12-03,1.4657,110.44,2.0658,1.0,1.1291
2007-12-04,1.4759,109.68,2.0577,1.0106,1.1172
2007-12-05,1.4666,110.85,2.0288,1.0127,1.1249
2007-12-06,1.4638,111.05,2.0289,1.0125,1.1276
2007-12-07,1.4664,111.72,2.0289,1.0051,1.1296
2007-12-10,1.4714,111.6,2.0457,1.0103,1.1276
2007-12-11,1.4702,111.77,2.0387,1.0107,1.133
2007-12-12,1.4702,112.36,2.0494,1.0107,1.1355
2007-12-13,1.4591,112.26,2.0395,1.0216,1.1432
2007-12-14,1.4433,113.35,2.0197,1.0135,1.1536
2007-12-17,1.4369,113.2,2.0168,1.0072,1.1522
2007-12-18,1.4392,113.17,2.014,1.0105,1.1529
2007-12-19,1.4344,113.44,1.9931,1.0056,1.1563
2007-12-20,1.4353,112.97,1.9821,0.9983,1.1563
2007-12-21,1.4361,113.95,1.9833,0.9943,1.1566
2007-12-24,1.4409,114.45,1.9774,0.9871,1.1567
2007-12-26,1.45,114.08,1.9833,0.9834,1.1504
2007-12-27,1.4601,114.0,1.9907,0.9808,1.1409
2007-12-28,1.4718,112.93,1.9929,0.9784,1.1275
2007-12-31,1.4603,111.71,1.9843,0.9881,1.1329
2008-01-02,1.4738,109.7,1.9824,0.9922,1.1174
2008-01-03,1.4736,109.58,1.9733,0.9905,1.1134
2008-01-04,1.4786,108.38,1.9757,0.9988,1.1064
2008-01-07,1.4684,109.1,1.9703,1.005,1.1176
2008-01-08,1.4717,109.29,1.9731,0.9985,1.1138
2008-01-09,1.4663,109.4,1.9564,1.0083,1.1151
2008-01-10,1.474,109.38,1.9565,1.0139,1.1069
2008-01-11,1.4787,109.11,1.9592,1.0198,1.1026
2008-01-14,1.4877,108.18,1.9583,1.021,1.0928
2008-01-15,1.4842,107.07,1.9671,1.0167,1.0917
2008-01-16,1.4643,107.27,1.9638,1.0238,1.1008
2008-01-17,1.469,107.01,1.9744,1.029,1.0993
2008-01-18,1.4616,106.82,1.9529,1.0294,1.101
2008-01-22,1.4609,106.76,1.9577,1.0248,1.0986
2008-01-23,1.4574,105.42,1.9515,1.0282,1.0898
2008-01-24,1.4737,106.68,1.9733,1.0071,1.0869
2008-01-25,1.4673,107.31,1.9802,1.0044,1.0986
2008-01-28,1.4789,106.65,1.9857,1.0042,1.0878
2008-01-29,1.4767,107.08,1.9857,0.9978,1.094
2008-01-30,1.4782,107.25,1.988,0.9936,1.0927
2008-01-31,1.4841,106.74,1.9895,1.0018,1.0845
2008-02-01,1.4851,106.3,1.9687,0.9939,1.0821
2008-02-04,1.4832,106.73,1.9777,0.9927,1.0892
2008-02-05,1.4638,106.94,1.9626,1.0043,1.1005
2008-02-06,1.4647,106.75,1.9604,1.0023,1.0977
2008-02-07,1.4495,106.82,1.942,1.0115,1.1049
2008-02-08,1.4505,107.34,1.9473,0.9994,1.1038
2008-02-11,1.4506,106.64,1.9486,1.0018,1.1023
2008-02-12,1.4592,107.42,1.9622,0.9963,1.1006
2008-02-13,1.4569,108.15,1.9618,0.9992,1.1074
2008-02-14,1.4635,107.97,1.9708,0.9967,1.0984
2008-02-15,1.4674,107.67,1.9613,1.0013,1.0913
2008-02-19,1.4742,107.5,1.9511,1.0159,1.093
2008-02-20,1.4663,107.97,1.9405,1.0188,1.1003
2008-02-21,1.4813,107.6,1.9614,1.0083,1.0916
2008-02-22,1.4825,106.98,1.9668,1.0155,1.0856
2008-02-25,1.4822,107.88,1.9668,0.9982,1.0856
2008-02-26,1.4889,107.73,1.9747,0.9861,1.0849
2008-02-27,1.5132,106.38,1.9923,0.9776,1.0637
2008-02-28,1.5172,105.64,1.9879,0.9717,1.0533
2008-02-29,1.5187,104.19,1.9864,0.9796,1.0435
2008-03-03,1.5195,103.57,1.985,0.9867,1.0431
2008-03-04,1.521,102.67,1.9854,0.9954,1.0354
2008-03-05,1.5282,103.99,1.9939,0.9897,1.0364
2008-03-06,1.5356,103.1,2.0073,0.9847,1.0291
2008-03-07,1.5333,102.69,2.0128,0.9916,1.025
2008-03-10,1.5369,101.8,2.0166,0.9975,1.0192
2008-03-11,1.5329,102.87,2.0041,0.9953,1.0292
2008-03-12,1.5495,102.38,2.0211,0.9895,1.0217
2008-03-13,1.5584,100.58,2.0311,0.9841,1.0116
2008-03-14,1.5604,100.2,2.0294,0.9867,1.0072
2008-03-17,1.5765,96.88,2.0008,0.9977,0.986
2008-03-18,1.5784,98.23,2.0216,0.9938,0.9899
2008-03-19,1.5642,99.34,1.9858,1.0027,1.0006
2008-03-20,1.5417,98.79,1.9823,1.0265,1.0107
2008-03-21,1.5447,99.4,1.9826,1.0239,1.0085
2008-03-24,1.5394,100.77,1.9852,1.0203,1.023
2008-03-25,1.5595,100.07,1.9997,1.0176,1.0088
2008-03-26,1.5761,99.12,2.0019,1.018,0.9955
2008-03-27,1.5798,99.87,2.0097,1.0146,0.9932
2008-03-28,1.5759,99.71,1.989,1.018,0.9981
2008-03-31,1.5805,99.85,1.9855,1.0275,0.9921
2008-04-01,1.5615,101.77,1.9774,1.0268,1.0108
2008-04-02,1.5618,102.77,1.9827,1.0173,1.0148
2008-04-03,1.5667,102.21,1.9961,1.0079,1.0079
2008-04-04,1.5735,101.75,1.9947,1.0088,1.0052
2008-04-07,1.5713,102.62,1.9855,1.0108,1.0144
2008-04-08,1.5705,102.55,1.969,1.0151,1.014
2008-04-09,1.5804,101.83,1.9726,1.0192,1.0019
2008-04-10,1.5744,101.71,1.9742,1.0178,1.0051
2008-04-11,1.5796,101.09,1.9707,1.0216,1.0016
2008-04-14,1.5827,100.87,1.9816,1.0207,0.9975
2008-04-15,1.5801,101.33,1.9627,1.0181,1.0019
2008-04-16,1.5978,101.4,1.9756,1.0021,0.9979
2008-04-17,1.5924,102.22,1.9908,1.0107,1.0025
2008-04-18,1.5742,104.56,1.9965,1.0084,1.0253
2008-04-21,1.5881,103.38,1.9813,1.0066,1.0121
2008-04-22,1.601,102.7,1.9994,1.0033,1.0004
2008-04-23,1.5898,103.55,1.9786,1.0194,1.0146
2008-04-24,1.5668,104.2,1.9716,1.0131,1.0341
2008-04-25,1.5634,104.17,1.9833,1.0163,1.0335
2008-04-28,1.5648,104.3,1.9908,1.0158,1.0339
2008-04-29,1.5604,103.4,1.9747,1.0128,1.0329
2008-04-30,1.5568,104.53,1.9847,1.0092,1.0422
2008-05-01,1.5458,104.04,1.9749,1.0187,1.0478
2008-05-02,1.5431,105.33,1.9756,1.0182,1.0562
2008-05-05,1.5491,105.12,1.9679,1.0125,1.0539
2008-05-06,1.5548,104.54,1.9747,1.0036,1.0485
2008-05-07,1.537,105.28,1.9522,1.002,1.0583
2008-05-08,1.5409,103.87,1.9543,1.0149,1.051
2008-05-09,1.5447,103.01,1.9486,1.0062,1.0432
2008-05-12,1.5536,103.83,1.9616,1.0037,1.0443
2008-05-13,1.5509,104.41,1.947,0.9996,1.049
2008-05-14,1.5467,105.2,1.9451,1.0018,1.0558
2008-05-15,1.5492,104.61,1.9488,0.9996,1.0531
2008-05-16,1.5591,103.86,1.958,0.9966,1.0448
2008-05-19,1.5516,104.55,1.9472,0.9914,1.0545
2008-05-20,1.5667,103.66,1.9705,0.9928,1.0376
2008-05-21,1.5772,103.34,1.9669,0.984,1.0297
2008-05-22,1.5703,104.03,1.9785,0.9861,1.0324
2008-05-23,1.5784,103.22,1.9818,0.9883,1.0235
2008-05-27,1.5731,103.98,1.9751,0.9932,1.0284
2008-05-28,1.5628,104.69,1.9806,0.9913,1.0382
2008-05-29,1.5527,105.52,1.9759,0.9871,1.048
2008-05-30,1.556,105.46,1.9793,0.9938,1.0426
2008-06-02,1.555,104.41,1.9666,1.0011,1.0379
2008-06-03,1.5454,105.29,1.965,1.0051,1.0437
2008-06-04,1.5453,104.99,1.9548,1.0145,1.0408
2008-06-05,1.556,106.0,1.9563,1.0195,1.0398
2008-06-06,1.5731,105.33,1.9695,1.0187,1.0237
2008-06-09,1.5718,106.06,1.9758,1.0223,1.0237
2008-06-10,1.5473,107.19,1.9543,1.0241,1.0404
2008-06-11,1.5562,106.77,1.9646,1.017,1.0328
2008-06-12,1.5418,107.94,1.9467,1.023,1.0441
2008-06-13,1.5368,107.92,1.9496,1.0282,1.0485
2008-06-16,1.5472,108.19,1.9637,1.021,1.0435
2008-06-17,1.5519,108.03,1.9544,1.0201,1.0428
2008-06-18,1.5502,108.05,1.957,1.0186,1.0413
2008-06-19,1.5502,107.95,1.9729,1.013,1.0457
2008-06-20,1.5626,107.42,1.9737,1.0173,1.0345
2008-06-23,1.5492,107.89,1.9609,1.0161,1.0474
2008-06-24,1.5591,107.76,1.9707,1.0135,1.0384
2008-06-25,1.557,108.29,1.9672,1.0134,1.0424
2008-06-26,1.5738,107.29,1.9873,1.0121,1.0274
2008-06-27,1.5749,106.28,1.9938,1.012,1.0205
2008-06-30,1.5748,106.17,1.9906,1.0185,1.0202
2008-07-01,1.5778,105.73,1.993,1.022,1.0183
2008-07-02,1.5869,105.87,1.9925,1.0127,1.0151
2008-07-03,1.5708,106.79,1.9825,1.0204,1.0273
2008-07-07,1.5646,107.55,1.9697,1.0174,1.0328
2008-07-08,1.5653,107.35,1.9685,1.0205,1.0324
2008-07-09,1.5744,107.12,1.9812,1.0108,1.0301
2008-07-10,1.5771,107.03,1.9777,1.0103,1.0282
2008-07-11,1.5898,106.14,1.9895,1.0093,1.0179
2008-07-14,1.5914,106.18,1.9925,1.006,1.0162
2008-07-15,1.5923,104.78,2.0036,1.0015,1.0089
2008-07-16,1.5847,104.64,1.9995,1.002,1.0148
2008-07-17,1.5861,105.82,2.0038,1.0018,1.0197
2008-07-18,1.5855,106.75,1.9985,1.0053,1.0207
2008-07-21,1.5877,106.74,1.9979,1.0019,1.0207
2008-07-22,1.5811,107.11,1.9941,1.0083,1.0283
2008-07-23,1.5708,107.68,2.0021,1.0088,1.0372
2008-07-24,1.5657,107.62,1.9832,1.0114,1.039
2008-07-25,1.5687,107.89,1.988,1.0167,1.0386
2008-07-28,1.5747,107.49,1.9943,1.022,1.0332
2008-07-29,1.5588,108.19,1.9805,1.026,1.0454
2008-07-30,1.5559,108.17,1.981,1.024,1.0484
2008-07-31,1.5589,108.1,1.9806,1.0261,1.0489
2008-08-01,1.5567,107.59,1.9743,1.0251,1.048
2008-08-04,1.5569,108.23,1.9606,1.0355,1.0492
2008-08-05,1.5468,108.2,1.9532,1.0425,1.0548
2008-08-06,1.5409,109.39,1.9479,1.047,1.0602
2008-08-07,1.5341,109.44,1.9439,1.051,1.0617
2008-08-08,1.5047,110.09,1.9193,1.0677,1.0801
2008-08-11,1.4958,110.08,1.9144,1.0673,1.0828
2008-08-12,1.4905,109.78,1.9005,1.0641,1.088
2008-08-13,1.4895,108.71,1.8682,1.0658,1.0855
2008-08-14,1.4856,109.75,1.8715,1.0621,1.0911
2008-08-15,1.4695,110.48,1.8651,1.0609,1.096
2008-08-18,1.473,110.07,1.8673,1.0603,1.0959
2008-08-19,1.4746,109.68,1.8655,1.0606,1.0927
2008-08-20,1.4701,109.98,1.8603,1.0627,1.1008
2008-08-21,1.4875,108.35,1.8758,1.0454,1.0862
2008-08-22,1.48,109.88,1.8544,1.0456,1.097
2008-08-25,1.4803,109.11,1.8587,1.0463,1.0926
2008-08-26,1.466,109.83,1.8387,1.0486,1.1004
2008-08-27,1.4684,109.72,1.8318,1.0483,1.1009
2008-08-28,1.4685,109.56,1.8264,1.0527,1.0994
2008-08-29,1.4669,108.69,1.819,1.0631,1.1019
2008-09-02,1.4522,108.85,1.7853,1.0698,1.107
2008-09-03,1.4489,108.18,1.7795,1.061,1.1055
2008-09-04,1.436,107.76,1.7689,1.064,1.1094
2008-09-05,1.4273,106.96,1.7687,1.0637,1.111
2008-09-08,1.4126,107.91,1.7543,1.0694,1.1306
2008-09-09,1.4173,107.1,1.7672,1.0677,1.125
2008-09-10,1.402,107.86,1.7547,1.0735,1.136
2008-09-11,1.3939,106.66,1.7497,1.0797,1.1395
2008-09-12,1.4172,107.51,1.7896,1.0606,1.1335
2008-09-15,1.4175,105.67,1.7877,1.067,1.1194
2008-09-16,1.4155,105.11,1.7802,1.0737,1.1199
2008-09-17,1.4215,104.71,1.7895,1.0788,1.1208
2008-09-18,1.4382,104.85,1.8186,1.0696,1.0988
2008-09-19,1.4384,107.18,1.8297,1.0469,1.1107
2008-09-22,1.4697,106.35,1.8484,1.0383,1.0834
2008-09-23,1.4737,105.8,1.8558,1.0355,1.0813
2008-09-24,1.4655,106.03,1.8502,1.0351,1.0889
2008-09-25,1.4643,106.48,1.8406,1.0338,1.0883
2008-09-26,1.4596,106.06,1.84,1.0352,1.089
2008-09-29,1.4381,105.1,1.8044,1.0393,1.0964
2008-09-30,1.4081,105.94,1.7804,1.0597,1.1189
2008-10-01,1.4058,106.06,1.7804,1.0607,1.1209
2008-10-02,1.3854,105.3,1.7655,1.0769,1.1339
2008-10-03,1.3816,105.76,1.774,1.0815,1.1295
2008-10-06,1.3508,101.26,1.738,1.1027,1.1456
2008-10-07,1.3649,102.3,1.7592,1.1055,1.1399
2008-10-08,1.368,99.73,1.731,1.1246,1.1272
2008-10-09,1.3646,100.67,1.7225,1.1483,1.1311
2008-10-10,1.3471,99.44,1.7037,1.19,1.1221
2008-10-14,1.3658,102.17,1.7482,1.1599,1.1347
2008-10-15,1.3567,101.47,1.7432,1.1804,1.1346
2008-10-16,1.3416,100.46,1.7243,1.1953,1.1332
2008-10-17,1.3462,101.4,1.7307,1.182,1.1339
2008-10-20,1.3314,101.74,1.7134,1.1977,1.1511
2008-10-21,1.3102,100.43,1.6837,1.2208,1.1581
2008-10-22,1.2835,98.63,1.6174,1.2496,1.1656
2008-10-23,1.2878,97.6,1.6181,1.2573,1.1625
2008-10-24,1.2639,92.64,1.5631,1.2735,1.1526
2008-10-27,1.2446,93.28,1.5472,1.2935,1.1581
2008-10-28,1.2476,95.68,1.5591,1.2942,1.1612
2008-10-29,1.2851,97.48,1.6298,1.2302,1.1371
2008-10-30,1.285,97.47,1.627,1.2229,1.145
2008-10-31,1.2682,98.28,1.6165,1.2158,1.1669
2008-11-03,1.2719,98.95,1.5855,1.1866,1.1681
2008-11-04,1.3021,100.48,1.6095,1.1502,1.1627
2008-11-05,1.3039,98.95,1.6156,1.159,1.1606
2008-11-06,1.2756,98.04,1.5814,1.1816,1.1745
2008-11-07,1.2777,98.15,1.5788,1.183,1.1761
2008-11-10,1.276,97.96,1.5639,1.1948,1.1784
2008-11-12,1.2558,95.54,1.5012,1.2296,1.179
2008-11-13,1.2526,95.95,1.4799,1.2311,1.1995
2008-11-14,1.2731,96.66,1.486,1.2241,1.187
2008-11-17,1.2726,97.03,1.503,1.2213,1.1954
2008-11-18,1.269,97.38,1.5042,1.2237,1.1976
2008-11-19,1.2595,96.75,1.5095,1.237,1.2103
2008-11-20,1.2525,94.98,1.4789,1.285,1.2197
2008-11-21,1.2531,95.42,1.4816,1.2849,1.2237
2008-11-24,1.289,96.69,1.5177,1.2246,1.1968
2008-11-25,1.303,95.53,1.5349,1.2214,1.1863
2008-11-26,1.2828,95.46,1.5218,1.2338,1.2064
2008-11-28,1.2694,95.46,1.5348,1.236,1.2165
2008-12-01,1.2634,93.71,1.484,1.237,1.2076
2008-12-02,1.2724,93.64,1.4949,1.2422,1.2062
2008-12-03,1.2669,93.25,1.4783,1.2573,1.2142
2008-12-04,1.284,92.78,1.4791,1.254,1.1971
2008-12-05,1.2654,92.18,1.4606,1.2971,1.2238
2008-12-08,1.2942,92.77,1.4831,1.257,1.2036
2008-12-09,1.2937,92.44,1.4776,1.2602,1.2062
2008-12-10,1.3024,92.94,1.483,1.2553,1.1949
2008-12-11,1.3294,91.96,1.4953,1.2181,1.1872
2008-12-12,1.3349,91.26,1.4874,1.2453,1.1796
2008-12-15,1.3664,90.68,1.5278,1.235,1.159
2008-12-16,1.381,89.98,1.532,1.2238,1.1406
2008-12-17,1.4358,87.84,1.5457,1.2058,1.0852
2008-12-18,1.4298,89.81,1.5103,1.1962,1.0775
2008-12-19,1.3875,89.48,1.4854,1.2273,1.1105
2008-12-22,1.3952,90.07,1.4805,1.2188,1.0949
2008-12-23,1.3966,90.57,1.4761,1.216,1.0856
2008-12-24,1.3964,90.68,1.4673,1.2125,1.0788
2008-12-26,1.4062,90.65,1.47,1.2207,1.07
2008-12-29,1.4232,90.2,1.4591,1.2162,1.0414
2008-12-30,1.4085,90.37,1.4395,1.2215,1.0567
2008-12-31,1.3919,90.79,1.4619,1.224,1.0673
2009-01-02,1.3946,91.12,1.452,1.2101,1.0685
2009-01-05,1.3576,93.2,1.4602,1.192,1.1077
2009-01-06,1.3445,94.2,1.4777,1.1822,1.1212
2009-01-07,1.3718,92.7,1.5254,1.185,1.0941
2009-01-08,1.3714,91.15,1.519,1.189,1.0925
2009-01-09,1.3495,90.25,1.5239,1.192,1.1096
2009-01-12,1.3347,88.92,1.4827,1.2075,1.1139
2009-01-13,1.3198,89.65,1.4528,1.2255,1.1212
2009-01-14,1.3174,89.28,1.4617,1.2373,1.1179
2009-01-15,1.3094,89.59,1.4602,1.2623,1.1232
2009-01-16,1.3244,90.29,1.4737,1.254,1.1177
2009-01-20,1.2946,90.19,1.4023,1.2604,1.1432
2009-01-21,1.287,87.8,1.3728,1.2749,1.1473
2009-01-22,1.2955,88.64,1.384,1.2624,1.1538
2009-01-23,1.2849,88.72,1.3658,1.2478,1.1629
2009-01-26,1.3123,89.25,1.396,1.22,1.1437
2009-01-27,1.3159,88.99,1.4148,1.2292,1.1388
2009-01-28,1.3244,88.87,1.4317,1.2096,1.1442
2009-01-29,1.2988,89.77,1.4262,1.2187,1.1507
2009-01-30,1.2804,89.83,1.4413,1.2365,1.1612
2009-02-02,1.2808,89.86,1.4228,1.2408,1.164
2009-02-03,1.301,89.09,1.4394,1.2334,1.1419
2009-02-04,1.2857,89.53,1.4472,1.2268,1.1579
2009-02-05,1.2838,91.01,1.4633,1.2307,1.1654
2009-02-06,1.2874,91.95,1.4775,1.2388,1.1694
2009-02-09,1.3064,91.47,1.4936,1.219,1.1566
2009-02-10,1.2966,90.65,1.4604,1.2332,1.1535
2009-02-11,1.2893,90.66,1.4367,1.2418,1.1599
2009-02-12,1.2822,90.55,1.4248,1.2478,1.1634
2009-02-13,1.2879,91.84,1.4422,1.2435,1.1581
2009-02-17,1.2571,92.17,1.4224,1.2606,1.1744
2009-02-18,1.2547,93.81,1.4235,1.2592,1.1813
2009-02-19,1.2675,94.09,1.4307,1.259,1.1742
2009-02-20,1.269,93.87,1.4333,1.2543,1.1681
2009-02-23,1.2747,94.63,1.4553,1.2508,1.1633
2009-02-24,1.2742,96.6,1.4408,1.2468,1.167
2009-02-25,1.2731,97.33,1.4265,1.2558,1.1646
2009-02-26,1.2764,98.55,1.4342,1.2455,1.1647
2009-02-27,1.2662,97.74,1.4276,1.271,1.1672
2009-03-02,1.258,97.17,1.3989,1.2891,1.1723
2009-03-03,1.2549,98.16,1.4034,1.2937,1.1755
2009-03-04,1.2607,99.34,1.4142,1.2768,1.1762
2009-03-05,1.2565,98.32,1.4124,1.2875,1.1727
2009-03-06,1.2674,97.88,1.411,1.2865,1.1525
2009-03-09,1.2636,98.87,1.3757,1.2995,1.1634
2009-03-10,1.2752,98.39,1.384,1.2796,1.154
2009-03-11,1.2774,97.74,1.378,1.2808,1.1585
2009-03-12,1.2799,97.86,1.3811,1.2909,1.1893
2009-03-13,1.2891,98.04,1.3972,1.2752,1.188
2009-03-16,1.2997,98.17,1.4091,1.2723,1.1819
2009-03-17,1.2972,98.85,1.4018,1.2717,1.1826
2009-03-18,1.311,98.08,1.3974,1.2715,1.1667
2009-03-19,1.373,93.85,1.4584,1.2336,1.1184
2009-03-20,1.3566,96.18,1.4435,1.237,1.1243
2009-03-23,1.3569,97.3,1.4496,1.2322,1.129
2009-03-24,1.3524,97.86,1.473,1.2263,1.1285
2009-03-25,1.3539,97.7,1.4585,1.2245,1.1239
2009-03-26,1.356,98.47,1.4497,1.2327,1.1272
2009-03-27,1.3306,97.99,1.4325,1.2392,1.1435
2009-03-30,1.3146,97.44,1.4148,1.2582,1.1532
2009-03-31,1.3261,99.15,1.43,1.2606,1.1395
2009-04-01,1.3223,98.93,1.4402,1.264,1.1465
2009-04-02,1.3458,99.48,1.47,1.238,1.1349
2009-04-03,1.3447,99.94,1.4801,1.2335,1.1321
2009-04-06,1.3363,100.65,1.4712,1.2427,1.1388
2009-04-07,1.3282,100.71,1.4744,1.2339,1.1443
2009-04-08,1.3288,99.95,1.4692,1.2353,1.1459
2009-04-09,1.3149,100.43,1.4623,1.2273,1.1583
2009-04-10,1.3143,100.3,1.4635,1.2273,1.1575
2009-04-13,1.3354,100.12,1.4831,1.221,1.1356
2009-04-14,1.3277,99.08,1.4907,1.2093,1.1387
2009-04-15,1.3182,99.37,1.499,1.204,1.1453
2009-04-16,1.3197,99.29,1.4909,1.2062,1.1471
2009-04-17,1.303,99.21,1.4778,1.2146,1.1674
2009-04-20,1.2903,98.29,1.4532,1.2338,1.1713
2009-04-21,1.2978,98.6,1.4688,1.2373,1.1654
2009-04-22,1.3012,98.14,1.4496,1.2361,1.1634
2009-04-23,1.3048,97.88,1.4635,1.2291,1.1581
2009-04-24,1.3277,97.08,1.4697,1.2095,1.1368
2009-04-27,1.3136,96.57,1.4678,1.2106,1.1472
2009-04-28,1.3061,96.49,1.4607,1.2238,1.1517
2009-04-29,1.3324,96.97,1.4802,1.2008,1.1309
2009-04-30,1.3244,98.76,1.4799,1.1939,1.1402
2009-05-01,1.3267,99.24,1.4881,1.1868,1.1364
2009-05-04,1.3365,99.12,1.4985,1.1779,1.1289
2009-05-05,1.3375,98.76,1.5099,1.1758,1.1297
2009-05-06,1.3313,98.6,1.5063,1.1726,1.1313
2009-05-07,1.3411,99.0,1.5019,1.1714,1.1278
2009-05-08,1.3494,99.01,1.509,1.158,1.1202
2009-05-11,1.362,97.45,1.5145,1.1591,1.1067
2009-05-12,1.3638,96.59,1.524,1.1671,1.1052
2009-05-13,1.3612,95.75,1.5165,1.1686,1.1061
2009-05-14,1.3608,95.62,1.5195,1.1726,1.106
2009-05-15,1.3539,94.89,1.5222,1.1756,1.1132
2009-05-18,1.3503,96.05,1.5309,1.1656,1.1181
2009-05-19,1.3608,96.1,1.5501,1.1567,1.1121
2009-05-20,1.3765,95.16,1.567,1.1434,1.1022
2009-05-21,1.3804,94.97,1.5763,1.1412,1.101
2009-05-22,1.4005,94.45,1.5892,1.1234,1.0847
2009-05-26,1.3992,94.81,1.5938,1.1199,1.0833
2009-05-27,1.3924,95.01,1.6068,1.112,1.0861
2009-05-28,1.3948,96.76,1.5956,1.1123,1.0838
2009-05-29,1.4126,95.55,1.616,1.0957,1.0692
2009-06-01,1.4192,96.53,1.6448,1.087,1.0688
2009-06-02,1.427,95.72,1.6515,1.0828,1.0624
2009-06-03,1.4194,95.72,1.6405,1.0973,1.0684
2009-06-04,1.4187,96.37,1.6173,1.0997,1.0679
2009-06-05,1.399,98.18,1.6017,1.1144,1.0852
2009-06-08,1.3884,98.56,1.5976,1.1228,1.0929
2009-06-09,1.4014,97.6,1.6267,1.1042,1.0822
2009-06-10,1.3983,98.13,1.6334,1.11,1.0816
2009-06-11,1.4093,97.83,1.6547,1.0977,1.0721
2009-06-12,1.404,98.17,1.6523,1.117,1.0756
2009-06-15,1.3784,98.03,1.6268,1.1338,1.0942
2009-06-16,1.3878,96.26,1.6446,1.1325,1.0853
2009-06-17,1.385,95.65,1.6293,1.1371,1.087
2009-06-18,1.3978,96.36,1.6369,1.1273,1.0827
2009-06-19,1.3998,96.15,1.6537,1.1287,1.0773
2009-06-22,1.3846,95.9,1.6343,1.1547,1.0875
2009-06-23,1.4035,95.32,1.6344,1.1557,1.0707
2009-06-24,1.4015,95.38,1.6486,1.1462,1.0842
2009-06-25,1.3953,96.21,1.6336,1.1576,1.096
2009-06-26,1.4056,95.19,1.6498,1.1527,1.0856
2009-06-29,1.4058,95.84,1.6533,1.158,1.0849
2009-06-30,1.402,96.42,1.6452,1.1626,1.0867
2009-07-01,1.4186,96.41,1.6524,1.1446,1.072
2009-07-02,1.4018,95.9,1.6398,1.16,1.0836
2009-07-03,1.3991,95.95,1.6336,1.1625,1.0863
2009-07-06,1.3938,95.0,1.623,1.1608,1.0877
2009-07-07,1.3965,95.11,1.6158,1.163,1.0858
2009-07-08,1.3852,92.9,1.6027,1.165,1.0923
2009-07-09,1.4026,92.79,1.6301,1.1623,1.0773
2009-07-10,1.3926,92.33,1.6185,1.1649,1.0856
2009-07-13,1.3973,92.74,1.6179,1.1541,1.0842
2009-07-14,1.3971,93.03,1.6294,1.1401,1.085
2009-07-15,1.4116,94.09,1.6439,1.1192,1.0746
2009-07-16,1.4115,93.59,1.6417,1.1172,1.0755
2009-07-17,1.412,94.08,1.633,1.1168,1.0766
2009-07-20,1.4211,94.52,1.6494,1.1065,1.0688
2009-07-21,1.4196,93.36,1.6419,1.1077,1.0677
2009-07-22,1.422,93.77,1.6439,1.098,1.0659
2009-07-23,1.4266,94.75,1.6562,1.0867,1.0667
2009-07-24,1.4213,94.86,1.6432,1.0843,1.0701
2009-07-27,1.4212,95.32,1.6486,1.0833,1.0729
2009-07-28,1.4215,94.6,1.6477,1.0802,1.0704
2009-07-29,1.4033,95.13,1.6379,1.0881,1.0882
2009-07-30,1.4066,95.67,1.6483,1.0814,1.0894
2009-07-31,1.4279,94.54,1.6713,1.0791,1.0668
2009-08-03,1.4416,95.23,1.6956,1.065,1.0578
2009-08-04,1.44,95.41,1.6932,1.0685,1.0605
2009-08-05,1.4391,94.98,1.6977,1.0722,1.063
2009-08-06,1.4357,95.56,1.6774,1.076,1.0658
2009-08-07,1.418,97.65,1.6669,1.0838,1.0826
2009-08-10,1.4143,97.23,1.6487,1.0848,1.0855
2009-08-11,1.4141,95.94,1.6501,1.0987,1.0825
2009-08-12,1.4215,96.16,1.6538,1.0875,1.0765
2009-08-13,1.4283,95.46,1.658,1.0881,1.0715
2009-08-14,1.4216,94.64,1.6529,1.0973,1.0719
2009-08-17,1.4088,94.33,1.6323,1.1077,1.0787
2009-08-18,1.4075,94.72,1.6418,1.1097,1.0795
2009-08-19,1.4262,93.87,1.6555,1.0968,1.063
2009-08-20,1.4235,94.12,1.6494,1.0902,1.0659
2009-08-21,1.4305,94.6,1.6503,1.0799,1.0613
2009-08-24,1.432,94.47,1.6417,1.074,1.0606
2009-08-25,1.435,94.28,1.643,1.0727,1.0575
2009-08-26,1.423,94.25,1.6235,1.0988,1.0697
2009-08-27,1.4272,93.57,1.6212,1.0961,1.0667
2009-08-28,1.4358,93.55,1.6331,1.0875,1.056
2009-08-31,1.4354,92.82,1.6314,1.0967,1.0569
2009-09-01,1.4235,93.09,1.6168,1.1028,1.0653
2009-09-02,1.4246,92.43,1.6269,1.106,1.0628
2009-09-03,1.4278,92.54,1.6354,1.1034,1.0598
2009-09-04,1.4278,92.75,1.6378,1.0894,1.0613
2009-09-08,1.4497,92.21,1.6512,1.0762,1.0463
2009-09-09,1.4573,91.85,1.6557,1.0783,1.0403
2009-09-10,1.4568,91.86,1.6649,1.0811,1.0396
2009-09-11,1.4586,90.3,1.6695,1.0742,1.0373
2009-09-14,1.4613,90.85,1.6588,1.0859,1.0359
2009-09-15,1.4617,90.95,1.6436,1.076,1.0374
2009-09-16,1.4698,91.0,1.6501,1.0662,1.0328
2009-09-17,1.4735,91.15,1.6522,1.0615,1.029
2009-09-18,1.4704,91.31,1.6266,1.0721,1.0293
2009-09-21,1.4692,91.87,1.6228,1.0775,1.0317
2009-09-22,1.4795,91.08,1.638,1.0683,1.0237
2009-09-23,1.4752,91.45,1.6404,1.0722,1.0259
2009-09-24,1.4696,91.16,1.6068,1.0864,1.0279
2009-09-25,1.4682,89.83,1.5967,1.0918,1.0277
2009-09-28,1.465,89.34,1.591,1.086,1.0301
2009-09-29,1.4553,90.26,1.5924,1.0872,1.0385
2009-09-30,1.463,89.49,1.6004,1.0719,1.0375
2009-10-01,1.4532,89.73,1.595,1.0773,1.0424
2009-10-02,1.459,89.62,1.5878,1.0843,1.0345
2009-10-05,1.4647,89.56,1.5926,1.0755,1.0322
2009-10-06,1.4744,88.77,1.5904,1.057,1.0248
2009-10-07,1.4675,88.76,1.5899,1.0619,1.0333
2009-10-08,1.4777,88.44,1.609,1.0533,1.027
2009-10-09,1.4715,89.69,1.5896,1.0425,1.0316
2009-10-13,1.4839,89.71,1.5896,1.0297,1.023
2009-10-14,1.4899,89.44,1.5974,1.0289,1.0172
2009-10-15,1.4945,90.39,1.6249,1.0304,1.0136
2009-10-16,1.4889,90.73,1.635,1.0389,1.0188
2009-10-19,1.4947,90.72,1.64,1.0307,1.013
2009-10-20,1.4905,90.83,1.638,1.0494,1.0144
2009-10-21,1.5009,91.04,1.661,1.0413,1.0064
2009-10-22,1.5003,91.42,1.6595,1.0476,1.0069
2009-10-23,1.5029,91.88,1.6351,1.0507,1.007
2009-10-26,1.4941,91.96,1.6351,1.0618,1.0136
2009-10-27,1.4821,92.04,1.6334,1.0644,1.0218
2009-10-28,1.4763,91.07,1.6375,1.0757,1.0232
2009-10-29,1.4819,91.41,1.6559,1.0702,1.0194
2009-10-30,1.4755,90.5,1.6479,1.0767,1.0238
2009-11-02,1.4828,90.56,1.641,1.0742,1.0177
2009-11-03,1.4658,90.3,1.6383,1.0701,1.0306
2009-11-04,1.4836,90.96,1.6571,1.0644,1.0183
2009-11-05,1.4857,90.45,1.6565,1.0649,1.017
2009-11-06,1.4835,89.86,1.6586,1.0717,1.0182
2009-11-09,1.4999,89.92,1.6721,1.0563,1.0077
2009-11-10,1.496,89.82,1.6681,1.0516,1.0092
2009-11-12,1.4865,90.4,1.6543,1.0513,1.0164
2009-11-13,1.4886,89.55,1.6657,1.05,1.0141
2009-11-16,1.4977,89.28,1.6795,1.0458,1.0075
2009-11-17,1.483,89.41,1.6768,1.0589,1.0192
2009-11-18,1.499,89.36,1.6756,1.0496,1.008
2009-11-19,1.4905,88.95,1.6658,1.0634,1.0149
2009-11-20,1.487,88.9,1.6529,1.0698,1.0177
2009-11-23,1.4968,89.14,1.6599,1.055,1.0097
2009-11-24,1.4937,88.58,1.6577,1.0608,1.0116
2009-11-25,1.5085,87.65,1.6671,1.0499,1.0004
2009-11-27,1.4963,86.87,1.6494,1.062,1.0063
2009-11-30,1.4994,86.12,1.6409,1.057,1.005
2009-12-01,1.51,86.62,1.6626,1.043,0.9984
2009-12-02,1.5059,87.13,1.6641,1.0465,1.0006
2009-12-03,1.5081,88.2,1.6578,1.0539,0.9995
2009-12-04,1.4885,89.87,1.6515,1.0515,1.0136
2009-12-07,1.482,89.44,1.6429,1.0508,1.0199
2009-12-08,1.4741,88.41,1.6302,1.0599,1.0245
2009-12-09,1.4725,87.83,1.6242,1.055,1.0262
2009-12-10,1.4716,88.2,1.6257,1.0518,1.027
2009-12-11,1.4601,89.23,1.6236,1.0583,1.0356
2009-12-14,1.4645,88.65,1.6285,1.059,1.0321
2009-12-15,1.4514,89.91,1.6234,1.0622,1.0421
2009-12-16,1.4577,89.52,1.6369,1.0579,1.0355
2009-12-17,1.4317,90.35,1.6135,1.0713,1.0491
2009-12-18,1.4281,90.47,1.6083,1.0679,1.0452
2009-12-21,1.4319,90.95,1.6083,1.0592,1.0441
2009-12-22,1.4243,91.67,1.5956,1.0555,1.0486
2009-12-23,1.4341,91.52,1.5955,1.0476,1.038
2009-12-24,1.4367,91.69,1.5941,1.0485,1.0369
2009-12-28,1.4392,91.57,1.6001,1.043,1.0341
2009-12-29,1.4356,91.95,1.5892,1.04,1.0365
2009-12-30,1.4316,92.66,1.605,1.0523,1.0391
2009-12-31,1.4332,93.08,1.6167,1.0461,1.0358
2010-01-04,1.4419,92.55,1.6109,1.0377,1.0294
2010-01-05,1.4402,91.48,1.6009,1.0371,1.0322
2010-01-06,1.4404,92.53,1.6016,1.0333,1.0282
2010-01-07,1.4314,93.31,1.5912,1.0351,1.0341
2010-01-08,1.4357,92.7,1.5993,1.0345,1.0296
2010-01-11,1.4536,91.9,1.6146,1.0317,1.0154
2010-01-12,1.4523,90.95,1.6181,1.0374,1.016
2010-01-13,1.4492,91.38,1.6288,1.0319,1.0194
2010-01-14,1.4478,91.03,1.632,1.026,1.0206
2010-01-15,1.4376,90.79,1.624,1.0287,1.0264
2010-01-19,1.4269,91.13,1.637,1.0325,1.034
2010-01-20,1.4094,91.23,1.6287,1.0477,1.0453
2010-01-21,1.4106,90.25,1.6214,1.0483,1.0426
2010-01-22,1.4154,90.07,1.612,1.0561,1.04
2010-01-25,1.4146,90.12,1.6236,1.0582,1.0403
2010-01-26,1.4063,89.63,1.6109,1.0669,1.0466
2010-01-27,1.4053,89.41,1.6204,1.0657,1.0472
2010-01-28,1.3993,90.08,1.6242,1.0584,1.0517
2010-01-29,1.387,90.38,1.6009,1.0652,1.0557
2010-02-01,1.3904,90.8,1.5924,1.0651,1.0586
2010-02-02,1.3955,90.39,1.5968,1.0607,1.0557
2010-02-03,1.3907,91.11,1.5915,1.0608,1.059
2010-02-04,1.3759,89.11,1.5763,1.0735,1.0655
2010-02-05,1.3608,89.25,1.5619,1.0727,1.0779
2010-02-08,1.3699,89.32,1.565,1.0692,1.0696
2010-02-09,1.3795,89.45,1.5679,1.069,1.0641
2010-02-10,1.3722,89.88,1.5606,1.0667,1.0682
2010-02-11,1.364,89.82,1.5674,1.0522,1.0747
2010-02-12,1.3625,90.0,1.5669,1.0529,1.0767
2010-02-16,1.3742,90.46,1.5732,1.0427,1.0681
2010-02-17,1.3623,90.79,1.5704,1.0455,1.0768
2010-02-18,1.3563,91.43,1.5582,1.045,1.0806
2010-02-19,1.3538,91.94,1.5437,1.0419,1.0824
2010-02-22,1.359,91.11,1.5477,1.0428,1.0773
2010-02-23,1.3537,90.04,1.5464,1.0517,1.0818
2010-02-24,1.3576,90.06,1.5432,1.0551,1.0779
2010-02-25,1.3476,88.85,1.5201,1.0675,1.0858
2010-02-26,1.366,88.84,1.5239,1.052,1.0711
2010-03-01,1.3516,89.28,1.4974,1.0421,1.0827
2010-03-02,1.3564,88.95,1.494,1.0325,1.079
2010-03-03,1.3731,88.43,1.5124,1.0286,1.0652
2010-03-04,1.3571,89.02,1.5031,1.0307,1.078
2010-03-05,1.3608,90.32,1.5115,1.0284,1.0751
2010-03-08,1.3613,90.3,1.506,1.0286,1.0744
2010-03-09,1.3586,89.89,1.5003,1.0249,1.0765
2010-03-10,1.3658,90.62,1.4977,1.0241,1.0702
2010-03-11,1.3674,90.6,1.5052,1.0262,1.0689
2010-03-12,1.3753,90.46,1.5188,1.0187,1.0599
2010-03-15,1.3652,90.45,1.5043,1.0216,1.0635
2010-03-16,1.3758,90.43,1.5192,1.0147,1.0556
2010-03-17,1.3739,90.42,1.5296,1.011,1.0551
2010-03-18,1.3603,90.46,1.5247,1.0139,1.063
2010-03-19,1.353,90.5,1.5014,1.0153,1.0615
2010-03-22,1.3531,90.02,1.5071,1.0193,1.058
2010-03-23,1.3535,90.24,1.5067,1.0176,1.0561
2010-03-24,1.3347,91.89,1.4914,1.0268,1.0692
2010-03-25,1.3344,92.69,1.4884,1.0188,1.0697
2010-03-26,1.3398,92.56,1.4906,1.0283,1.0662
2010-03-29,1.3465,92.65,1.4969,1.0201,1.0634
2010-03-30,1.3409,92.89,1.509,1.0189,1.0671
2010-03-31,1.3526,93.4,1.5186,1.0156,1.0528
2010-04-01,1.3569,93.83,1.529,1.0073,1.0559
2010-04-02,1.3487,94.51,1.5197,1.011,1.0632
2010-04-05,1.3486,94.28,1.5284,1.0025,1.0619
2010-04-06,1.3378,93.81,1.523,1.0001,1.0704
2010-04-07,1.3364,93.59,1.5246,1.0028,1.0716
2010-04-08,1.336,93.16,1.5272,1.0019,1.0723
2010-04-09,1.3468,93.28,1.5371,1.0055,1.0672
2010-04-12,1.3587,93.21,1.5368,1.0015,1.0598
2010-04-13,1.3592,92.78,1.5416,1.0029,1.0573
2010-04-14,1.3666,93.01,1.5484,0.996,1.0512
2010-04-15,1.354,93.04,1.5465,1.0013,1.0595
2010-04-16,1.3487,92.03,1.5395,1.0145,1.0624
2010-04-19,1.3458,92.18,1.5263,1.0199,1.065
2010-04-20,1.3446,93.28,1.5375,0.9984,1.0673
2010-04-21,1.3383,93.24,1.5397,0.9983,1.0708
2010-04-22,1.3298,93.01,1.5368,1.0014,1.0778
2010-04-23,1.336,94.18,1.5363,1.0026,1.0743
2010-04-26,1.3336,94.06,1.5466,1.0009,1.0753
2010-04-27,1.323,93.01,1.5285,1.0169,1.0837
2010-04-28,1.313,94.07,1.516,1.0125,1.091
2010-04-29,1.3243,94.16,1.5303,1.0052,1.0824
2010-04-30,1.3302,94.24,1.5308,1.0112,1.0767
2010-05-03,1.3183,94.68,1.5242,1.0134,1.0868
2010-05-04,1.3037,94.58,1.5135,1.0215,1.0987
2010-05-05,1.289,94.3,1.5134,1.0264,1.1118
2010-05-06,1.2689,92.22,1.4889,1.0437,1.1092
2010-05-07,1.2721,91.67,1.4739,1.0423,1.1085
2010-05-10,1.2861,93.39,1.498,1.0245,1.1069
2010-05-11,1.2715,92.83,1.4952,1.0193,1.1059
2010-05-12,1.2642,92.93,1.4855,1.0197,1.1101
2010-05-13,1.2568,92.7,1.4659,1.0148,1.1146
2010-05-14,1.239,91.94,1.4557,1.0343,1.1304
2010-05-17,1.2299,92.08,1.4388,1.04,1.1392
2010-05-18,1.2358,92.52,1.4439,1.0329,1.1342
2010-05-19,1.2317,91.16,1.4349,1.051,1.1564
2010-05-20,1.237,90.07,1.4344,1.0656,1.15
2010-05-21,1.2575,90.21,1.4466,1.0564,1.1485
2010-05-24,1.2406,90.49,1.4437,1.0587,1.1561
2010-05-25,1.2279,89.89,1.4352,1.0776,1.1593
2010-05-26,1.2224,90.28,1.4401,1.0647,1.1602
2010-05-27,1.237,90.71,1.4569,1.0491,1.15
2010-05-28,1.2369,90.81,1.4492,1.0497,1.1534
2010-06-01,1.2266,91.16,1.4673,1.0476,1.1548
2010-06-02,1.2206,92.21,1.4641,1.0404,1.1575
2010-06-03,1.2193,92.33,1.4616,1.0413,1.154
2010-06-04,1.1998,91.83,1.4493,1.0516,1.1614
2010-06-07,1.1959,92.0,1.4498,1.0537,1.1613
2010-06-08,1.1995,91.3,1.4422,1.0517,1.151
2010-06-09,1.2045,91.54,1.4585,1.0395,1.1455
2010-06-10,1.2111,91.04,1.4674,1.0336,1.1418
2010-06-11,1.2077,91.72,1.4545,1.0329,1.1521
2010-06-14,1.2277,91.8,1.477,1.0251,1.1378
2010-06-15,1.2327,91.25,1.4827,1.0287,1.131
2010-06-16,1.2323,91.39,1.4838,1.0236,1.1267
2010-06-17,1.2365,90.92,1.4806,1.0283,1.1137
2010-06-18,1.236,90.79,1.4787,1.0237,1.1107
2010-06-21,1.2385,91.18,1.4826,1.0197,1.108
2010-06-22,1.2303,90.59,1.485,1.0201,1.1047
2010-06-23,1.231,89.82,1.4952,1.039,1.1053
2010-06-24,1.2288,89.4,1.4986,1.0429,1.1048
2010-06-25,1.2332,89.35,1.4985,1.0369,1.0937
2010-06-28,1.2316,89.23,1.5098,1.0337,1.086
2010-06-29,1.2187,88.39,1.5081,1.0531,1.081
2010-06-30,1.2291,88.49,1.4947,1.0606,1.0774
2010-07-01,1.2464,87.42,1.5126,1.0622,1.0675
2010-07-02,1.2577,87.69,1.5179,1.0647,1.0635
2010-07-06,1.2646,87.55,1.518,1.0497,1.0587
2010-07-07,1.2594,87.16,1.5179,1.0525,1.0545
2010-07-08,1.2683,88.44,1.5157,1.041,1.0502
2010-07-09,1.2639,88.48,1.5095,1.0328,1.0577
2010-07-12,1.2573,88.53,1.5016,1.0377,1.0621
2010-07-13,1.2719,88.24,1.5175,1.0281,1.0524
2010-07-14,1.2755,88.59,1.5284,1.0304,1.0556
2010-07-15,1.2893,87.41,1.5376,1.0401,1.0421
2010-07-16,1.2919,86.4,1.5289,1.0536,1.0522
2010-07-19,1.2963,86.77,1.5222,1.0557,1.0524
2010-07-20,1.2905,87.22,1.5255,1.0526,1.0481
2010-07-21,1.2818,87.3,1.5201,1.0422,1.052
2010-07-22,1.2903,87.0,1.5283,1.0373,1.0403
2010-07-23,1.2874,87.31,1.5425,1.0376,1.0529
2010-07-26,1.2983,87.2,1.549,1.0312,1.048
2010-07-27,1.2983,87.88,1.5538,1.0357,1.0622
2010-07-28,1.2998,87.62,1.5611,1.0356,1.0578
2010-07-29,1.3064,86.87,1.5591,1.0368,1.0412
2010-07-30,1.3069,86.43,1.5714,1.0293,1.041
2010-08-02,1.3174,86.42,1.5897,1.0227,1.0379
2010-08-03,1.3239,85.88,1.5941,1.0219,1.0384
2010-08-04,1.3158,86.26,1.5887,1.0184,1.0514
2010-08-05,1.3157,85.83,1.586,1.0154,1.0475
2010-08-06,1.3282,85.25,1.5979,1.0272,1.0365
2010-08-09,1.3241,85.88,1.5945,1.0266,1.0457
2010-08-10,1.3095,85.88,1.5776,1.0347,1.0575
2010-08-11,1.2899,85.36,1.5688,1.0455,1.0584
2010-08-12,1.2866,85.83,1.5573,1.0433,1.0485
2010-08-13,1.2767,86.2,1.558,1.04,1.0526
2010-08-16,1.2838,85.33,1.5679,1.0429,1.0378
2010-08-17,1.289,85.51,1.5586,1.0311,1.0434
2010-08-18,1.2872,85.31,1.5619,1.0286,1.0404
2010-08-19,1.2837,85.27,1.5612,1.0397,1.031
2010-08-20,1.2687,85.63,1.5515,1.0499,1.0372
2010-08-23,1.2663,85.16,1.5532,1.0512,1.0391
2010-08-24,1.2675,84.16,1.5471,1.0563,1.0307
2010-08-25,1.2652,84.56,1.546,1.064,1.0273
2010-08-26,1.2717,84.61,1.5574,1.0545,1.0253
2010-08-27,1.2765,85.1,1.5528,1.0547,1.0268
2010-08-30,1.2686,84.67,1.5473,1.0561,1.0244
2010-08-31,1.2704,84.1,1.5358,1.064,1.015
2010-09-01,1.2813,84.48,1.5472,1.0497,1.0149
2010-09-02,1.2824,84.15,1.5393,1.052,1.0118
2010-09-03,1.2885,84.45,1.5452,1.0411,1.0174
2010-09-07,1.2723,83.75,1.5315,1.0426,1.0114
2010-09-08,1.2727,83.85,1.5513,1.0359,1.0106
2010-09-09,1.2708,83.83,1.5448,1.0323,1.0149
2010-09-10,1.2731,84.13,1.5387,1.0357,1.0175
2010-09-13,1.289,83.53,1.5466,1.0277,1.0079
2010-09-14,1.3014,83.05,1.5559,1.0219,0.9938
2010-09-15,1.3008,85.63,1.5641,1.0281,1.0032
2010-09-16,1.3079,85.72,1.5612,1.0274,1.0143
2010-09-17,1.3046,85.77,1.5635,1.0331,1.0092
2010-09-20,1.3074,85.74,1.5564,1.028,1.005
2010-09-21,1.3136,85.36,1.5551,1.0314,1.0038
2010-09-22,1.3385,84.37,1.5649,1.0325,0.9865
2010-09-23,1.3344,84.32,1.5723,1.0307,0.9843
2010-09-24,1.3476,84.24,1.5829,1.0262,0.9828
2010-09-27,1.3475,84.17,1.5851,1.026,0.9831
2010-09-28,1.3583,83.82,1.5808,1.0305,0.9756
2010-09-29,1.3638,83.61,1.5812,1.03,0.9752
2010-09-30,1.3601,83.53,1.5731,1.0293,0.9808
2010-10-01,1.3754,83.3,1.5829,1.0214,0.9761
2010-10-04,1.3688,83.33,1.5849,1.0235,0.9723
2010-10-05,1.3834,83.17,1.5915,1.0169,0.9663
2010-10-06,1.3924,82.8,1.5903,1.0073,0.9604
2010-10-07,1.3921,82.35,1.593,1.0167,0.9667
2010-10-08,1.3923,81.86,1.5951,1.0138,0.9609
2010-10-12,1.3846,81.74,1.5799,1.0111,0.9593
2010-10-13,1.3964,81.81,1.5843,1.0028,0.9588
2010-10-14,1.4066,81.44,1.5992,1.0036,0.953
2010-10-15,1.3998,81.32,1.6027,1.0108,0.9562
2010-10-18,1.3978,81.16,1.5907,1.0145,0.9558
2010-10-19,1.3827,81.6,1.5739,1.0298,0.9702
2010-10-20,1.3949,81.14,1.5857,1.0245,0.9615
2010-10-21,1.3973,81.16,1.5753,1.0232,0.9642
2010-10-22,1.3904,81.48,1.5677,1.0262,0.9792
2010-10-25,1.3986,80.61,1.5748,1.0197,0.9711
2010-10-26,1.3873,81.28,1.5871,1.022,0.9824
2010-10-27,1.3788,81.55,1.5782,1.0321,0.9893
2010-10-28,1.3929,80.99,1.5945,1.0194,0.9834
2010-10-29,1.3894,80.48,1.602,1.0187,0.985
2010-11-01,1.3888,80.66,1.605,1.0133,0.9935
2010-11-02,1.4026,80.8,1.601,1.0098,0.9782
2010-11-03,1.4014,81.41,1.608,1.009,0.9793
2010-11-04,1.4224,80.61,1.6282,1.0022,0.9629
2010-11-05,1.4033,81.35,1.6211,1.0012,0.958
2010-11-08,1.3927,81.14,1.615,1.0021,0.9642
2010-11-09,1.3865,81.15,1.605,1.0013,0.9646
2010-11-10,1.3728,82.53,1.6071,1.0016,0.9739
2010-11-12,1.37,82.44,1.6172,1.0079,0.9758
2010-11-15,1.3615,82.9,1.6064,1.0064,0.9837
2010-11-16,1.3517,83.41,1.5881,1.0231,0.9924
2010-11-17,1.3555,83.15,1.5941,1.0205,0.9895
2010-11-18,1.3618,83.64,1.601,1.0172,0.9969
2010-11-19,1.3654,83.49,1.5961,1.0206,0.9979
2010-11-22,1.3612,83.46,1.5932,1.0187,0.9917
2010-11-23,1.3388,82.86,1.5824,1.024,0.9951
2010-11-24,1.335,83.38,1.5774,1.011,0.9945
2010-11-26,1.3243,84.08,1.5616,1.0188,1.0016
2010-11-29,1.3092,84.34,1.5557,1.0227,1.0012
2010-11-30,1.3036,83.56,1.5578,1.0266,0.9985
2010-12-01,1.3149,84.0,1.5603,1.016,0.9997
2010-12-02,1.3228,83.53,1.561,1.0045,0.9901
2010-12-03,1.3367,82.73,1.5723,1.0059,0.9764
2010-12-06,1.3275,82.7,1.568,1.0056,0.9848
2010-12-07,1.3323,83.04,1.5802,1.0093,0.9828
2010-12-08,1.3242,84.16,1.5792,1.01,0.9879
2010-12-09,1.3206,83.85,1.5733,1.0098,0.9846
2010-12-10,1.3242,83.87,1.5809,1.0091,0.9796
2010-12-13,1.3389,83.57,1.5882,1.0046,0.9668
2010-12-14,1.3395,83.52,1.5795,1.0039,0.961
2010-12-15,1.3306,84.04,1.5613,1.0033,0.9619
2010-12-16,1.3206,84.23,1.5612,1.0056,0.966
2010-12-17,1.3155,84.15,1.548,1.0125,0.9707
2010-12-20,1.3124,83.72,1.5521,1.0176,0.9638
2010-12-21,1.3131,83.76,1.5462,1.0173,0.9585
2010-12-22,1.3089,83.56,1.539,1.0143,0.9503
2010-12-23,1.3101,82.97,1.54,1.0095,0.962
2010-12-27,1.3146,82.91,1.5382,1.0086,0.9626
2010-12-28,1.3122,82.21,1.5361,1.0006,0.9516
2010-12-29,1.3183,81.9,1.5463,1.0004,0.9496
2010-12-30,1.3269,81.67,1.5392,1.0009,0.9369
2011-01-03,1.3371,81.56,1.549,0.9903,0.9329
2011-01-04,1.3306,81.96,1.5586,0.9985,0.9478
2011-01-05,1.3171,83.22,1.5497,0.9946,0.9644
2011-01-06,1.3027,83.15,1.549,0.9953,0.963
2011-01-07,1.2944,83.04,1.556,0.9932,0.965
2011-01-10,1.2945,82.78,1.5583,0.9923,0.9686
2011-01-11,1.2978,83.36,1.5628,0.9901,0.9755
2011-01-12,1.3066,83.29,1.5716,0.9864,0.9717
2011-01-13,1.3364,82.72,1.587,0.9866,0.9624
2011-01-14,1.3328,82.99,1.5874,0.9902,0.9657
2011-01-18,1.3399,82.66,1.6,0.9912,0.9633
2011-01-19,1.3495,82.03,1.5991,0.9938,0.9585
2011-01-20,1.3443,83.02,1.5875,1.0001,0.9656
2011-01-21,1.3581,82.63,1.5997,0.9943,0.959
2011-01-24,1.3653,82.44,1.5995,0.9933,0.9488
2011-01-25,1.3644,82.35,1.5818,0.9984,0.9451
2011-01-26,1.3688,82.27,1.5886,0.9954,0.9436
2011-01-27,1.3688,83.03,1.5905,0.994,0.9464
2011-01-28,1.3607,82.03,1.5838,0.9989,0.9429
2011-01-31,1.3715,81.97,1.6042,1.002,0.9402
2011-02-01,1.3793,81.48,1.6124,0.9921,0.9388
2011-02-02,1.3779,81.82,1.6167,0.9883,0.9406
2011-02-03,1.3654,81.48,1.6159,0.9901,0.9435
2011-02-04,1.3584,81.99,1.6089,0.9899,0.9557
2011-02-07,1.3557,82.4,1.6111,0.9885,0.9569
2011-02-08,1.3687,81.92,1.6091,0.9905,0.957
2011-02-09,1.3688,82.47,1.6089,0.9946,0.9611
2011-02-10,1.3637,83.11,1.6132,0.9955,0.9659
2011-02-11,1.352,83.52,1.5986,0.99,0.9755
2011-02-14,1.3474,83.32,1.6023,0.9883,0.9708
2011-02-15,1.3494,83.79,1.6128,0.9885,0.9677
2011-02-16,1.3547,83.73,1.6063,0.9853,0.9616
2011-02-17,1.3612,83.25,1.6172,0.9839,0.9508
2011-02-18,1.3673,83.22,1.6245,0.9827,0.9483
2011-02-22,1.3661,82.94,1.6129,0.986,0.9393
2011-02-23,1.3758,82.39,1.6221,0.9922,0.932
2011-02-24,1.3794,81.67,1.6106,0.9842,0.9252
2011-02-25,1.3757,81.76,1.6078,0.9808,0.9282
2011-02-28,1.3793,81.94,1.6247,0.9737,0.9305
2011-03-01,1.3813,81.86,1.6309,0.9742,0.9284
2011-03-02,1.3869,81.62,1.6311,0.9733,0.922
2011-03-03,1.3947,82.41,1.6266,0.9746,0.9306
2011-03-04,1.3983,82.35,1.625,0.9715,0.9263
2011-03-07,1.3976,82.12,1.6204,0.9737,0.9256
2011-03-08,1.3912,82.69,1.6164,0.9712,0.9346
2011-03-09,1.3906,82.78,1.6202,0.9686,0.9298
2011-03-10,1.3823,82.98,1.6063,0.9729,0.932
2011-03-11,1.3864,81.77,1.6033,0.9732,0.9276
2011-03-14,1.3975,81.65,1.6181,0.9758,0.9253
2011-03-15,1.3968,80.82,1.6064,0.9831,0.9187
2011-03-16,1.3922,80.17,1.6028,0.9921,0.912
2011-03-17,1.4021,78.74,1.6143,0.9886,0.8998
2011-03-18,1.4141,81.14,1.6187,0.9846,0.9025
2011-03-21,1.4184,81.11,1.6276,0.9772,0.9057
2011-03-22,1.4212,81.0,1.6387,0.9769,0.9041
2011-03-23,1.4124,80.94,1.6246,0.982,0.9064
2011-03-24,1.42,80.82,1.6159,0.9748,0.9061
2011-03-25,1.4144,81.12,1.6086,0.9779,0.9143
2011-03-28,1.4104,81.67,1.6024,0.9757,0.9169
2011-03-29,1.409,82.38,1.5983,0.9758,0.9205
2011-03-30,1.4095,82.98,1.6038,0.9715,0.9213
2011-03-31,1.4183,82.76,1.6048,0.9717,0.9157
2011-04-01,1.4215,84.05,1.6132,0.9629,0.9243
2011-04-04,1.4221,83.98,1.6129,0.9677,0.9224
2011-04-05,1.423,84.65,1.6282,0.9635,0.9242
2011-04-06,1.4333,85.26,1.6314,0.9587,0.9172
2011-04-07,1.4287,84.98,1.6304,0.9593,0.9178
2011-04-08,1.4437,84.99,1.6341,0.9564,0.9105
2011-04-11,1.4454,84.58,1.6386,0.9547,0.9067
2011-04-12,1.4455,83.79,1.6263,0.9624,0.898
2011-04-13,1.4477,83.59,1.6285,0.9638,0.8939
2011-04-14,1.4464,83.23,1.635,0.9626,0.8924
2011-04-15,1.4443,83.13,1.6325,0.9615,0.8935
2011-04-18,1.4211,82.43,1.6229,0.9689,0.8986
2011-04-19,1.4319,82.41,1.6315,0.9572,0.899
2011-04-20,1.4513,82.58,1.6405,0.9523,0.8914
2011-04-21,1.4585,81.81,1.6572,0.9518,0.8821
2011-04-22,1.4545,81.92,1.6517,0.9535,0.8865
2011-04-25,1.4576,81.93,1.6497,0.9541,0.8806
2011-04-26,1.4625,81.93,1.6465,0.9508,0.8803
2011-04-27,1.4659,82.6,1.653,0.955,0.8807
2011-04-28,1.4785,81.57,1.6636,0.9513,0.8736
2011-04-29,1.4821,81.31,1.6691,0.9486,0.8666
2011-05-02,1.487,81.23,1.669,0.9492,0.864
2011-05-03,1.4875,81.02,1.6536,0.9489,0.8609
2011-05-04,1.4859,80.69,1.6524,0.9579,0.8582
2011-05-05,1.4583,80.12,1.6427,0.9667,0.8698
2011-05-06,1.4495,80.51,1.6417,0.9616,0.8732
2011-05-09,1.4301,80.66,1.6338,0.966,0.8753
2011-05-10,1.4358,80.75,1.6331,0.9611,0.8805
2011-05-11,1.4269,80.78,1.6412,0.9581,0.8846
2011-05-12,1.4229,80.75,1.629,0.9656,0.8842
2011-05-13,1.4141,80.76,1.6179,0.9708,0.8907
2011-05-16,1.4219,80.82,1.624,0.9701,0.8818
2011-05-17,1.4155,81.39,1.6206,0.9772,0.8848
2011-05-18,1.427,81.37,1.6148,0.9722,0.8792
2011-05-19,1.4254,81.78,1.6179,0.9703,0.884
2011-05-20,1.4172,81.64,1.6222,0.9735,0.8776
2011-05-23,1.4015,81.81,1.6102,0.9791,0.8831
2011-05-24,1.4107,82.12,1.6185,0.9773,0.88
2011-05-25,1.4102,81.96,1.6277,0.9765,0.872
2011-05-26,1.4088,81.44,1.6346,0.9809,0.8666
2011-05-27,1.4287,80.75,1.6494,0.9771,0.852
2011-05-31,1.4376,81.29,1.6439,0.9688,0.8525
2011-06-01,1.4431,80.82,1.6391,0.9713,0.8401
2011-06-02,1.4426,80.98,1.6325,0.9794,0.8438
2011-06-03,1.4604,80.38,1.6397,0.9768,0.8352
2011-06-06,1.462,80.19,1.6362,0.9784,0.836
2011-06-07,1.4675,80.21,1.6444,0.9743,0.8388
2011-06-08,1.4587,79.87,1.6381,0.9778,0.8369
2011-06-09,1.4534,80.07,1.6382,0.9732,0.8412
2011-06-10,1.4365,80.26,1.6254,0.9769,0.8419
2011-06-13,1.4368,80.16,1.6308,0.9778,0.8369
2011-06-14,1.4473,80.5,1.6388,0.9684,0.8444
2011-06-15,1.4221,80.71,1.6218,0.9778,0.8508
2011-06-16,1.4155,80.7,1.613,0.9842,0.8507
2011-06-17,1.4326,80.1,1.6186,0.9797,0.8462
2011-06-20,1.432,80.26,1.6206,0.9785,0.8416
2011-06-21,1.4399,80.15,1.6232,0.9722,0.8433
2011-06-22,1.4403,80.06,1.6131,0.9725,0.8356
2011-06-23,1.4166,80.45,1.5977,0.98,0.8379
2011-06-24,1.4189,80.32,1.5985,0.9847,0.8373
2011-06-27,1.4282,80.89,1.5972,0.9859,0.8367
2011-06-28,1.4368,80.85,1.6016,0.9819,0.8298
2011-06-29,1.4428,80.8,1.607,0.9703,0.8349
2011-06-30,1.4523,80.64,1.6067,0.9642,0.8413
2011-07-01,1.4508,80.81,1.607,0.9608,0.8479
2011-07-05,1.447,81.14,1.6085,0.9608,0.8452
2011-07-06,1.4329,80.9,1.5998,0.9656,0.8393
2011-07-07,1.4349,81.26,1.5967,0.9585,0.844
2011-07-08,1.4251,80.64,1.603,0.9627,0.8376
2011-07-11,1.4034,80.37,1.5932,0.9663,0.8351
2011-07-12,1.4014,79.53,1.594,0.9667,0.8335
2011-07-13,1.4167,78.99,1.6111,0.9582,0.8213
2011-07-14,1.4182,79.11,1.6125,0.9584,0.8167
2011-07-15,1.4156,79.03,1.6149,0.9542,0.8158
2011-07-18,1.4042,79.1,1.6024,0.9616,0.8177
2011-07-19,1.4156,78.91,1.6135,0.9505,0.8166
2011-07-20,1.4188,78.76,1.6139,0.9479,0.8204
2011-07-21,1.4372,78.47,1.6301,0.9449,0.8172
2011-07-22,1.4366,78.44,1.6319,0.95,0.8166
2011-07-25,1.4357,78.31,1.6285,0.9448,0.8062
2011-07-26,1.4495,78.04,1.6392,0.9448,0.8027
2011-07-27,1.4373,77.99,1.6357,0.9474,0.8023
2011-07-28,1.4303,77.87,1.6338,0.9483,0.8041
2011-07-29,1.4388,77.18,1.6455,0.9539,0.7881
2011-08-01,1.4202,76.87,1.6278,0.9593,0.7813
2011-08-02,1.4232,77.13,1.6287,0.9577,0.7712
2011-08-03,1.432,76.87,1.6406,0.9632,0.766
2011-08-04,1.4158,79.01,1.6308,0.9765,0.7674
2011-08-05,1.4158,78.48,1.6362,0.9843,0.76
2011-08-08,1.4241,77.53,1.6354,0.9889,0.7553
2011-08-09,1.4242,77.16,1.6194,0.9893,0.7313
2011-08-10,1.4193,76.41,1.6169,0.9909,0.7296
2011-08-11,1.423,76.68,1.6228,0.9891,0.7559
2011-08-12,1.4239,76.79,1.6284,0.9879,0.7711
2011-08-15,1.4452,76.73,1.6387,0.9838,0.7802
2011-08-16,1.4421,76.76,1.6424,0.9816,0.7926
2011-08-17,1.4436,76.46,1.6591,0.9818,0.7891
2011-08-18,1.432,76.52,1.6489,0.9899,0.7904
2011-08-19,1.4408,76.46,1.6544,0.9848,0.7856
2011-08-22,1.4384,76.77,1.6452,0.9901,0.7877
2011-08-23,1.4431,76.59,1.6509,0.9876,0.7891
2011-08-24,1.4402,76.78,1.6375,0.9878,0.795
2011-08-25,1.438,77.38,1.6289,0.9842,0.7959
2011-08-26,1.4463,76.62,1.6321,0.9854,0.8055
2011-08-29,1.451,76.96,1.6398,0.9778,0.8188
2011-08-30,1.4435,76.75,1.6279,0.9791,0.8173
2011-08-31,1.4406,76.5,1.6269,0.9783,0.8038
2011-09-01,1.4283,76.81,1.6179,0.9751,0.7951
2011-09-02,1.4203,76.79,1.619,0.9815,0.7862
2011-09-06,1.3999,77.48,1.5954,0.9908,0.8593
2011-09-07,1.4058,77.39,1.5948,0.9882,0.8599
2011-09-08,1.3947,77.43,1.6021,0.9856,0.8714
2011-09-09,1.3666,77.31,1.587,0.997,0.884
2011-09-12,1.3635,77.15,1.5814,0.9957,0.8834
2011-09-13,1.368,76.88,1.5805,0.9901,0.8795
2011-09-14,1.371,76.71,1.5773,0.9913,0.8772
2011-09-15,1.3858,76.7,1.5808,0.9867,0.8705
2011-09-16,1.3783,76.89,1.5802,0.9813,0.8753
2011-09-19,1.3636,76.48,1.5674,0.9897,0.8839
2011-09-20,1.3697,76.52,1.5718,0.9922,0.8879
2011-09-21,1.3724,76.38,1.5619,0.9985,0.8932
2011-09-22,1.3446,76.31,1.5358,1.0327,0.9073
2011-09-23,1.3518,76.3,1.5475,1.028,0.9035
2011-09-26,1.3516,76.35,1.5553,1.0338,0.9022
2011-09-27,1.3606,76.6,1.5681,1.019,0.8959
2011-09-28,1.3628,76.51,1.5648,1.0226,0.8955
2011-09-29,1.3639,76.68,1.5685,1.0338,0.8947
2011-09-30,1.3449,77.04,1.5624,1.0389,0.9048
2011-10-03,1.3281,76.66,1.5474,1.044,0.9151
2011-10-04,1.3294,76.86,1.5403,1.0605,0.9223
2011-10-05,1.3328,76.86,1.5436,1.0448,0.9228
2011-10-06,1.3408,76.64,1.5398,1.0431,0.9219
2011-10-07,1.3512,76.77,1.5628,1.0326,0.9151
2011-10-11,1.3657,76.66,1.5594,1.0287,0.9065
2011-10-12,1.3805,77.3,1.5757,1.0163,0.8944
2011-10-13,1.373,76.88,1.5729,1.0238,0.9
2011-10-14,1.3861,77.36,1.5808,1.0148,0.8934
2011-10-17,1.377,76.8,1.5778,1.0153,0.8979
2011-10-18,1.3719,76.75,1.5654,1.0165,0.9012
2011-10-19,1.3775,76.79,1.5799,1.0136,0.9022
2011-10-20,1.3672,76.91,1.5726,1.0216,0.9002
2011-10-21,1.3873,76.1,1.5945,1.009,0.8852
2011-10-24,1.3932,76.1,1.5986,1.004,0.8804
2011-10-25,1.3911,75.88,1.5994,1.0143,0.8794
2011-10-26,1.3838,76.05,1.5905,1.01,0.8841
2011-10-27,1.4172,75.8,1.6081,0.9942,0.8609
2011-10-28,1.4164,75.72,1.613,0.9957,0.8625
2011-10-31,1.3947,77.97,1.6141,0.9932,0.8706
2011-11-01,1.3676,78.28,1.5946,1.02,0.8901
2011-11-02,1.3803,78.04,1.5974,1.0125,0.8808
2011-11-03,1.3744,77.96,1.5959,1.0128,0.8834
2011-11-04,1.3761,78.17,1.6026,1.0179,0.888
2011-11-07,1.3744,78.06,1.6024,1.0173,0.9012
2011-11-08,1.3785,77.79,1.6076,1.0139,0.8966
2011-11-09,1.3596,77.77,1.5958,1.0176,0.906
2011-11-10,1.36,77.58,1.5935,1.0188,0.9058
2011-11-14,1.3625,77.02,1.5899,1.0176,0.9072
2011-11-15,1.3524,76.99,1.5818,1.0233,0.9177
2011-11-16,1.3505,77.02,1.577,1.0205,0.9169
2011-11-17,1.3522,76.98,1.5801,1.0224,0.9167
2011-11-18,1.3521,76.93,1.5783,1.026,0.9159
2011-11-21,1.3525,76.97,1.5662,1.0386,0.9158
2011-11-22,1.35,77.07,1.5646,1.0371,0.9145
2011-11-23,1.3347,77.41,1.5511,1.0479,0.9202
2011-11-25,1.3244,77.66,1.5467,1.0487,0.9289
2011-11-28,1.3334,78.05,1.5538,1.0327,0.9215
2011-11-29,1.3343,77.86,1.5625,1.0296,0.9194
2011-11-30,1.3453,77.58,1.5705,1.0199,0.9106
2011-12-01,1.3487,77.6,1.5698,1.0172,0.9135
2011-12-02,1.3386,77.88,1.5592,1.0165,0.9219
2011-12-05,1.3463,77.77,1.5689,1.014,0.9179
2011-12-06,1.3397,77.73,1.558,1.0116,0.9267
2011-12-07,1.3386,77.69,1.5691,1.0106,0.9251
2011-12-08,1.3324,77.67,1.5635,1.019,0.9275
2011-12-09,1.3368,77.58,1.5642,1.0202,0.9243
2011-12-12,1.3188,77.87,1.5597,1.0273,0.936
2011-12-13,1.3094,77.86,1.5528,1.0283,0.9418
2011-12-14,1.2972,78.08,1.5445,1.0403,0.953
2011-12-15,1.3013,77.87,1.5486,1.0338,0.9402
2011-12-16,1.3025,77.65,1.5514,1.0388,0.9372
2011-12-19,1.3017,77.96,1.5531,1.0364,0.9364
2011-12-20,1.3076,77.76,1.5674,1.0284,0.9309
2011-12-21,1.304,78.0,1.568,1.0286,0.9378
2011-12-22,1.3045,78.13,1.5667,1.0213,0.9368
2011-12-23,1.304,78.13,1.5615,1.0208,0.9379
2011-12-27,1.3074,77.83,1.5671,1.0201,0.9339
2011-12-28,1.2926,77.98,1.5478,1.0232,0.943
2011-12-29,1.2952,77.71,1.5386,1.0208,0.9412
2011-12-30,1.2973,76.98,1.5537,1.0168,0.9374
2012-01-03,1.3061,76.67,1.5655,1.0089,0.9319
2012-01-04,1.293,76.68,1.5638,1.0134,0.9417
2012-01-05,1.2783,77.18,1.548,1.0197,0.9528
2012-01-06,1.2723,77.06,1.5431,1.0231,0.9555
2012-01-09,1.2745,76.88,1.5436,1.0272,0.952
2012-01-10,1.2782,76.84,1.5489,1.0161,0.9486
2012-01-11,1.2686,76.9,1.5325,1.0192,0.9554
2012-01-12,1.2818,76.76,1.5325,1.0197,0.9444
2012-01-13,1.2682,76.9,1.5301,1.0246,0.9534
2012-01-17,1.274,76.8,1.5356,1.013,0.9492
2012-01-18,1.2825,76.81,1.541,1.0138,0.9427
2012-01-19,1.2937,77.23,1.5484,1.0094,0.9335
2012-01-20,1.2948,76.97,1.554,1.0142,0.9327
2012-01-23,1.3035,76.92,1.5582,1.0079,0.9268
2012-01-24,1.3004,77.78,1.5595,1.0096,0.929
2012-01-25,1.2978,78.13,1.557,1.0119,0.931
2012-01-26,1.3152,77.47,1.5706,0.9986,0.9174
2012-01-27,1.3192,76.68,1.5716,1.0014,0.9142
2012-01-30,1.3123,76.28,1.569,1.003,0.9178
2012-01-31,1.3053,76.34,1.5754,1.005,0.922
2012-02-01,1.3179,76.11,1.5849,0.9984,0.9141
2012-02-02,1.3167,76.13,1.5813,0.9985,0.9144
2012-02-03,1.3106,76.54,1.5779,0.9944,0.9208
2012-02-06,1.313,76.54,1.5832,0.9953,0.9188
2012-02-07,1.3244,76.88,1.5891,0.9947,0.9129
2012-02-08,1.3253,76.9,1.582,0.9969,0.9126
2012-02-09,1.3297,77.42,1.5838,0.9941,0.9103
2012-02-10,1.3187,77.57,1.5748,1.0016,0.9176
2012-02-13,1.3211,77.52,1.578,0.9995,0.9149
2012-02-14,1.3149,78.39,1.5691,0.9988,0.9185
2012-02-15,1.3087,78.22,1.571,0.9965,0.9223
2012-02-16,1.311,78.77,1.5795,0.9962,0.9209
2012-02-17,1.3149,79.33,1.5813,0.997,0.918
2012-02-21,1.3255,79.73,1.5796,0.9956,0.9114
2012-02-22,1.3251,80.3,1.5677,0.9999,0.9107
2012-02-23,1.3308,80.21,1.57,0.9983,0.9059
2012-02-24,1.3463,80.88,1.5869,0.9988,0.8949
2012-02-27,1.341,80.42,1.5845,0.9982,0.8987
2012-02-28,1.3452,80.44,1.5887,0.9956,0.8961
2012-02-29,1.3359,81.1,1.5951,0.9866,0.9023
2012-03-01,1.332,81.16,1.5953,0.9848,0.9051
2012-03-02,1.3202,81.56,1.5852,0.9887,0.9134
2012-03-05,1.3226,81.43,1.587,0.9936,0.9116
2012-03-06,1.3114,80.86,1.572,1.0013,0.9186
2012-03-07,1.3149,81.06,1.5746,0.9994,0.9169
2012-03-08,1.3256,81.5,1.5822,0.992,0.9092
2012-03-09,1.3108,82.59,1.5677,0.9894,0.92
2012-03-12,1.3141,82.21,1.5615,0.9934,0.9177
2012-03-13,1.3109,82.66,1.5736,0.9905,0.9198
2012-03-14,1.3025,83.78,1.5686,0.9914,0.9313
2012-03-15,1.307,83.28,1.5669,0.9928,0.9236
2012-03-16,1.3171,83.34,1.5845,0.9912,0.916
2012-03-19,1.3242,83.31,1.5894,0.9878,0.9109
2012-03-20,1.3222,83.62,1.5857,0.9933,0.9122
2012-03-21,1.319,83.62,1.5848,0.9928,0.9143
2012-03-22,1.3194,82.5,1.5807,1.0002,0.9136
2012-03-23,1.3263,82.35,1.5864,0.9983,0.9085
2012-03-26,1.3328,82.84,1.5939,0.9922,0.9041
2012-03-27,1.3336,83.15,1.5972,0.9928,0.9038
2012-03-28,1.33,82.74,1.5855,0.9983,0.9064
2012-03-29,1.3265,82.28,1.5911,0.9998,0.9084
2012-03-30,1.3334,82.41,1.5985,0.999,0.9026
2012-04-02,1.3325,82.16,1.6022,0.9916,0.9037
2012-04-03,1.3337,82.18,1.5966,0.9909,0.9024
2012-04-04,1.3126,82.62,1.5879,0.9961,0.9168
2012-04-05,1.3064,82.33,1.5822,0.9927,0.92
2012-04-06,1.3089,81.56,1.5877,0.9971,0.9176
2012-04-09,1.3087,81.36,1.5879,0.9971,0.918
2012-04-10,1.3068,80.94,1.5836,1.0027,0.9195
2012-04-11,1.3104,80.88,1.5892,1.004,0.9165
2012-04-12,1.3171,80.87,1.5939,0.9951,0.9125
2012-04-13,1.3082,80.99,1.5851,0.9978,0.9189
2012-04-16,1.3067,80.46,1.5865,1.0025,0.9199
2012-04-17,1.3123,80.72,1.5931,0.9878,0.9156
2012-04-18,1.3122,81.29,1.602,0.9902,0.9162
2012-04-19,1.3132,81.57,1.6058,0.9927,0.9155
2012-04-20,1.3212,81.6,1.6123,0.9912,0.9095
2012-04-23,1.3129,81.16,1.6102,0.9935,0.9152
2012-04-24,1.3207,81.21,1.6135,0.9882,0.9098
2012-04-25,1.321,81.33,1.6146,0.9848,0.9097
2012-04-26,1.3232,80.78,1.6188,0.984,0.9081
2012-04-27,1.3248,80.48,1.6239,0.9807,0.9066
2012-04-30,1.3229,79.81,1.6225,0.9886,0.9081
2012-05-01,1.3226,80.17,1.6221,0.9839,0.9087
2012-05-02,1.3154,80.19,1.6193,0.989,0.9135
2012-05-03,1.3147,80.36,1.6185,0.9869,0.9138
2012-05-04,1.3091,79.84,1.6148,0.9955,0.9176
2012-05-07,1.3052,79.88,1.6192,0.9938,0.9204
2012-05-08,1.3015,79.79,1.6159,0.9997,0.9228
2012-05-09,1.2954,79.64,1.613,1.0014,0.9272
2012-05-10,1.2959,79.91,1.6161,1.0015,0.9269
2012-05-11,1.2937,79.86,1.608,0.9967,0.9283
2012-05-14,1.2847,79.83,1.6116,1.0018,0.9349
2012-05-15,1.2769,80.09,1.6025,1.0029,0.9405
2012-05-16,1.273,80.32,1.5933,1.0099,0.9435
2012-05-17,1.2709,79.26,1.5823,1.0162,0.945
2012-05-18,1.2721,79.14,1.5788,1.0211,0.9442
2012-05-21,1.2769,79.31,1.579,1.0223,0.9406
2012-05-22,1.2735,79.98,1.5775,1.0191,0.9431
2012-05-23,1.2569,79.33,1.5691,1.0274,0.9555
2012-05-24,1.2583,79.47,1.5698,1.0274,0.9558
2012-05-25,1.2518,79.64,1.5648,1.0285,0.9592
2012-05-29,1.2488,79.44,1.563,1.0253,0.9617
2012-05-30,1.2405,78.93,1.5532,1.0289,0.9682
2012-05-31,1.2364,78.29,1.5405,1.0349,0.9713
2012-06-01,1.242,78.21,1.5383,1.0378,0.9671
2012-06-04,1.2495,78.3,1.5382,1.0417,0.961
2012-06-05,1.2437,78.57,1.5355,1.0414,0.9656
2012-06-06,1.2535,79.11,1.5475,1.0298,0.9579
2012-06-07,1.2568,79.67,1.5557,1.0244,0.9558
2012-06-08,1.2482,79.47,1.5433,1.0332,0.962
2012-06-11,1.2504,79.5,1.5515,1.0281,0.9604
2012-06-12,1.2477,79.44,1.5562,1.0269,0.9624
2012-06-13,1.2596,79.35,1.5557,1.027,0.9533
2012-06-14,1.2608,79.29,1.5533,1.0247,0.9525
2012-06-15,1.2633,78.65,1.5654,1.0244,0.9506
2012-06-18,1.2578,78.95,1.5665,1.0264,0.9547
2012-06-19,1.2692,78.92,1.5732,1.0177,0.9461
2012-06-20,1.2703,79.54,1.575,1.0193,0.9453
2012-06-21,1.2586,80.18,1.5633,1.025,0.9542
2012-06-22,1.2545,80.52,1.5582,1.0258,0.9572
2012-06-25,1.248,79.5,1.5555,1.0301,0.9621
2012-06-26,1.2471,79.46,1.562,1.0264,0.963
2012-06-27,1.2457,79.83,1.5549,1.0258,0.9642
2012-06-28,1.2433,79.35,1.5503,1.0331,0.9661
2012-06-29,1.2668,79.81,1.5686,1.019,0.9485
2012-07-02,1.2584,79.42,1.5679,1.0193,0.9544
2012-07-03,1.262,79.77,1.5702,1.0123,0.9517
2012-07-05,1.2384,79.95,1.5531,1.013,0.9698
2012-07-06,1.2283,79.61,1.548,1.0198,0.9777
2012-07-09,1.2299,79.66,1.5507,1.021,0.9764
2012-07-10,1.2255,79.44,1.5506,1.0202,0.9798
2012-07-11,1.2244,79.7,1.5532,1.0195,0.9808
2012-07-12,1.2199,79.29,1.5425,1.0215,0.9843
2012-07-13,1.2232,79.2,1.555,1.0151,0.9817
2012-07-16,1.2267,78.8,1.5635,1.0156,0.9791
2012-07-17,1.2234,79.04,1.5613,1.0141,0.9818
2012-07-18,1.2261,78.79,1.5636,1.0112,0.9795
2012-07-19,1.2257,78.6,1.5719,1.0076,0.9798
2012-07-20,1.2176,78.49,1.563,1.0113,0.9863
2012-07-23,1.2126,78.38,1.5512,1.0172,0.9904
2012-07-24,1.2062,78.19,1.5521,1.0207,0.9957
2012-07-25,1.2132,78.21,1.5479,1.0181,0.9899
2012-07-26,1.228,78.24,1.5683,1.0101,0.978
2012-07-27,1.237,78.55,1.5728,1.0059,0.9709
2012-07-30,1.225,78.2,1.5694,1.0033,0.9804
2012-07-31,1.2315,78.1,1.5686,1.0014,0.9753
2012-08-01,1.2299,78.19,1.5596,1.0017,0.9767
2012-08-02,1.2149,78.22,1.55,1.0061,0.9886
2012-08-03,1.239,78.6,1.565,0.9986,0.9697
2012-08-06,1.2422,78.17,1.5625,0.9988,0.9669
2012-08-07,1.2422,78.71,1.5658,0.9964,0.9672
2012-08-08,1.2364,78.44,1.5659,0.9946,0.9714
2012-08-09,1.2278,78.64,1.5623,0.9923,0.9781
2012-08-10,1.2298,78.24,1.5679,0.9917,0.9764
2012-08-13,1.2339,78.34,1.569,0.9933,0.9733
2012-08-14,1.2329,78.82,1.5692,0.9914,0.9742
2012-08-15,1.2288,78.89,1.5686,0.989,0.9774
2012-08-16,1.2356,79.25,1.5738,0.9881,0.9719
2012-08-17,1.2315,79.5,1.5697,0.9883,0.9752
2012-08-20,1.2343,79.41,1.5707,0.989,0.973
2012-08-21,1.2472,79.43,1.5788,0.9864,0.963
2012-08-22,1.2472,79.19,1.58,0.9928,0.9628
2012-08-23,1.2583,78.46,1.5882,0.9928,0.9542
2012-08-24,1.2533,78.65,1.5815,0.9919,0.9581
2012-08-27,1.2514,78.67,1.58,0.9892,0.9597
2012-08-28,1.2564,78.5,1.5828,0.9864,0.9558
2012-08-29,1.2538,78.72,1.5839,0.9873,0.9578
2012-08-30,1.2497,78.55,1.5794,0.9925,0.9608
2012-08-31,1.2578,78.3,1.5864,0.9862,0.9546
2012-09-04,1.2566,78.35,1.5889,0.9862,0.9558
2012-09-05,1.2603,78.34,1.5907,0.9901,0.9548
2012-09-06,1.2626,78.96,1.5922,0.9824,0.9539
2012-09-07,1.2796,78.14,1.6016,0.9777,0.9452
2012-09-10,1.2795,78.24,1.6009,0.9761,0.9438
2012-09-11,1.2858,77.78,1.6071,0.9723,0.9387
2012-09-12,1.2894,77.86,1.6111,0.9756,0.9376
2012-09-13,1.2912,77.41,1.6125,0.9754,0.9395
2012-09-14,1.3142,78.22,1.6244,0.971,0.925
2012-09-17,1.3125,78.68,1.6263,0.9723,0.9266
2012-09-18,1.3051,78.59,1.6251,0.9743,0.9288
2012-09-19,1.3065,78.4,1.6219,0.9747,0.9266
2012-09-20,1.2948,78.3,1.6198,0.9775,0.9336
2012-09-21,1.299,78.17,1.6251,0.9757,0.9327
2012-09-24,1.2909,77.9,1.6199,0.98,0.9371
2012-09-25,1.2945,77.91,1.6232,0.977,0.9348
2012-09-26,1.2852,77.78,1.6145,0.9845,0.9401
2012-09-27,1.2874,77.62,1.6217,0.9812,0.9388
2012-09-28,1.2856,77.92,1.6132,0.9837,0.94
2012-10-01,1.29,78.0,1.6142,0.9827,0.9376
2012-10-02,1.2951,78.01,1.6186,0.9827,0.9342
2012-10-03,1.2909,78.57,1.6077,0.987,0.9382
2012-10-04,1.3001,78.44,1.6165,0.9821,0.9316
2012-10-05,1.3059,78.66,1.6196,0.9763,0.9284
2012-10-09,1.2876,78.23,1.5987,0.9787,0.94
2012-10-10,1.2888,78.26,1.6007,0.9786,0.9392
2012-10-11,1.2928,78.44,1.6028,0.9785,0.9353
2012-10-12,1.2946,78.31,1.6075,0.9797,0.9334
2012-10-15,1.295,78.76,1.6069,0.9783,0.933
2012-10-16,1.3036,78.92,1.6101,0.9854,0.9273
2012-10-17,1.3133,78.74,1.6165,0.9795,0.9217
2012-10-18,1.3106,79.24,1.6141,0.9811,0.9225
2012-10-19,1.3022,79.26,1.6003,0.993,0.9286
2012-10-22,1.3063,79.84,1.6028,0.9938,0.9263
2012-10-23,1.2971,79.79,1.5932,0.9934,0.9328
2012-10-24,1.2946,79.82,1.6015,0.9945,0.9342
2012-10-25,1.2958,80.04,1.6119,0.9942,0.9336
2012-10-26,1.2938,79.63,1.6098,0.999,0.9348
2012-10-29,1.2906,79.81,1.6025,1.0003,0.9366
2012-10-30,1.2979,79.58,1.6083,0.9992,0.9309
2012-10-31,1.2958,79.94,1.6111,0.9994,0.9311
2012-11-01,1.2937,80.14,1.6142,0.9973,0.9326
2012-11-02,1.2848,80.53,1.6036,0.9962,0.9396
2012-11-05,1.279,80.17,1.5977,0.9965,0.9434
2012-11-06,1.2818,80.28,1.5985,0.9936,0.9424
2012-11-07,1.2759,79.85,1.5975,0.9971,0.9454
2012-11-08,1.274,79.74,1.5979,0.9985,0.9462
2012-11-09,1.2715,79.46,1.5912,1.0007,0.9483
2012-11-13,1.2716,79.42,1.5885,1.0015,0.947
2012-11-14,1.274,80.2,1.5849,1.0017,0.945
2012-11-15,1.2783,81.16,1.5865,1.0024,0.9418
2012-11-16,1.2715,81.28,1.5866,1.0029,0.9472
2012-11-19,1.2806,81.18,1.5908,0.9963,0.9404
2012-11-20,1.2814,81.72,1.5927,0.9969,0.9403
2012-11-21,1.2816,82.36,1.5936,0.998,0.9394
2012-11-23,1.2959,82.34,1.6032,0.9927,0.9296
2012-11-26,1.2966,82.11,1.6014,0.9949,0.9284
2012-11-27,1.294,82.23,1.6028,0.9936,0.931
2012-11-28,1.2923,81.84,1.5997,0.9927,0.9313
2012-11-29,1.2953,82.06,1.6026,0.9928,0.9293
2012-11-30,1.301,82.54,1.6027,0.9931,0.9264
2012-12-03,1.3066,82.24,1.6104,0.9929,0.925
2012-12-04,1.3081,81.86,1.6097,0.9926,0.9272
2012-12-05,1.3077,82.4,1.6102,0.9913,0.9262
2012-12-06,1.2968,82.29,1.6066,0.9909,0.933
2012-12-07,1.2942,82.37,1.6031,0.989,0.9333
2012-12-10,1.293,82.37,1.6068,0.9871,0.933
2012-12-11,1.2992,82.42,1.6103,0.9867,0.9333
2012-12-12,1.3038,83.1,1.6132,0.9854,0.9286
2012-12-13,1.3077,83.54,1.613,0.9845,0.9243
2012-12-14,1.3134,83.52,1.6139,0.986,0.9196
2012-12-17,1.3169,83.7,1.6203,0.9841,0.9174
2012-12-18,1.3224,84.0,1.6256,0.9852,0.913
2012-12-19,1.326,84.32,1.6275,0.9868,0.9115
2012-12-20,1.3224,84.33,1.6268,0.9882,0.913
2012-12-21,1.3166,84.1,1.6167,0.9941,0.9172
2012-12-24,1.3179,84.81,1.6113,0.9913,0.9161
2012-12-26,1.3228,85.62,1.6118,0.9945,0.9128
2012-12-27,1.3228,86.06,1.6106,0.9949,0.9138
2012-12-28,1.322,86.12,1.6157,0.9951,0.913
2012-12-31,1.3186,86.64,1.6262,0.9958,0.9155
2013-01-02,1.3195,87.1,1.6255,0.9859,0.9166
2013-01-03,1.311,86.92,1.6151,0.9853,0.9222
2013-01-04,1.3047,88.14,1.6036,0.9856,0.9262
2013-01-07,1.3099,87.68,1.608,0.9859,0.9227
2013-01-08,1.3068,87.31,1.604,0.9871,0.925
2013-01-09,1.3078,87.9,1.6024,0.9867,0.9244
2013-01-10,1.322,88.16,1.6125,0.9859,0.9162
2013-01-11,1.3353,89.22,1.6128,0.9842,0.912
2013-01-14,1.3369,89.34,1.6077,0.9841,0.9174
2013-01-15,1.3342,88.65,1.6089,0.9839,0.9275
2013-01-16,1.3305,88.64,1.6009,0.985,0.9313
2013-01-17,1.3356,89.41,1.5991,0.9853,0.9331
2013-01-18,1.3303,89.9,1.5876,0.9937,0.9346
2013-01-22,1.3304,88.62,1.5862,0.9934,0.9278
2013-01-23,1.3308,88.44,1.5848,0.9986,0.9295
2013-01-24,1.3378,90.04,1.5789,1.0024,0.9288
2013-01-25,1.3456,91.04,1.5799,1.0078,0.9252
2013-01-28,1.3459,90.73,1.5686,1.007,0.9272
2013-01-29,1.3484,90.65,1.5751,1.0029,0.9216
2013-01-30,1.3564,91.05,1.5793,1.0033,0.9124
2013-01-31,1.3584,91.28,1.5856,0.9992,0.9093
2013-02-01,1.3692,92.54,1.5744,0.9987,0.903
2013-02-04,1.3527,92.57,1.5737,0.9976,0.9087
2013-02-05,1.3569,93.34,1.5652,0.9972,0.9084
2013-02-06,1.3528,93.56,1.5655,0.9959,0.91
2013-02-07,1.3382,93.24,1.5712,0.9992,0.9176
2013-02-08,1.3366,92.72,1.5814,1.0021,0.9183
2013-02-11,1.3414,93.44,1.5668,1.0064,0.9186
2013-02-12,1.345,93.14,1.5654,1.0029,0.9172
2013-02-13,1.3448,93.39,1.5544,1.002,0.9182
2013-02-14,1.3334,93.1,1.5502,1.0007,0.9232
2013-02-15,1.3362,93.64,1.5518,1.0069,0.9226
2013-02-19,1.3387,93.54,1.5432,1.0117,0.922
2013-02-20,1.335,93.53,1.5301,1.0162,0.9241
2013-02-21,1.3204,92.96,1.5263,1.0184,0.9317
2013-02-22,1.3166,93.35,1.5256,1.0222,0.9314
2013-02-25,1.3172,93.35,1.5112,1.0264,0.9314
2013-02-26,1.3054,91.38,1.5125,1.0279,0.9326
2013-02-27,1.3104,91.88,1.5134,1.0249,0.931
2013-02-28,1.3079,92.36,1.5192,1.0286,0.9336
2013-03-01,1.2988,93.38,1.5033,1.0285,0.9448
2013-03-04,1.2996,93.32,1.5084,1.0298,0.9423
2013-03-05,1.3019,93.39,1.5098,1.0289,0.9433
2013-03-06,1.299,93.64,1.5036,1.0314,0.947
2013-03-07,1.3098,95.0,1.5032,1.0303,0.9432
2013-03-08,1.2992,96.0,1.4926,1.0273,0.9535
2013-03-11,1.3014,96.12,1.4898,1.0268,0.9496
2013-03-12,1.3023,95.96,1.4877,1.0259,0.9472
2013-03-13,1.2949,96.0,1.4925,1.0272,0.9518
2013-03-14,1.2974,96.16,1.5039,1.0263,0.9512
2013-03-15,1.3076,95.26,1.5124,1.0202,0.9396
2013-03-18,1.2956,94.92,1.5113,1.0218,0.9449
2013-03-19,1.2888,94.85,1.5118,1.0272,0.946
2013-03-20,1.295,95.51,1.5133,1.0268,0.9439
2013-03-21,1.2928,95.06,1.518,1.0239,0.9454
2013-03-22,1.2996,94.48,1.5239,1.0224,0.9402
2013-03-25,1.2881,94.34,1.5184,1.0217,0.9473
2013-03-26,1.2858,94.22,1.5156,1.0167,0.9484
2013-03-27,1.2782,94.38,1.5112,1.0169,0.9534
2013-03-28,1.2842,94.02,1.5184,1.0155,0.9468
2013-03-29,1.2816,94.16,1.5193,1.0174,0.949
2013-04-01,1.2857,93.3,1.5232,1.0166,0.946
2013-04-02,1.2836,93.43,1.5113,1.0147,0.9485
2013-04-03,1.2847,92.96,1.514,1.0134,0.9451
2013-04-04,1.2854,96.12,1.5198,1.0139,0.9458
2013-04-05,1.3027,96.86,1.5336,1.019,0.9324
2013-04-08,1.3008,98.9,1.5257,1.0199,0.9346
2013-04-09,1.3092,99.02,1.5317,1.0162,0.9317
2013-04-10,1.306,99.61,1.5315,1.0148,0.9333
2013-04-11,1.3124,99.42,1.5403,1.0107,0.9294
2013-04-12,1.3094,98.98,1.5373,1.0134,0.929
2013-04-15,1.3082,98.0,1.532,1.0208,0.9303
2013-04-16,1.3141,97.86,1.5316,1.0226,0.9256
2013-04-17,1.3049,97.74,1.5255,1.0263,0.9306
2013-04-18,1.3072,98.22,1.5282,1.0257,0.9306
2013-04-19,1.3066,99.28,1.5254,1.0264,0.9324
2013-04-22,1.305,99.29,1.5262,1.0262,0.9349
2013-04-23,1.3012,99.43,1.5267,1.0259,0.9427
2013-04-24,1.2997,99.39,1.5258,1.027,0.9484
2013-04-25,1.3004,99.42,1.5434,1.0193,0.9455
2013-04-26,1.3024,97.84,1.5479,1.017,0.9414
2013-04-29,1.309,98.09,1.5497,1.0138,0.937
2013-04-30,1.3168,97.52,1.5539,1.0072,0.9298
2013-05-01,1.3192,97.28,1.5578,1.0083,0.9268
2013-05-02,1.3066,97.96,1.5519,1.0083,0.9348
2013-05-03,1.3112,99.1,1.5563,1.0077,0.934
2013-05-06,1.3067,99.35,1.5538,1.0074,0.9393
2013-05-07,1.3085,99.0,1.5468,1.0051,0.9402
2013-05-08,1.3177,98.9,1.5563,1.0023,0.9349
2013-05-09,1.3105,99.29,1.5502,1.0026,0.9406
2013-05-10,1.2955,101.74,1.5334,1.0123,0.9594
2013-05-13,1.2981,101.84,1.5291,1.0108,0.9576
2013-05-14,1.2969,102.18,1.5258,1.0149,0.9602
2013-05-15,1.2857,102.44,1.5198,1.0173,0.968
2013-05-16,1.2898,102.22,1.5302,1.0162,0.9618
2013-05-17,1.2818,102.98,1.5173,1.0268,0.9731
2013-05-20,1.2865,102.54,1.5223,1.0272,0.9675
2013-05-21,1.291,102.36,1.517,1.0277,0.968
2013-05-22,1.2864,103.52,1.5038,1.0331,0.9814
2013-05-23,1.2944,101.66,1.512,1.0315,0.9668
2013-05-24,1.292,100.98,1.5126,1.0322,0.9621
2013-05-28,1.287,102.07,1.5061,1.0371,0.9734
2013-05-29,1.2944,100.91,1.5121,1.0369,0.9613
2013-05-30,1.3042,101.06,1.5207,1.0309,0.9558
2013-05-31,1.2988,100.83,1.5185,1.0337,0.9583
2013-06-03,1.3098,99.18,1.5349,1.029,0.9442
2013-06-04,1.3075,100.15,1.5304,1.0348,0.9485
2013-06-05,1.3088,99.16,1.5392,1.0346,0.9422
2013-06-06,1.3248,97.76,1.5601,1.024,0.93
2013-06-07,1.3242,97.2,1.5558,1.0208,0.9342
2013-06-10,1.3234,98.88,1.5556,1.0185,0.9357
2013-06-11,1.3278,96.82,1.5587,1.0191,0.9271
2013-06-12,1.3354,95.36,1.5697,1.0202,0.9181
2013-06-13,1.3314,94.29,1.5698,1.017,0.9234
2013-06-14,1.333,94.34,1.5686,1.0175,0.9222
2013-06-17,1.3341,94.87,1.5709,1.0175,0.9254
2013-06-18,1.3407,95.2,1.5625,1.0209,0.9186
2013-06-19,1.3404,95.22,1.5657,1.0187,0.9192
2013-06-20,1.3214,98.18,1.5469,1.0383,0.9296
2013-06-21,1.3113,97.48,1.5373,1.0467,0.9354
2013-06-24,1.3091,97.7,1.5404,1.0532,0.9345
2013-06-25,1.308,97.87,1.5418,1.0512,0.9388
2013-06-26,1.3006,97.43,1.5332,1.0468,0.9432
2013-06-27,1.3016,98.4,1.5235,1.0479,0.9464
2013-06-28,1.301,99.21,1.521,1.0513,0.945
2013-07-01,1.306,99.62,1.5247,1.0499,0.9452
2013-07-02,1.3017,100.43,1.5171,1.0529,0.9492
2013-07-03,1.3005,99.82,1.5264,1.0521,0.9475
2013-07-05,1.2831,100.94,1.491,1.0566,0.9624
2013-07-08,1.2863,101.07,1.4932,1.0578,0.9644
2013-07-09,1.2774,101.08,1.4837,1.053,0.9736
2013-07-10,1.2846,100.1,1.4935,1.051,0.9682
2013-07-11,1.3046,98.8,1.5127,1.0389,0.9496
2013-07-12,1.3048,99.39,1.5108,1.0393,0.9468
2013-07-15,1.3039,100.04,1.5088,1.0412,0.9508
2013-07-16,1.3144,99.37,1.5122,1.0388,0.9408
2013-07-17,1.3094,99.7,1.5184,1.0423,0.9428
2013-07-18,1.3078,100.6,1.5193,1.0395,0.9468
2013-07-19,1.3142,100.3,1.526,1.0362,0.9401
2013-07-22,1.3193,99.6,1.5366,1.0336,0.9357
2013-07-23,1.3212,99.76,1.5354,1.0305,0.9368
2013-07-24,1.3228,100.21,1.5367,1.0298,0.9354
2013-07-25,1.3234,99.56,1.5333,1.0283,0.9336
2013-07-26,1.3269,98.24,1.5368,1.0292,0.9289
2013-07-29,1.3262,97.8,1.5355,1.0259,0.9308
2013-07-30,1.3266,98.02,1.5244,1.0292,0.9298
2013-07-31,1.3282,98.35,1.5177,1.0287,0.9284
2013-08-01,1.3217,99.3,1.5145,1.0338,0.9353
2013-08-02,1.3268,99.04,1.5277,1.0379,0.9293
2013-08-05,1.3257,98.54,1.5347,1.0394,0.9302
2013-08-06,1.3296,97.85,1.5367,1.0378,0.9266
2013-08-07,1.3329,96.72,1.5514,1.0415,0.9222
2013-08-08,1.3392,96.03,1.5555,1.0347,0.9194
2013-08-09,1.3338,96.24,1.5507,1.0302,0.9221
2013-08-12,1.3312,96.44,1.5475,1.0297,0.9248
2013-08-13,1.3247,98.06,1.5451,1.0345,0.934
2013-08-14,1.3256,98.15,1.5531,1.0319,0.9354
2013-08-15,1.3263,97.81,1.5573,1.0339,0.9334
2013-08-16,1.3321,97.6,1.5621,1.0344,0.9269
2013-08-19,1.3348,97.94,1.5665,1.0334,0.9247
2013-08-20,1.3426,97.12,1.5678,1.0374,0.9178
2013-08-21,1.3368,97.66,1.5678,1.0442,0.9211
2013-08-22,1.3362,98.53,1.558,1.0511,0.9236
2013-08-23,1.3392,98.57,1.5578,1.0512,0.9207
2013-08-26,1.3369,98.64,1.5568,1.0513,0.9229
2013-08-27,1.3387,97.3,1.5528,1.0504,0.9186
2013-08-28,1.3326,97.65,1.552,1.0491,0.9221
2013-08-29,1.3228,98.46,1.5488,1.0526,0.9316
2013-08-30,1.3196,98.22,1.5468,1.0554,0.9313
2013-09-03,1.3164,99.43,1.5544,1.0532,0.9363
2013-09-04,1.3212,99.61,1.5643,1.0482,0.9356
2013-09-05,1.312,100.08,1.5593,1.0499,0.9437
2013-09-06,1.3166,99.04,1.5633,1.039,0.9385
2013-09-09,1.326,99.55,1.5724,1.0366,0.9314
2013-09-10,1.326,100.22,1.5731,1.0357,0.9344
2013-09-11,1.3301,100.08,1.5807,1.0336,0.9314
2013-09-12,1.3315,99.24,1.5819,1.0319,0.9286
2013-09-13,1.3276,99.38,1.5861,1.0341,0.9319
2013-09-16,1.335,98.98,1.5927,1.0316,0.9258
2013-09-17,1.3357,99.16,1.5901,1.029,0.9266
2013-09-18,1.3351,99.04,1.5965,1.0312,0.926
2013-09-19,1.3527,99.33,1.6043,1.0237,0.9112
2013-09-20,1.3522,99.38,1.6021,1.0287,0.9104
2013-09-23,1.352,98.76,1.6066,1.029,0.91
2013-09-24,1.349,98.76,1.6006,1.0294,0.9114
2013-09-25,1.3536,98.62,1.608,1.0294,0.9082
2013-09-26,1.3484,98.95,1.6012,1.0321,0.9105
2013-09-27,1.3537,98.3,1.6135,1.03,0.905
2013-09-30,1.3535,98.29,1.6179,1.0284,0.9041
2013-10-01,1.3534,98.05,1.6208,1.0333,0.9064
2013-10-02,1.3592,97.36,1.6224,1.033,0.9017
2013-10-03,1.3642,97.08,1.6169,1.0324,0.8972
2013-10-04,1.3582,97.2,1.6069,1.0306,0.9052
2013-10-07,1.3569,97.02,1.6082,1.0306,0.905
2013-10-08,1.3582,96.94,1.6089,1.033,0.904
2013-10-09,1.3513,97.23,1.5943,1.0396,0.9104
2013-10-10,1.3535,98.09,1.5975,1.0382,0.9104
2013-10-11,1.3559,98.42,1.5945,1.0383,0.9103
2013-10-15,1.3494,98.58,1.5974,1.0372,0.9152
2013-10-16,1.349,98.9,1.5904,1.0345,0.9163
2013-10-17,1.3664,97.85,1.6166,1.0285,0.9028
2013-10-18,1.3693,97.77,1.6184,1.0287,0.9013
2013-10-21,1.3672,98.14,1.6149,1.0296,0.9019
2013-10-22,1.3778,98.18,1.6221,1.0282,0.8947
2013-10-23,1.3786,97.28,1.6171,1.0384,0.8918
2013-10-24,1.381,97.36,1.6186,1.0421,0.8916
2013-10-25,1.3794,97.46,1.6158,1.0449,0.8939
2013-10-28,1.3786,97.7,1.6131,1.0443,0.8954
2013-10-29,1.377,98.09,1.6059,1.0445,0.8982
2013-10-30,1.3771,98.14,1.6078,1.0454,0.8964
2013-10-31,1.3594,98.1,1.6068,1.0429,0.9056
2013-11-01,1.3488,98.78,1.5922,1.0442,0.9124
2013-11-04,1.3516,98.62,1.595,1.0414,0.9106
2013-11-05,1.347,98.6,1.6044,1.0447,0.9126
2013-11-06,1.353,98.6,1.608,1.0418,0.9109
2013-11-07,1.339,98.56,1.6069,1.0441,0.9184
2013-11-08,1.3357,99.03,1.5995,1.0486,0.922
2013-11-12,1.3428,99.65,1.5916,1.05,0.9176
2013-11-13,1.3456,99.31,1.6033,1.0468,0.9155
2013-11-14,1.3468,99.93,1.6077,1.0497,0.9152
2013-11-15,1.348,100.17,1.6107,1.0457,0.9152
2013-11-18,1.352,100.04,1.611,1.0426,0.9121
2013-11-19,1.3529,100.14,1.611,1.0467,0.9114
2013-11-20,1.3451,100.02,1.615,1.0446,0.9158
2013-11-21,1.347,100.95,1.6155,1.0506,0.9146
2013-11-22,1.3547,101.29,1.6211,1.0534,0.9072
2013-11-25,1.3502,101.7,1.6146,1.0554,0.9125
2013-11-26,1.3555,101.38,1.6187,1.0547,0.908
2013-11-27,1.3563,102.18,1.6267,1.0595,0.9091
2013-11-29,1.3606,102.45,1.6373,1.0597,0.9047
2013-12-02,1.3552,103.04,1.6365,1.0632,0.9076
2013-12-03,1.3604,102.36,1.6416,1.066,0.903
2013-12-04,1.3555,102.48,1.6352,1.0696,0.9052
2013-12-05,1.3664,101.82,1.6328,1.0638,0.8976
2013-12-06,1.369,102.88,1.6327,1.0663,0.8939
2013-12-09,1.3726,103.22,1.6403,1.0641,0.8914
2013-12-10,1.3765,102.8,1.6424,1.0622,0.8876
2013-12-11,1.3798,102.38,1.6389,1.0605,0.8856
2013-12-12,1.3752,103.11,1.6326,1.0641,0.8902
2013-12-13,1.3724,103.28,1.6294,1.0594,0.8904
2013-12-16,1.3757,102.91,1.6311,1.0577,0.8876
2013-12-17,1.3748,102.63,1.6254,1.0611,0.887
2013-12-18,1.3766,103.18,1.6388,1.0645,0.8872
2013-12-19,1.3666,104.16,1.6382,1.0677,0.8964
2013-12-20,1.3673,104.07,1.6355,1.0679,0.8952
2013-12-23,1.3701,104.06,1.6356,1.0602,0.8942
2013-12-24,1.3676,104.26,1.6371,1.0618,0.8961
2013-12-26,1.369,104.72,1.6425,1.0648,0.8963
2013-12-27,1.3766,105.05,1.6491,1.0697,0.8893
2013-12-30,1.3816,105.0,1.6522,1.064,0.8866
2013-12-31,1.3779,105.25,1.6574,1.0637,0.8904
2014-01-02,1.367,104.84,1.6441,1.0634,0.8998
2014-01-03,1.3606,104.46,1.6424,1.0612,0.9044
2014-01-06,1.3636,104.38,1.6412,1.0658,0.9036
2014-01-07,1.3618,104.54,1.6421,1.0742,0.9086
2014-01-08,1.3586,104.87,1.6461,1.0802,0.9102
2014-01-09,1.3591,104.74,1.6459,1.085,0.9085
2014-01-10,1.3664,104.06,1.647,1.0915,0.9032
2014-01-13,1.3647,103.31,1.6379,1.0868,0.9026
2014-01-14,1.3682,103.8,1.645,1.0934,0.9009
2014-01-15,1.3604,104.42,1.6375,1.0932,0.9084
2014-01-16,1.36,104.32,1.6335,1.0926,0.9064
2014-01-17,1.3554,104.32,1.6429,1.0959,0.91
2014-01-21,1.356,104.14,1.6469,1.0971,0.9092
2014-01-22,1.3546,104.36,1.6571,1.1069,0.9116
2014-01-23,1.368,103.65,1.6612,1.1128,0.9002
2014-01-24,1.368,102.41,1.6491,1.1063,0.8949
2014-01-27,1.3679,102.26,1.6588,1.1097,0.8956
2014-01-28,1.3662,102.8,1.6581,1.1148,0.8984
2014-01-29,1.3663,102.2,1.6561,1.1147,0.8948
2014-01-30,1.3549,102.83,1.6487,1.1171,0.9042
2014-01-31,1.35,102.28,1.645,1.1116,0.9052
2014-02-03,1.3523,101.11,1.6307,1.1074,0.9014
2014-02-04,1.3507,101.62,1.63,1.1056,0.905
2014-02-05,1.3519,101.38,1.6308,1.11,0.9042
2014-02-06,1.3604,101.84,1.6345,1.1065,0.8992
2014-02-07,1.3614,102.32,1.6395,1.1014,0.8992
2014-02-10,1.3644,102.14,1.6419,1.1048,0.8967
2014-02-11,1.3654,102.63,1.6468,1.1024,0.8969
2014-02-12,1.3592,102.48,1.6578,1.0992,0.9006
2014-02-13,1.3669,102.2,1.6643,1.0979,0.8944
2014-02-14,1.369,101.82,1.6736,1.0981,0.8928
2014-02-18,1.3758,102.31,1.6696,1.0952,0.8878
2014-02-19,1.3762,102.3,1.6718,1.1045,0.8868
2014-02-20,1.369,102.32,1.664,1.1104,0.8912
2014-02-21,1.3722,102.71,1.663,1.1128,0.8888
2014-02-24,1.3744,102.44,1.6641,1.1058,0.8885
2014-02-25,1.3749,102.2,1.6696,1.1085,0.887
2014-02-26,1.3668,102.36,1.6648,1.1117,0.8922
2014-02-27,1.3724,102.12,1.6693,1.1137,0.8872
2014-02-28,1.3806,102.08,1.675,1.1075,0.881
2014-03-03,1.3763,101.36,1.6712,1.109,0.881
2014-03-04,1.3731,102.18,1.6665,1.1113,0.8869
2014-03-05,1.3734,102.32,1.6729,1.105,0.8872
2014-03-06,1.3848,103.03,1.6743,1.0965,0.881
2014-03-07,1.3868,103.38,1.6725,1.1088,0.8785
2014-03-10,1.388,103.23,1.6633,1.1104,0.8781
2014-03-11,1.3867,103.18,1.6628,1.1085,0.8783
2014-03-12,1.3904,102.74,1.6605,1.113,0.8743
2014-03-13,1.3927,102.12,1.6677,1.1059,0.8726
2014-03-14,1.3924,101.46,1.663,1.1087,0.8712
2014-03-17,1.3927,101.62,1.6645,1.1052,0.8726
2014-03-18,1.3913,101.37,1.6574,1.1089,0.8743
2014-03-19,1.391,101.54,1.6629,1.1177,0.8747
2014-03-20,1.3784,102.39,1.6511,1.1251,0.8833
2014-03-21,1.3783,102.38,1.6498,1.1191,0.8836
2014-03-24,1.3784,102.21,1.6491,1.1218,0.884
2014-03-25,1.3777,102.32,1.6507,1.1176,0.8862
2014-03-26,1.3786,102.3,1.6566,1.1143,0.8854
2014-03-27,1.3752,102.1,1.6627,1.1056,0.8859
2014-03-28,1.3753,102.92,1.6637,1.1066,0.8869
2014-03-31,1.3777,102.98,1.6675,1.1053,0.884
2014-04-01,1.3804,103.52,1.6639,1.1026,0.8825
2014-04-02,1.3761,103.82,1.6634,1.103,0.887
2014-04-03,1.3708,103.94,1.6583,1.1035,0.8921
2014-04-04,1.3704,103.39,1.6594,1.0978,0.8918
2014-04-07,1.3745,103.04,1.6616,1.0971,0.8876
2014-04-08,1.3802,102.12,1.6743,1.0919,0.8836
2014-04-09,1.3816,101.85,1.6751,1.0902,0.8816
2014-04-10,1.3892,101.43,1.6781,1.0912,0.8758
2014-04-11,1.3898,101.56,1.6736,1.096,0.8748
2014-04-14,1.3824,101.81,1.6741,1.0968,0.8784
2014-04-15,1.3806,101.6,1.6725,1.098,0.8805
2014-04-16,1.382,102.3,1.6794,1.1027,0.8813
2014-04-17,1.3832,102.22,1.6809,1.0997,0.8812
2014-04-18,1.3816,102.43,1.6792,1.1024,0.8832
2014-04-21,1.379,102.56,1.6792,1.102,0.8851
2014-04-22,1.3804,102.6,1.6833,1.1025,0.8851
2014-04-23,1.3814,102.26,1.6768,1.1034,0.8828
2014-04-24,1.3828,102.34,1.6797,1.1026,0.8817
2014-04-25,1.3838,102.12,1.681,1.1041,0.8809
2014-04-28,1.3844,102.46,1.6812,1.1032,0.8807
2014-04-29,1.3808,102.57,1.6829,1.0963,0.8845
2014-04-30,1.387,102.14,1.6883,1.0956,0.88
2014-05-01,1.3867,102.3,1.69,1.0965,0.8797
2014-05-02,1.3864,102.34,1.6865,1.0973,0.8789
2014-05-05,1.3884,102.06,1.687,1.0955,0.8774
2014-05-06,1.3924,101.57,1.6976,1.089,0.8744
2014-05-07,1.3917,101.72,1.6964,1.0895,0.8758
2014-05-08,1.3864,101.66,1.6944,1.0856,0.8784
2014-05-09,1.3763,101.74,1.6849,1.0899,0.886
2014-05-12,1.376,102.1,1.6871,1.0886,0.8876
2014-05-13,1.3711,102.2,1.6838,1.0892,0.8894
2014-05-14,1.3718,101.75,1.6784,1.0887,0.8894
2014-05-15,1.3712,101.44,1.6791,1.0887,0.8898
2014-05-16,1.3708,101.5,1.6827,1.0883,0.891
2014-05-19,1.3716,101.26,1.6822,1.0861,0.8916
2014-05-20,1.3702,101.26,1.6847,1.09,0.8916
2014-05-21,1.3657,101.44,1.6869,1.0935,0.8951
2014-05-22,1.3652,101.76,1.6859,1.0897,0.8948
2014-05-23,1.3628,101.88,1.6822,1.087,0.8958
2014-05-27,1.3618,102.14,1.68,1.0869,0.8977
2014-05-28,1.3596,101.78,1.6709,1.0867,0.8982
2014-05-29,1.3608,101.58,1.6719,1.0837,0.897
2014-05-30,1.364,101.77,1.6764,1.0867,0.8944
2014-06-02,1.3606,102.3,1.6756,1.0894,0.898
2014-06-03,1.3624,102.42,1.6753,1.0915,0.8964
2014-06-04,1.3619,102.69,1.6747,1.0937,0.8956
2014-06-05,1.3618,102.44,1.6796,1.0935,0.8944
2014-06-06,1.3639,102.5,1.6794,1.0936,0.8938
2014-06-09,1.3589,102.52,1.6798,1.0908,0.8974
2014-06-10,1.3543,102.37,1.6753,1.0914,0.8996
2014-06-11,1.3532,101.94,1.6795,1.0867,0.8998
2014-06-12,1.3556,101.83,1.6853,1.0851,0.8982
2014-06-13,1.3522,102.06,1.6953,1.0868,0.9008
2014-06-16,1.3578,101.82,1.6988,1.0849,0.8969
2014-06-17,1.3543,102.18,1.6965,1.0851,0.8998
2014-06-18,1.3567,102.16,1.6951,1.087,0.8976
2014-06-19,1.362,101.84,1.7046,1.0828,0.8932
2014-06-20,1.3586,102.14,1.7014,1.0766,0.896
2014-06-23,1.3593,101.9,1.701,1.0731,0.8948
2014-06-24,1.3588,102.13,1.6971,1.0739,0.8955
2014-06-25,1.3638,101.75,1.6986,1.0721,0.8918
2014-06-26,1.361,101.66,1.7018,1.0706,0.8933
2014-06-27,1.3631,101.39,1.7016,1.0676,0.8919
2014-06-30,1.369,101.28,1.7105,1.0676,0.8868
2014-07-01,1.3681,101.51,1.7147,1.0652,0.8871
2014-07-02,1.3656,101.76,1.7165,1.0667,0.8886
2014-07-03,1.361,102.19,1.7152,1.0633,0.8934
2014-07-07,1.3604,101.84,1.7128,1.0662,0.8934
2014-07-08,1.3614,101.53,1.7127,1.0674,0.8924
2014-07-09,1.363,101.7,1.713,1.0648,0.8918
2014-07-10,1.36,101.26,1.7122,1.0658,0.8926
2014-07-11,1.3598,101.33,1.7108,1.072,0.8926
2014-07-14,1.362,101.58,1.7079,1.0721,0.8918
2014-07-15,1.3573,101.62,1.7149,1.0766,0.8953
2014-07-16,1.353,101.69,1.7131,1.0749,0.8984
2014-07-17,1.353,101.3,1.7104,1.0753,0.8973
2014-07-18,1.3515,101.37,1.7069,1.0737,0.8989
2014-07-21,1.3524,101.34,1.7067,1.0736,0.898
2014-07-22,1.347,101.54,1.7058,1.0744,0.9022
2014-07-23,1.3462,101.5,1.7036,1.0739,0.9024
2014-07-24,1.3468,101.82,1.6981,1.0741,0.9024
2014-07-25,1.3431,101.81,1.6972,1.0814,0.9045
2014-07-28,1.344,101.82,1.6991,1.08,0.9037
2014-07-29,1.341,102.12,1.6939,1.0851,0.9068
2014-07-30,1.3378,102.9,1.6903,1.0908,0.9096
2014-07-31,1.339,102.75,1.6889,1.0889,0.9086
2014-08-01,1.3436,102.45,1.6832,1.0918,0.9048
2014-08-04,1.3414,102.47,1.6841,1.0916,0.9068
2014-08-05,1.3366,102.77,1.6874,1.0969,0.9102
2014-08-06,1.3355,102.34,1.6833,1.0926,0.9095
2014-08-07,1.3362,102.06,1.6849,1.0922,0.9086
2014-08-08,1.3412,101.91,1.6778,1.0982,0.905
2014-08-11,1.3385,102.14,1.6787,1.0933,0.9063
2014-08-12,1.3357,102.22,1.6806,1.0944,0.9082
2014-08-13,1.3367,102.48,1.6696,1.0929,0.9079
2014-08-14,1.3376,102.44,1.6694,1.091,0.9056
2014-08-15,1.3392,102.19,1.6686,1.091,0.9026
2014-08-18,1.3358,102.54,1.672,1.0888,0.9066
2014-08-19,1.332,102.86,1.662,1.0929,0.9089
2014-08-20,1.3284,103.36,1.6633,1.0944,0.9116
2014-08-21,1.3284,103.78,1.6589,1.0949,0.9112
2014-08-22,1.3237,103.97,1.6574,1.0949,0.9142
2014-08-25,1.3206,103.96,1.6585,1.098,0.9144
2014-08-26,1.3189,104.12,1.657,1.095,0.9167
2014-08-27,1.3192,103.98,1.6573,1.089,0.9148
2014-08-28,1.3178,103.78,1.6579,1.0857,0.915
2014-08-29,1.315,104.0,1.6585,1.0858,0.9174
2014-09-02,1.3124,105.1,1.6502,1.0923,0.9196
2014-09-03,1.3136,104.88,1.6451,1.0872,0.9186
2014-09-04,1.2926,105.22,1.6349,1.0862,0.9327
2014-09-05,1.2956,104.94,1.6312,1.089,0.9306
2014-09-08,1.2948,105.65,1.6141,1.0933,0.9317
2014-09-09,1.2909,106.32,1.6088,1.101,0.9348
2014-09-10,1.2908,106.76,1.6134,1.0954,0.9382
2014-09-11,1.2936,106.87,1.6225,1.1032,0.9349
2014-09-12,1.2955,107.24,1.6243,1.1075,0.9337
2014-09-15,1.2951,107.18,1.6243,1.105,0.9344
2014-09-16,1.2976,106.91,1.629,1.0985,0.9314
2014-09-17,1.2958,107.58,1.6329,1.0951,0.9346
2014-09-18,1.2913,108.69,1.6372,1.0946,0.9344
2014-09-19,1.2835,108.96,1.6314,1.0968,0.9404
2014-09-22,1.2829,108.88,1.634,1.1007,0.941
2014-09-23,1.2858,108.82,1.637,1.1059,0.9386
2014-09-24,1.2788,108.92,1.6344,1.1088,0.9446
2014-09-25,1.2748,108.7,1.6313,1.1105,0.9467
2014-09-26,1.2686,109.32,1.6254,1.1162,0.9513
2014-09-29,1.2703,109.34,1.6262,1.1142,0.9498
2014-09-30,1.2628,109.66,1.622,1.1207,0.9554
2014-10-01,1.2618,109.3,1.6216,1.1171,0.9566
2014-10-02,1.267,108.1,1.614,1.115,0.9532
2014-10-03,1.2517,109.7,1.5962,1.1254,0.967
2014-10-06,1.2592,109.08,1.6029,1.1174,0.9626
2014-10-07,1.2626,108.3,1.6072,1.1182,0.9606
2014-10-08,1.2683,108.41,1.6068,1.1181,0.9564
2014-10-09,1.2683,108.0,1.6123,1.115,0.9545
2014-10-10,1.2636,107.83,1.6049,1.1173,0.9568
2014-10-14,1.266,107.15,1.593,1.1235,0.9536
2014-10-15,1.2778,106.06,1.5959,1.1291,0.9444
2014-10-16,1.2812,105.98,1.6065,1.1265,0.9425
2014-10-17,1.2755,106.72,1.6086,1.1247,0.9468
2014-10-20,1.2783,106.87,1.6137,1.1276,0.9438
2014-10-21,1.2724,106.7,1.6134,1.1219,0.9482
2014-10-22,1.2658,107.32,1.607,1.1218,0.953
2014-10-23,1.2658,108.16,1.6037,1.1236,0.9535
2014-10-24,1.2675,108.06,1.6098,1.1211,0.9514
2014-10-27,1.2712,107.71,1.6133,1.1247,0.9484
2014-10-28,1.2747,108.0,1.6157,1.1176,0.9463
2014-10-29,1.2762,108.1,1.6149,1.1135,0.9452
2014-10-30,1.2622,108.94,1.6023,1.1191,0.9552
2014-10-31,1.253,112.09,1.5999,1.1272,0.9623
2014-11-03,1.2487,113.92,1.5986,1.1319,0.9655
2014-11-04,1.2554,113.44,1.5991,1.1396,0.9596
2014-11-05,1.2488,114.62,1.5984,1.1377,0.964
2014-11-06,1.2414,114.87,1.5862,1.1423,0.9702
2014-11-07,1.2422,114.73,1.5844,1.136,0.9684
2014-11-10,1.2425,114.78,1.5857,1.1344,0.9678
2014-11-12,1.2456,115.42,1.5815,1.1284,0.965
2014-11-13,1.2476,115.63,1.5717,1.1349,0.9634
2014-11-14,1.2494,116.52,1.5657,1.1294,0.9616
2014-11-17,1.2447,116.44,1.5645,1.1308,0.9653
2014-11-18,1.2534,116.76,1.5648,1.1305,0.9583
2014-11-19,1.2548,117.7,1.567,1.1349,0.9572
2014-11-20,1.2526,118.14,1.5683,1.1311,0.9596
2014-11-21,1.2394,117.74,1.5672,1.1237,0.9696
2014-11-24,1.2427,118.39,1.5701,1.1279,0.9676
2014-11-25,1.2472,117.99,1.5714,1.126,0.9645
2014-11-26,1.2503,117.6,1.5787,1.1236,0.9614
2014-11-28,1.2438,118.7,1.5638,1.1426,0.9658
2014-12-01,1.249,118.14,1.5743,1.1343,0.9631
2014-12-02,1.239,119.1,1.5651,1.1397,0.972
2014-12-03,1.2304,119.82,1.57,1.1359,0.9779
2014-12-04,1.2432,119.67,1.5707,1.1374,0.9674
2014-12-05,1.2304,121.38,1.56,1.1423,0.9772
2014-12-08,1.2292,120.89,1.5625,1.1473,0.9778
2014-12-09,1.2415,118.87,1.5694,1.1422,0.968
2014-12-10,1.2425,118.5,1.5689,1.1479,0.968
2014-12-11,1.2397,119.4,1.5712,1.1534,0.9688
2014-12-12,1.2484,118.22,1.5728,1.1538,0.962
2014-12-15,1.247,117.75,1.5663,1.1629,0.9632
2014-12-16,1.2504,117.28,1.5736,1.1624,0.9604
2014-12-17,1.2406,117.64,1.5652,1.1629,0.9679
2014-12-18,1.2291,118.84,1.5662,1.1594,0.9794
2014-12-19,1.2235,119.56,1.5609,1.1626,0.9832
2014-12-22,1.2252,119.84,1.5618,1.1644,0.982
2014-12-23,1.218,120.68,1.5517,1.1626,0.9872
2014-12-24,1.2188,120.45,1.5549,1.1621,0.9865
2014-12-29,1.2179,120.57,1.5524,1.1631,0.9878
2014-12-30,1.2174,119.34,1.5573,1.1597,0.988
2014-12-31,1.2101,119.85,1.5578,1.1601,0.9934
2015-01-02,1.2015,120.2,1.5361,1.1725,1.0004
2015-01-05,1.1918,119.64,1.5234,1.1785,1.0079
2015-01-06,1.1936,118.26,1.5174,1.1802,1.0062
2015-01-07,1.182,119.52,1.5073,1.1851,1.016
2015-01-08,1.1811,119.51,1.5118,1.1812,1.0169
2015-01-09,1.183,118.66,1.5151,1.1857,1.0151
2015-01-12,1.1832,118.32,1.5168,1.1929,1.015
2015-01-13,1.1779,118.16,1.5166,1.1947,1.0195
2015-01-14,1.1806,116.78,1.5234,1.1957,1.0172
2015-01-15,1.1598,116.95,1.5161,1.1932,0.893
2015-01-16,1.1517,117.45,1.5132,1.1986,0.8488
2015-01-20,1.1559,118.48,1.5162,1.2085,0.8751
2015-01-21,1.1584,117.86,1.5118,1.2377,0.8596
2015-01-22,1.1414,117.92,1.5052,1.237,0.8678
2015-01-23,1.1279,117.8,1.5022,1.24,0.876
2015-01-26,1.129,118.38,1.5088,1.2409,0.8988
2015-01-27,1.137,117.62,1.5196,1.2402,0.9042
2015-01-28,1.1342,117.74,1.5165,1.2452,0.9055
2015-01-29,1.1308,118.31,1.5043,1.2644,0.9226
2015-01-30,1.129,117.44,1.5026,1.2716,0.921
2015-02-02,1.1337,117.33,1.5027,1.2577,0.9262
2015-02-03,1.1462,117.48,1.5129,1.2452,0.9234
2015-02-04,1.1418,117.58,1.5209,1.255,0.9238
2015-02-05,1.1432,117.4,1.5293,1.2419,0.9248
2015-02-06,1.133,119.16,1.5247,1.2524,0.9228
2015-02-09,1.1316,118.7,1.5217,1.2448,0.9258
2015-02-10,1.1316,119.32,1.5252,1.2528,0.9263
2015-02-11,1.13,120.38,1.5232,1.2635,0.9288
2015-02-12,1.141,118.72,1.538,1.2464,0.9283
2015-02-13,1.1408,118.7,1.5394,1.2449,0.9308
2015-02-17,1.1395,118.99,1.5349,1.2401,0.9346
2015-02-18,1.1342,119.19,1.543,1.2456,0.9446
2015-02-19,1.1392,118.84,1.5451,1.2484,0.9472
2015-02-20,1.1372,118.68,1.5385,1.2503,0.9419
2015-02-23,1.1346,118.88,1.5465,1.2577,0.9494
2015-02-24,1.1307,119.13,1.5434,1.2601,0.9516
2015-02-25,1.1363,118.88,1.5499,1.2418,0.9496
2015-02-26,1.1212,119.36,1.5424,1.249,0.954
2015-02-27,1.1197,119.72,1.5439,1.2506,0.9513
2015-03-02,1.119,120.06,1.5371,1.2535,0.9553
2015-03-03,1.1212,119.47,1.5391,1.245,0.959
2015-03-04,1.107,119.76,1.5266,1.2439,0.964
2015-03-05,1.1006,120.22,1.5229,1.2482,0.9736
2015-03-06,1.0855,120.93,1.5063,1.2615,0.9846
2015-03-09,1.0846,121.17,1.5097,1.2598,0.9873
2015-03-10,1.0707,121.2,1.5086,1.2633,0.9996
2015-03-11,1.0576,121.5,1.4945,1.2763,1.0074
2015-03-12,1.0615,121.28,1.4907,1.2692,1.0034
2015-03-13,1.0524,121.17,1.4755,1.2803,1.0047
2015-03-16,1.0575,121.3,1.48,1.2763,1.0074
2015-03-17,1.0605,121.28,1.4744,1.2769,1.004
2015-03-18,1.0643,120.92,1.4686,1.2771,0.9952
2015-03-19,1.0621,120.9,1.4729,1.2743,0.9921
2015-03-20,1.0792,120.28,1.4923,1.2593,0.9766
2015-03-23,1.0928,119.74,1.4936,1.2515,0.9668
2015-03-24,1.0908,119.9,1.487,1.251,0.9586
2015-03-25,1.0986,119.37,1.4915,1.2513,0.9574
2015-03-26,1.0919,119.01,1.4844,1.2469,0.9614
2015-03-27,1.0891,119.15,1.4878,1.2579,0.9586
2015-03-30,1.0818,120.11,1.4792,1.2687,0.9678
2015-03-31,1.0741,119.96,1.485,1.2681,0.9712
2015-04-01,1.0768,119.62,1.4823,1.261,0.9671
2015-04-02,1.0874,119.74,1.4842,1.2584,0.9578
2015-04-03,1.099,118.96,1.4916,1.2465,0.9504
2015-04-06,1.1008,119.05,1.4959,1.245,0.9524
2015-04-07,1.085,120.36,1.4857,1.2488,0.964
2015-04-08,1.0818,119.96,1.4924,1.2508,0.9634
2015-04-09,1.0671,120.32,1.4739,1.258,0.9754
2015-04-10,1.0598,120.29,1.4648,1.2596,0.9807
2015-04-13,1.0582,120.32,1.4658,1.2603,0.978
2015-04-14,1.0672,119.26,1.479,1.2476,0.9712
2015-04-15,1.0596,119.23,1.4782,1.2378,0.9721
2015-04-16,1.0742,119.18,1.4923,1.2206,0.9584
2015-04-17,1.078,119.02,1.4942,1.2225,0.9528
2015-04-20,1.0763,119.27,1.4913,1.2203,0.9543
2015-04-21,1.0758,119.45,1.4944,1.2274,0.9528
2015-04-22,1.0729,119.9,1.5027,1.225,0.9662
2015-04-23,1.0803,119.69,1.5047,1.2148,0.955
2015-04-24,1.0876,118.98,1.5176,1.2168,0.9533
2015-04-27,1.0892,119.12,1.5235,1.2106,0.9534
2015-04-28,1.0979,118.8,1.5328,1.2021,0.9538
2015-04-29,1.1174,118.83,1.5485,1.1955,0.9358
2015-04-30,1.1162,119.86,1.5328,1.2116,0.941
2015-05-01,1.1194,120.21,1.5137,1.2191,0.934
2015-05-04,1.1145,120.25,1.5118,1.2108,0.9357
2015-05-05,1.1174,119.87,1.5178,1.2038,0.9262
2015-05-06,1.1345,119.42,1.5244,1.2007,0.915
2015-05-07,1.1283,119.74,1.5223,1.2139,0.9196
2015-05-08,1.1241,119.78,1.5455,1.2086,0.9274
2015-05-11,1.1142,120.05,1.5593,1.2107,0.9344
2015-05-12,1.124,119.8,1.5685,1.1987,0.9266
2015-05-13,1.1372,119.09,1.5748,1.195,0.9162
2015-05-14,1.1368,119.2,1.5766,1.1991,0.9146
2015-05-15,1.1428,119.36,1.5772,1.2009,0.9174
2015-05-18,1.1354,119.82,1.5679,1.215,0.923
2015-05-19,1.1151,120.58,1.5523,1.2213,0.9367
2015-05-20,1.1079,121.28,1.5544,1.2212,0.9395
2015-05-21,1.1126,121.06,1.5672,1.2201,0.9346
2015-05-22,1.1033,121.45,1.5484,1.2288,0.9428
2015-05-26,1.0876,123.08,1.5398,1.2428,0.9503
2015-05-27,1.0888,123.76,1.5324,1.2483,0.9508
2015-05-28,1.0914,124.18,1.5291,1.2474,0.9458
2015-05-29,1.0994,123.98,1.5286,1.2466,0.9404
2015-06-01,1.0913,124.64,1.5187,1.2547,0.9467
2015-06-02,1.113,124.19,1.5331,1.2425,0.9343
2015-06-03,1.1285,124.06,1.5351,1.2437,0.9336
2015-06-04,1.1271,124.56,1.5367,1.2477,0.9342
2015-06-05,1.1108,125.58,1.5267,1.2488,0.9436
2015-06-08,1.1232,125.08,1.528,1.2435,0.9332
2015-06-09,1.1284,124.16,1.5383,1.2316,0.9295
2015-06-10,1.1307,122.72,1.553,1.2267,0.9292
2015-06-11,1.1236,123.62,1.5493,1.2314,0.9364
2015-06-12,1.1278,123.23,1.5587,1.2306,0.926
2015-06-15,1.1266,123.38,1.5572,1.2321,0.9351
2015-06-16,1.1238,123.39,1.5637,1.2328,0.9325
2015-06-17,1.1244,124.25,1.5708,1.2307,0.9272
2015-06-18,1.1404,122.87,1.5882,1.2206,0.9196
2015-06-19,1.1335,122.7,1.5881,1.2273,0.9206
2015-06-22,1.1378,123.28,1.5823,1.2286,0.9188
2015-06-23,1.119,123.71,1.5751,1.2326,0.9336
2015-06-24,1.1178,124.24,1.5681,1.2413,0.936
2015-06-25,1.1196,123.63,1.5728,1.2346,0.9375
2015-06-26,1.1156,123.92,1.5739,1.2358,0.9351
2015-06-29,1.118,122.5,1.5764,1.238,0.928
2015-06-30,1.1154,122.1,1.5727,1.2473,0.9346
2015-07-01,1.1084,123.02,1.5617,1.2559,0.9456
2015-07-02,1.109,123.14,1.5614,1.2566,0.9436
2015-07-06,1.1076,122.53,1.5619,1.2623,0.9432
2015-07-07,1.0952,122.16,1.5443,1.2742,0.9482
2015-07-08,1.1072,120.54,1.5353,1.2724,0.9458
2015-07-09,1.1025,121.22,1.5375,1.2727,0.9495
2015-07-10,1.115,122.75,1.5503,1.2713,0.9411
2015-07-13,1.102,123.35,1.5518,1.2762,0.9492
2015-07-14,1.1015,123.39,1.5584,1.2746,0.9459
2015-07-15,1.0965,123.89,1.5621,1.2935,0.9521
2015-07-16,1.0898,124.04,1.5601,1.2938,0.9562
2015-07-17,1.0848,124.0,1.5624,1.2997,0.9608
2015-07-20,1.085,124.24,1.5587,1.2982,0.963
2015-07-21,1.0927,123.93,1.555,1.2958,0.959
2015-07-22,1.0884,124.08,1.5617,1.3023,0.9613
2015-07-23,1.0976,123.88,1.5533,1.303,0.9581
2015-07-24,1.0976,123.74,1.5514,1.3059,0.962
2015-07-27,1.1112,123.24,1.5595,1.3008,0.9597
2015-07-28,1.1055,123.52,1.5617,1.2933,0.9638
2015-07-29,1.1026,123.86,1.5624,1.2893,0.963
2015-07-30,1.0914,124.38,1.5581,1.3024,0.9696
2015-07-31,1.1028,123.94,1.5634,1.3047,0.9636
2015-08-03,1.0962,123.98,1.5603,1.3141,0.9682
2015-08-04,1.0953,124.0,1.5612,1.3124,0.9732
2015-08-05,1.0868,124.84,1.5604,1.3181,0.981
2015-08-06,1.0922,124.6,1.5521,1.3152,0.9808
2015-08-07,1.0958,124.27,1.5467,1.3122,0.9824
2015-08-10,1.0994,124.55,1.5546,1.3056,0.9848
2015-08-11,1.1042,124.9,1.5572,1.3149,0.9869
2015-08-12,1.1198,123.87,1.5639,1.2973,0.9691
2015-08-13,1.1144,124.32,1.5595,1.3078,0.976
2015-08-14,1.111,124.27,1.5625,1.3075,0.978
2015-08-17,1.1078,124.33,1.5598,1.309,0.977
2015-08-18,1.1028,124.39,1.5658,1.3075,0.9764
2015-08-19,1.1061,124.1,1.5645,1.3165,0.9702
2015-08-20,1.12,123.54,1.5688,1.3075,0.9621
2015-08-21,1.1356,122.11,1.5698,1.3146,0.9488
2015-08-24,1.158,118.56,1.5731,1.321,0.9347
2015-08-25,1.141,119.91,1.5698,1.3295,0.9488
2015-08-26,1.139,119.07,1.5493,1.3301,0.9472
2015-08-27,1.1239,120.89,1.5411,1.3193,0.9631
2015-08-28,1.1172,121.32,1.5362,1.3268,0.9622
2015-08-31,1.1194,121.26,1.5363,1.3223,0.9681
2015-09-01,1.1263,119.94,1.5341,1.318,0.9622
2015-09-02,1.1242,120.0,1.531,1.3308,0.969
2015-09-03,1.1104,120.2,1.5254,1.32,0.9764
2015-09-04,1.1117,119.05,1.5195,1.3272,0.9754
2015-09-08,1.1182,119.72,1.5381,1.3193,0.978
2015-09-09,1.1165,120.94,1.5363,1.3221,0.9767
2015-09-10,1.1262,120.71,1.5457,1.3218,0.9735
2015-09-11,1.1338,120.66,1.5426,1.3274,0.9735
2015-09-14,1.1307,119.92,1.5423,1.3265,0.9687
2015-09-15,1.126,120.3,1.5352,1.3261,0.9755
2015-09-16,1.1304,120.62,1.5499,1.318,0.9688
2015-09-17,1.1312,120.9,1.5509,1.3186,0.971
2015-09-18,1.1358,119.85,1.5573,1.3146,0.9614
2015-09-21,1.1204,120.46,1.5506,1.3249,0.9702
2015-09-22,1.1133,120.04,1.5356,1.3276,0.9733
2015-09-23,1.116,120.12,1.5243,1.3313,0.978
2015-09-24,1.1252,119.54,1.5254,1.3348,0.973
2015-09-25,1.1192,120.74,1.5172,1.3322,0.976
2015-09-28,1.1236,119.82,1.5208,1.336,0.9735
2015-09-29,1.1246,119.76,1.5168,1.3414,0.971
2015-09-30,1.1162,119.81,1.5116,1.3396,0.9773
2015-10-01,1.12,119.58,1.5162,1.324,0.9744
2015-10-02,1.1276,119.42,1.5216,1.3213,0.9684
2015-10-05,1.12,120.36,1.5165,1.3084,0.9746
2015-10-06,1.1266,120.18,1.5227,1.3056,0.9678
2015-10-07,1.1249,119.9,1.5315,1.3038,0.9716
2015-10-08,1.1282,119.94,1.5316,1.3017,0.9674
2015-10-09,1.1363,120.3,1.5315,1.2945,0.9615
2015-10-13,1.1382,119.8,1.5242,1.2984,0.9594
2015-10-14,1.1437,119.21,1.5445,1.2983,0.9517
2015-10-15,1.1418,118.26,1.5475,1.2901,0.9489
2015-10-16,1.136,119.6,1.5441,1.2932,0.9536
2015-10-19,1.132,119.5,1.5471,1.2999,0.956
2015-10-20,1.1359,119.79,1.547,1.2974,0.954
2015-10-21,1.1345,119.91,1.5463,1.3117,0.957
2015-10-22,1.114,120.5,1.5399,1.3087,0.971
2015-10-23,1.1016,121.2,1.534,1.3171,0.9769
2015-10-26,1.1051,120.87,1.5361,1.3134,0.9815
2015-10-27,1.1052,120.29,1.5312,1.3242,0.9848
2015-10-28,1.1066,120.56,1.5319,1.3149,0.9848
2015-10-29,1.0963,121.14,1.5296,1.3169,0.9915
2015-10-30,1.1042,120.7,1.5445,1.3082,0.9858
2015-11-02,1.1026,120.7,1.5428,1.3093,0.9853
2015-11-03,1.0946,121.2,1.5404,1.3107,0.9922
2015-11-04,1.0861,121.52,1.5377,1.3164,0.9933
2015-11-05,1.0869,121.71,1.5236,1.3162,0.9964
2015-11-06,1.0746,123.2,1.5071,1.3307,1.0048
2015-11-09,1.0767,123.04,1.5124,1.3274,1.0017
2015-11-10,1.0686,123.22,1.511,1.3258,1.0076
2015-11-12,1.0768,122.84,1.5206,1.3309,1.0014
2015-11-13,1.0722,122.93,1.5208,1.3332,1.0088
2015-11-16,1.0708,123.11,1.5204,1.3352,1.0079
2015-11-17,1.0634,123.48,1.5214,1.3324,1.0169
2015-11-18,1.0638,123.51,1.521,1.3351,1.0198
2015-11-19,1.0746,122.71,1.5327,1.3266,1.014
2015-11-20,1.066,122.8,1.5199,1.3337,1.0183
2015-11-23,1.0602,123.02,1.5125,1.3358,1.0205
2015-11-24,1.0652,122.47,1.5057,1.3308,1.0161
2015-11-25,1.0616,122.7,1.5109,1.3298,1.022
2015-11-27,1.0596,122.84,1.504,1.336,1.0305
2015-11-30,1.0562,123.22,1.5044,1.3332,1.0282
2015-12-01,1.062,122.88,1.5074,1.3372,1.0296
2015-12-02,1.0573,123.52,1.4927,1.3357,1.0274
2015-12-03,1.0902,123.06,1.5088,1.3393,0.9996
2015-12-04,1.0884,123.1,1.51,1.3364,0.9986
2015-12-07,1.084,123.31,1.5076,1.3508,1.0026
2015-12-08,1.0876,123.0,1.5,1.3594,0.994
2015-12-09,1.0984,121.86,1.5168,1.3595,0.9866
2015-12-10,1.0948,121.44,1.5176,1.3598,0.9888
2015-12-11,1.1002,120.94,1.5213,1.3695,0.9828
2015-12-14,1.1025,120.57,1.513,1.3732,0.9823
2015-12-15,1.0911,121.66,1.5044,1.3729,0.9921
2015-12-16,1.0937,121.88,1.5013,1.3805,0.9852
2015-12-17,1.0804,122.75,1.4876,1.397,0.9987
2015-12-18,1.0847,121.2,1.4914,1.3876,0.994
2015-12-21,1.092,120.99,1.4906,1.3989,0.9912
2015-12-22,1.0978,120.94,1.4811,1.3929,0.9866
2015-12-23,1.0875,120.94,1.4863,1.386,0.9938
2015-12-24,1.0955,120.32,1.4943,1.3847,0.9872
2015-12-28,1.0983,120.3,1.4883,1.3893,0.9878
2015-12-29,1.0916,120.44,1.4794,1.3848,0.9924
2015-12-30,1.0912,120.6,1.4832,1.3883,0.989
2015-12-31,1.0859,120.27,1.4746,1.3839,1.0017
2016-01-04,1.0803,119.3,1.4686,1.397,1.0042
2016-01-05,1.0743,118.95,1.4664,1.3991,1.0096
2016-01-06,1.0762,118.54,1.4626,1.4084,1.0084
2016-01-07,1.086,118.0,1.4579,1.4061,1.0018
2016-01-08,1.0885,117.74,1.4523,1.415,0.9972
2016-01-11,1.0878,117.48,1.4564,1.4203,1.0
2016-01-12,1.0837,117.78,1.4403,1.4293,1.003
2016-01-13,1.0862,118.06,1.447,1.4294,1.0064
2016-01-14,1.0862,118.03,1.4409,1.4374,1.0072
2016-01-15,1.0964,116.78,1.4289,1.4531,0.9984
2016-01-19,1.0906,117.66,1.4171,1.4513,1.0032
2016-01-20,1.0908,116.38,1.4167,1.4592,1.0032
2016-01-21,1.0833,117.61,1.4198,1.4244,1.0112
2016-01-22,1.0814,118.37,1.4308,1.4153,1.0148
2016-01-25,1.0832,118.55,1.4245,1.4248,1.0148
2016-01-26,1.0846,118.5,1.4342,1.4062,1.0189
2016-01-27,1.0867,118.9,1.4261,1.404,1.0176
2016-01-28,1.0952,118.61,1.4351,1.4077,1.0134
2016-01-29,1.0832,121.05,1.4184,1.4074,1.0226
2016-02-01,1.0888,121.06,1.4367,1.4005,1.0202
2016-02-02,1.0908,120.27,1.4399,1.4039,1.0181
2016-02-03,1.1051,117.92,1.4576,1.3843,1.007
2016-02-04,1.1199,116.75,1.458,1.3724,0.9926
2016-02-05,1.1131,116.99,1.4468,1.3875,0.9938
2016-02-08,1.117,115.7,1.4415,1.3921,0.9885
2016-02-09,1.13,114.8,1.4473,1.386,0.972
2016-02-10,1.1222,114.03,1.4473,1.3969,0.9779
2016-02-11,1.1362,111.72,1.4448,1.3933,0.9706
2016-02-12,1.1235,112.96,1.446,1.3834,0.9768
2016-02-16,1.114,113.9,1.429,1.3857,0.9884
2016-02-17,1.114,114.14,1.4317,1.3682,0.9926
2016-02-18,1.1092,113.62,1.4333,1.3718,0.994
2016-02-19,1.1127,112.42,1.4343,1.3798,0.9893
2016-02-22,1.1018,113.12,1.4157,1.3684,0.9986
2016-02-23,1.1016,112.17,1.404,1.3791,0.992
2016-02-24,1.1021,111.36,1.3932,1.3765,0.986
2016-02-25,1.1026,112.7,1.3937,1.3572,0.9894
2016-02-26,1.0932,113.78,1.3867,1.3546,0.9967
2016-02-29,1.0868,112.9,1.3926,1.3522,0.996
2016-03-01,1.0847,113.94,1.3948,1.3404,0.9994
2016-03-02,1.0845,113.81,1.4059,1.3466,0.9981
2016-03-03,1.0948,113.53,1.4152,1.3405,0.992
2016-03-04,1.101,113.91,1.4226,1.3337,0.9926
2016-03-07,1.1004,113.6,1.4256,1.33,0.9969
2016-03-08,1.1028,112.58,1.4225,1.3388,0.9939
2016-03-09,1.1022,113.06,1.4236,1.3233,0.9957
2016-03-10,1.1162,113.1,1.4306,1.3372,0.9857
2016-03-11,1.118,113.66,1.4426,1.3211,0.9813
2016-03-14,1.1107,113.59,1.4324,1.3291,0.986
2016-03-15,1.1112,112.88,1.4166,1.3355,0.9852
2016-03-16,1.1075,113.69,1.41,1.3364,0.9879
2016-03-17,1.1316,111.3,1.449,1.2982,0.968
2016-03-18,1.1292,111.38,1.4514,1.298,0.9682
2016-03-21,1.126,111.62,1.4402,1.3067,0.9678
2016-03-22,1.1228,111.82,1.4217,1.3051,0.9705
2016-03-23,1.1174,112.63,1.4111,1.3199,0.9731
2016-03-24,1.1163,112.64,1.4143,1.327,0.9766
2016-03-25,1.1164,113.05,1.4131,1.3264,0.978
2016-03-28,1.121,113.29,1.425,1.3184,0.9732
2016-03-29,1.1204,113.33,1.4281,1.3153,0.9744
2016-03-30,1.133,112.6,1.439,1.2962,0.9636
2016-03-31,1.139,112.42,1.4381,1.2969,0.9583
2016-04-01,1.1385,112.06,1.4204,1.3047,0.9588
2016-04-04,1.1386,111.18,1.4279,1.3037,0.9597
2016-04-05,1.1374,110.26,1.4149,1.3175,0.9572
2016-04-06,1.143,109.63,1.4162,1.3073,0.9537
2016-04-07,1.1386,107.98,1.4082,1.3163,0.9552
2016-04-08,1.1406,108.36,1.4105,1.2994,0.9536
2016-04-11,1.1412,107.96,1.424,1.2912,0.9538
2016-04-12,1.1395,108.54,1.4244,1.28,0.9546
2016-04-13,1.1281,109.21,1.4223,1.2789,0.9651
2016-04-14,1.1262,109.2,1.4148,1.2835,0.9667
2016-04-15,1.1295,108.76,1.4217,1.2857,0.967
2016-04-18,1.1322,108.85,1.4276,1.2815,0.9636
2016-04-19,1.1375,109.16,1.4396,1.2654,0.9599
2016-04-20,1.133,109.51,1.4375,1.2623,0.9671
2016-04-21,1.1301,109.41,1.4338,1.2713,0.9722
2016-04-22,1.1239,111.5,1.439,1.2672,0.9774
2016-04-25,1.1274,111.08,1.4492,1.2678,0.9742
2016-04-26,1.1318,111.23,1.4611,1.2614,0.9713
2016-04-27,1.1322,111.26,1.4554,1.2637,0.971
2016-04-28,1.1325,108.55,1.4581,1.2544,0.9687
2016-04-29,1.1441,106.9,1.4625,1.2549,0.9598
2016-05-02,1.1516,106.48,1.4666,1.2544,0.9556
2016-05-03,1.1508,106.34,1.4543,1.2686,0.9541
2016-05-04,1.1486,107.12,1.4475,1.2882,0.9574
2016-05-05,1.1404,107.32,1.4486,1.2855,0.9686
2016-05-06,1.1421,106.66,1.4439,1.292,0.9697
2016-05-09,1.1402,108.39,1.4409,1.2994,0.9698
2016-05-10,1.1386,109.22,1.4454,1.2957,0.9746
2016-05-11,1.1444,108.48,1.448,1.2834,0.9699
2016-05-12,1.138,108.73,1.4452,1.2857,0.9693
2016-05-13,1.1294,109.14,1.4369,1.2939,0.9756
2016-05-16,1.1328,108.89,1.4411,1.2886,0.9772
2016-05-17,1.1337,109.02,1.4485,1.2884,0.9761
2016-05-18,1.1276,109.65,1.4615,1.2924,0.9822
2016-05-19,1.1214,109.81,1.4608,1.3114,0.9894
2016-05-20,1.1207,110.52,1.4513,1.3136,0.992
2016-05-23,1.1192,109.47,1.4444,1.3155,0.9919
2016-05-24,1.1145,110.0,1.4623,1.3117,0.993
2016-05-25,1.1154,110.22,1.4694,1.3089,0.9908
2016-05-26,1.1184,109.74,1.4673,1.298,0.9898
2016-05-27,1.114,109.86,1.4644,1.3001,0.9916
2016-05-31,1.1135,110.75,1.453,1.3097,0.9934
2016-06-01,1.1165,109.55,1.4395,1.3089,0.9892
2016-06-02,1.1157,108.75,1.4419,1.308,0.9902
2016-06-03,1.133,106.88,1.4521,1.2947,0.9781
2016-06-06,1.1354,107.33,1.445,1.2856,0.972
2016-06-07,1.135,107.3,1.4564,1.2788,0.9663
2016-06-08,1.14,106.68,1.4546,1.2694,0.9594
2016-06-09,1.1329,106.54,1.4467,1.2728,0.9639
2016-06-10,1.1281,107.06,1.4342,1.2734,0.9632
2016-06-13,1.1282,106.07,1.4223,1.2791,0.9662
2016-06-14,1.1206,106.02,1.413,1.2833,0.964
2016-06-15,1.1239,105.87,1.4185,1.2912,0.9647
2016-06-16,1.1158,104.05,1.4075,1.3039,0.9662
2016-06-17,1.1256,104.2,1.4285,1.2875,0.961
2016-06-20,1.1318,104.32,1.4688,1.2807,0.9616
2016-06-21,1.1262,104.56,1.4668,1.2817,0.9596
2016-06-22,1.1286,104.56,1.4682,1.282,0.9584
2016-06-23,1.1373,105.9,1.48,1.2749,0.9566
2016-06-24,1.1126,102.26,1.3639,1.2948,0.9702
2016-06-27,1.1024,101.66,1.3217,1.3076,0.9787
2016-06-28,1.1054,102.71,1.3294,1.3086,0.9812
2016-06-29,1.1117,102.68,1.351,1.299,0.9794
2016-06-30,1.1032,102.77,1.3242,1.301,0.9792
2016-07-01,1.1145,102.55,1.3281,1.2897,0.973
2016-07-05,1.108,101.58,1.3021,1.295,0.9768
2016-07-06,1.1077,101.12,1.2921,1.3003,0.9778
2016-07-07,1.1065,100.74,1.2926,1.2984,0.9781
2016-07-08,1.1038,100.65,1.2938,1.3072,0.9843
2016-07-11,1.1045,102.66,1.2986,1.3125,0.983
2016-07-12,1.1074,104.72,1.3237,1.3016,0.9869
2016-07-13,1.1112,104.1,1.318,1.2962,0.9834
2016-07-14,1.1109,105.4,1.3332,1.2916,0.9806
2016-07-15,1.1059,105.64,1.3194,1.2978,0.9834
2016-07-18,1.1076,106.0,1.3279,1.2984,0.9822
2016-07-19,1.1014,106.13,1.3123,1.3027,0.985
2016-07-20,1.1007,106.65,1.3179,1.3037,0.9872
2016-07-21,1.1016,105.98,1.3216,1.3056,0.9869
2016-07-22,1.0968,106.22,1.3091,1.3178,0.9888
2016-07-25,1.098,106.02,1.313,1.3224,0.9869
2016-07-26,1.0984,104.83,1.3133,1.3207,0.9924
2016-07-27,1.0988,105.65,1.3094,1.3221,0.9936
2016-07-28,1.1094,104.86,1.3151,1.317,0.9806
2016-07-29,1.1168,102.32,1.327,1.304,0.969
2016-08-01,1.1176,102.26,1.3209,1.3096,0.9671
2016-08-02,1.1225,100.82,1.3326,1.3087,0.9643
2016-08-03,1.117,101.34,1.3335,1.3078,0.9716
2016-08-04,1.1134,101.08,1.3143,1.3025,0.9738
2016-08-05,1.108,101.74,1.3069,1.3179,0.9796
2016-08-08,1.1078,102.53,1.3042,1.3162,0.9838
2016-08-09,1.111,101.96,1.301,1.3116,0.9826
2016-08-10,1.1171,101.27,1.2998,1.3059,0.9759
2016-08-11,1.1168,101.46,1.296,1.3004,0.9722
2016-08-12,1.1172,101.01,1.2934,1.2943,0.9738
2016-08-15,1.1199,101.02,1.2874,1.2922,0.9714
2016-08-16,1.1277,100.28,1.3019,1.2861,0.9622
2016-08-17,1.1263,100.24,1.3012,1.2885,0.964
2016-08-18,1.1334,100.07,1.3147,1.2777,0.9576
2016-08-19,1.1326,100.24,1.3061,1.2878,0.9594
2016-08-22,1.1314,100.25,1.3133,1.2942,0.9625
2016-08-23,1.1308,100.2,1.3179,1.2904,0.9622
2016-08-24,1.1256,100.5,1.3236,1.2939,0.9673
2016-08-25,1.1274,100.58,1.3177,1.2934,0.9684
2016-08-26,1.1237,101.2,1.3168,1.2944,0.9718
2016-08-29,1.1182,102.13,1.3089,1.3018,0.978
2016-08-30,1.115,102.92,1.3084,1.3075,0.9822
2016-08-31,1.1146,103.38,1.3129,1.3122,0.983
2016-09-01,1.1194,103.22,1.3273,1.3107,0.9792
2016-09-02,1.1158,104.18,1.3299,1.2998,0.9804
2016-09-06,1.1237,102.28,1.3429,1.2843,0.9718
2016-09-07,1.1238,101.72,1.3339,1.2895,0.9702
2016-09-08,1.1256,102.28,1.3301,1.291,0.9726
2016-09-09,1.1214,102.86,1.3257,1.3034,0.977
2016-09-12,1.123,101.96,1.3313,1.3076,0.9736
2016-09-13,1.1242,102.14,1.3184,1.3167,0.974
2016-09-14,1.1271,102.33,1.3204,1.3187,0.9708
2016-09-15,1.1246,102.24,1.3215,1.3145,0.9714
2016-09-16,1.116,102.36,1.309,1.3212,0.9794
2016-09-19,1.1179,101.82,1.3051,1.318,0.9798
2016-09-20,1.1172,101.66,1.2974,1.3228,0.9781
2016-09-21,1.1165,100.62,1.2978,1.3186,0.9758
2016-09-22,1.1229,100.8,1.3092,1.3036,0.9678
2016-09-23,1.1223,101.04,1.2959,1.3163,0.9702
2016-09-26,1.127,100.34,1.2978,1.3196,0.9668
2016-09-27,1.1208,100.36,1.3005,1.3247,0.9718
2016-09-28,1.12,100.57,1.2996,1.3237,0.9724
2016-09-29,1.1244,101.48,1.2991,1.3101,0.9655
2016-09-30,1.1238,101.21,1.3015,1.3115,0.9694
2016-10-03,1.121,101.54,1.284,1.3138,0.974
2016-10-04,1.1212,102.66,1.2746,1.3171,0.978
2016-10-05,1.1196,103.53,1.2745,1.3177,0.977
2016-10-06,1.1158,104.02,1.2647,1.3209,0.9798
2016-10-07,1.1156,103.42,1.2434,1.3306,0.9806
2016-10-11,1.1062,103.36,1.2218,1.3235,0.9878
2016-10-12,1.1014,104.48,1.2195,1.3277,0.9902
2016-10-13,1.1038,103.62,1.2201,1.3219,0.987
2016-10-14,1.0985,104.1,1.2189,1.3169,0.9902
2016-10-17,1.1,103.96,1.2186,1.3135,0.988
2016-10-18,1.0997,103.8,1.231,1.3105,0.9886
2016-10-19,1.0966,103.3,1.2279,1.3105,0.9894
2016-10-20,1.0934,103.92,1.2256,1.3197,0.9916
2016-10-21,1.0866,103.96,1.221,1.3324,0.9951
2016-10-24,1.0888,104.2,1.2204,1.3387,0.992
2016-10-25,1.089,104.25,1.2164,1.3333,0.994
2016-10-26,1.0916,104.42,1.2234,1.3361,0.9927
2016-10-27,1.0904,105.14,1.2173,1.3385,0.994
2016-10-28,1.0934,105.4,1.2155,1.3383,0.9932
2016-10-31,1.0962,105.07,1.2212,1.3403,0.989
2016-11-01,1.1042,104.59,1.2218,1.3377,0.979
2016-11-02,1.1119,103.22,1.2315,1.3387,0.9701
2016-11-03,1.1094,103.17,1.2454,1.3384,0.9746
2016-11-04,1.1121,103.02,1.2546,1.3413,0.9682
2016-11-07,1.1038,104.6,1.2403,1.338,0.9758
2016-11-08,1.1034,104.98,1.2372,1.3335,0.9757
2016-11-09,1.0952,104.84,1.2474,1.3406,0.9812
2016-11-10,1.0882,106.56,1.2523,1.3474,0.9878
2016-11-14,1.0723,108.3,1.2469,1.3581,0.9978
2016-11-15,1.0726,108.94,1.2422,1.3468,1.0015
2016-11-16,1.0699,109.16,1.245,1.3415,1.0019
2016-11-17,1.0656,109.64,1.245,1.3429,1.0048
2016-11-18,1.06,110.51,1.2327,1.3518,1.0094
2016-11-21,1.0597,111.12,1.2474,1.3432,1.0112
2016-11-22,1.0618,110.98,1.2424,1.3444,1.01
2016-11-23,1.056,112.58,1.2458,1.3467,1.0156
2016-11-25,1.0595,113.17,1.2462,1.3512,1.0136
2016-11-28,1.0576,112.36,1.2411,1.3401,1.0158
2016-11-29,1.0626,112.78,1.2505,1.3435,1.0132
2016-11-30,1.0578,114.34,1.2481,1.3425,1.0187
2016-12-01,1.0634,114.34,1.2596,1.333,1.0126
2016-12-02,1.0666,113.76,1.2685,1.3298,1.011
2016-12-05,1.0723,114.1,1.2708,1.3271,1.0103
2016-12-06,1.0717,113.98,1.2706,1.3279,1.0093
2016-12-07,1.0758,113.5,1.2604,1.3251,1.0065
2016-12-08,1.0625,114.16,1.2574,1.322,1.0154
2016-12-09,1.0541,115.17,1.259,1.3162,1.0184
2016-12-12,1.0606,115.34,1.2677,1.3137,1.0157
2016-12-13,1.0635,115.26,1.2685,1.3119,1.0118
2016-12-14,1.0656,115.06,1.2706,1.3123,1.0099
2016-12-15,1.0375,118.32,1.2389,1.3397,1.0334
2016-12-16,1.0456,117.74,1.2478,1.3339,1.0258
2016-12-19,1.0444,116.6,1.2419,1.3395,1.0226
2016-12-20,1.039,117.86,1.2358,1.3376,1.0282
2016-12-21,1.0425,117.79,1.2348,1.3401,1.0262
2016-12-22,1.0452,117.48,1.2301,1.347,1.0246
2016-12-23,1.0449,117.22,1.2252,1.3533,1.0268
2016-12-27,1.0458,117.52,1.2261,1.3553,1.0284
2016-12-28,1.0389,117.66,1.2222,1.3555,1.0313
2016-12-29,1.0486,116.32,1.2237,1.3488,1.023
2016-12-30,1.0552,116.78,1.2337,1.3426,1.016
2017-01-03,1.0416,117.68,1.2256,1.3437,1.0266
2017-01-04,1.0476,117.38,1.2299,1.3293,1.0228
2017-01-05,1.0598,115.46,1.2415,1.3216,1.0107
2017-01-06,1.056,116.85,1.2314,1.3216,1.015
2017-01-09,1.0576,116.07,1.2167,1.322,1.0148
2017-01-10,1.0572,115.74,1.2165,1.3208,1.0158
2017-01-11,1.0501,116.26,1.2118,1.3219,1.0203
2017-01-12,1.0666,113.87,1.2211,1.313,1.0066
2017-01-13,1.0625,115.03,1.2198,1.3134,1.0098
2017-01-17,1.0695,112.96,1.2388,1.306,1.0028
2017-01-18,1.0682,113.4,1.2309,1.3175,1.0028
2017-01-19,1.063,115.3,1.2319,1.3327,1.0094
2017-01-23,1.074,112.9,1.2485,1.3283,0.999
2017-01-24,1.0749,113.63,1.2531,1.3152,0.9998
2017-01-25,1.0743,113.6,1.262,1.3074,0.9996
2017-01-26,1.067,114.7,1.2579,1.3104,1.0011
2017-01-27,1.069,115.16,1.2531,1.3108,0.9992
2017-01-30,1.0681,113.86,1.2478,1.3092,0.9976
2017-01-31,1.0794,112.72,1.2585,1.303,0.9888
2017-02-01,1.0758,113.29,1.2643,1.3088,0.993
2017-02-02,1.0802,112.48,1.2541,1.3018,0.9894
2017-02-03,1.0792,112.42,1.2504,1.3003,0.991
2017-02-06,1.0731,112.32,1.245,1.3116,0.9934
2017-02-07,1.069,112.14,1.2486,1.3166,0.997
2017-02-08,1.0708,111.74,1.2543,1.3156,0.9934
2017-02-09,1.0658,113.24,1.2516,1.3139,1.0013
2017-02-10,1.065,113.22,1.2502,1.3073,1.0028
2017-02-13,1.0603,113.79,1.251,1.3072,1.0054
2017-02-14,1.0577,114.34,1.2465,1.3092,1.0072
2017-02-15,1.0597,114.17,1.2465,1.3082,1.0062
2017-02-16,1.066,113.36,1.2477,1.3056,0.9992
2017-02-17,1.0614,112.86,1.2428,1.3114,1.0022
2017-02-21,1.0551,113.48,1.2465,1.3149,1.0083
2017-02-22,1.0555,113.46,1.2456,1.3188,1.0109
2017-02-23,1.0586,112.68,1.2548,1.3109,1.0062
2017-02-24,1.058,112.26,1.2499,1.3106,1.0055
2017-02-27,1.0624,112.01,1.2473,1.31,1.0051
2017-02-28,1.0618,112.06,1.2427,1.3247,1.0022
2017-03-01,1.0564,113.66,1.2318,1.3345,1.0072
2017-03-02,1.0514,114.45,1.2267,1.3384,1.012
2017-03-03,1.0552,114.6,1.2249,1.3419,1.0118
2017-03-06,1.0586,113.92,1.2243,1.341,1.0114
2017-03-07,1.0582,113.99,1.2209,1.3413,1.013
2017-03-08,1.0547,114.58,1.2152,1.3479,1.0146
2017-03-09,1.0586,114.71,1.2166,1.3504,1.0131
2017-03-10,1.0667,115.02,1.2158,1.3468,1.0104
2017-03-13,1.067,114.61,1.2234,1.3453,1.0068
2017-03-14,1.0645,114.63,1.2168,1.3462,1.0078
2017-03-15,1.063,114.66,1.2222,1.3451,1.008
2017-03-16,1.0738,113.02,1.237,1.3316,0.9953
2017-03-17,1.0742,112.67,1.2372,1.3366,0.9978
2017-03-20,1.0754,112.59,1.2365,1.3357,0.9966
2017-03-21,1.081,111.9,1.2479,1.3321,0.9936
2017-03-22,1.08,111.06,1.2476,1.3347,0.99
2017-03-23,1.0787,111.12,1.2526,1.3332,0.9924
2017-03-24,1.0806,111.03,1.2491,1.3373,0.991
2017-03-27,1.0882,110.48,1.2583,1.3367,0.983
2017-03-28,1.0852,110.56,1.2503,1.3363,0.985
2017-03-29,1.0756,111.05,1.2411,1.3372,0.9966
2017-03-30,1.0726,111.36,1.2489,1.3278,0.9969
2017-03-31,1.0698,111.41,1.2537,1.3321,0.9998
2017-04-03,1.0655,110.96,1.2479,1.3388,1.0029
2017-04-04,1.0664,110.74,1.2437,1.3413,1.0022
2017-04-05,1.0661,111.2,1.2488,1.341,1.005
2017-04-06,1.0651,111.02,1.2486,1.3409,1.0046
2017-04-07,1.0616,110.76,1.2398,1.3396,1.0066
2017-04-10,1.0606,110.95,1.2418,1.3347,1.0077
2017-04-11,1.0614,109.74,1.2484,1.3333,1.0072
2017-04-12,1.0611,109.54,1.25,1.3302,1.0054
2017-04-13,1.063,109.23,1.2522,1.3266,1.0047
2017-04-14,1.0625,108.63,1.2531,1.3316,1.0038
2017-04-17,1.066,108.46,1.2587,1.3277,1.0022
2017-04-18,1.0706,108.4,1.2769,1.3381,0.9978
2017-04-19,1.0707,109.06,1.2789,1.3467,0.9986
2017-04-20,1.0758,109.34,1.283,1.3479,0.996
2017-04-21,1.0694,109.08,1.2783,1.3502,0.9987
2017-04-24,1.0846,109.74,1.2783,1.3517,0.9964
2017-04-25,1.0941,110.88,1.2836,1.3614,0.9925
2017-04-26,1.0872,111.52,1.2838,1.3591,0.9957
2017-04-27,1.0864,111.13,1.2889,1.3664,0.9948
2017-04-28,1.0895,111.44,1.2938,1.3669,0.9944
2017-05-01,1.0912,111.78,1.2917,1.3653,0.9955
2017-05-02,1.091,112.06,1.2921,1.3742,0.9913
2017-05-03,1.092,112.34,1.2916,1.3705,0.9913
2017-05-04,1.0967,112.7,1.291,1.3745,0.989
2017-05-05,1.0996,112.63,1.295,1.3699,0.9876
2017-05-08,1.0928,112.84,1.2942,1.3712,0.9979
2017-05-09,1.0875,114.19,1.2939,1.3715,1.0074
2017-05-10,1.0873,114.02,1.2939,1.3652,1.0088
2017-05-11,1.0869,113.77,1.2885,1.3693,1.0061
2017-05-12,1.0926,113.3,1.288,1.3717,1.0008
2017-05-15,1.0979,113.54,1.2917,1.3648,0.9964
2017-05-16,1.1072,113.24,1.2912,1.359,0.9878
2017-05-17,1.1134,111.46,1.2944,1.3594,0.9808
2017-05-18,1.113,110.82,1.3009,1.3604,0.9763
2017-05-19,1.119,111.47,1.3018,1.3537,0.9754
2017-05-22,1.1236,111.15,1.3006,1.3503,0.9736
2017-05-23,1.1198,111.64,1.2984,1.3492,0.974
2017-05-24,1.1175,112.02,1.2935,1.3454,0.9769
2017-05-25,1.1218,111.7,1.2954,1.3457,0.972
2017-05-26,1.117,111.3,1.2795,1.3454,0.9753
2017-05-30,1.1183,110.68,1.2858,1.3462,0.9744
2017-05-31,1.1236,110.71,1.2905,1.3498,0.9684
2017-06-01,1.1214,111.24,1.2894,1.3484,0.9712
2017-06-02,1.127,110.49,1.2885,1.35,0.9642
2017-06-05,1.125,110.49,1.2917,1.3484,0.9657
2017-06-06,1.1266,109.34,1.2901,1.3451,0.9628
2017-06-07,1.1236,109.54,1.2941,1.3514,0.9657
2017-06-08,1.1217,110.1,1.2939,1.3494,0.9675
2017-06-09,1.119,110.61,1.2737,1.3434,0.97
2017-06-12,1.1204,109.72,1.2658,1.3447,0.9688
2017-06-13,1.1194,110.12,1.2739,1.3226,0.9692
2017-06-14,1.1277,109.16,1.2808,1.3201,0.9662
2017-06-15,1.1152,110.66,1.2768,1.3286,0.9749
2017-06-16,1.1194,110.84,1.2778,1.3235,0.9739
2017-06-19,1.116,111.34,1.2743,1.3202,0.9745
2017-06-20,1.1124,111.46,1.2628,1.3268,0.9759
2017-06-21,1.1143,111.58,1.2667,1.3323,0.9744
2017-06-22,1.1148,111.36,1.2659,1.3236,0.9728
2017-06-23,1.1196,111.26,1.2727,1.3263,0.9692
2017-06-26,1.1196,111.48,1.2732,1.3228,0.9706
2017-06-27,1.13,112.42,1.2791,1.3176,0.9638
2017-06-28,1.1364,112.18,1.2936,1.3043,0.9608
2017-06-29,1.142,112.32,1.2984,1.301,0.9569
2017-06-30,1.1411,112.4,1.2995,1.2982,0.9586
2017-07-03,1.1367,113.32,1.2951,1.3,0.9632
2017-07-05,1.1336,113.2,1.2934,1.2998,0.9652
2017-07-06,1.1409,113.28,1.2967,1.2933,0.9634
2017-07-07,1.1396,114.1,1.288,1.287,0.9644
2017-07-10,1.1396,114.08,1.2884,1.2883,0.9658
2017-07-11,1.143,114.2,1.2851,1.2921,0.9672
2017-07-12,1.1411,113.19,1.2889,1.2768,0.9648
2017-07-13,1.1385,113.39,1.2921,1.2739,0.9685
2017-07-14,1.1452,112.66,1.3079,1.2655,0.9654
2017-07-17,1.147,112.76,1.3058,1.2673,0.9627
2017-07-18,1.1578,111.89,1.3026,1.2663,0.9526
2017-07-19,1.1518,111.77,1.3036,1.2586,0.9548
2017-07-20,1.1634,111.68,1.2976,1.2582,0.9507
2017-07-21,1.1655,111.18,1.2968,1.2545,0.9468
2017-07-24,1.1642,111.1,1.3028,1.2519,0.9456
2017-07-25,1.1656,111.57,1.3046,1.2512,0.9496
2017-07-26,1.1632,112.1,1.3048,1.2506,0.958
2017-07-27,1.1656,111.62,1.3065,1.2529,0.9656
2017-07-28,1.1754,110.87,1.3124,1.2436,0.9685
2017-07-31,1.1826,110.38,1.3196,1.249,0.965
2017-08-01,1.1799,110.33,1.3206,1.254,0.9655
2017-08-02,1.1861,110.43,1.3236,1.2544,0.9684
2017-08-03,1.188,110.12,1.3144,1.2563,0.969
2017-08-04,1.1754,110.76,1.3036,1.2639,0.9721
2017-08-07,1.1788,110.76,1.3021,1.2684,0.9728
2017-08-08,1.1724,110.74,1.2968,1.2658,0.9766
2017-08-09,1.1748,110.04,1.2997,1.2711,0.9649
2017-08-10,1.1751,109.37,1.2978,1.2705,0.9647
2017-08-11,1.1811,109.06,1.2988,1.2689,0.962
2017-08-14,1.1786,109.48,1.2975,1.2698,0.9714
2017-08-15,1.1736,110.42,1.2862,1.2745,0.9718
2017-08-16,1.1703,110.8,1.286,1.2708,0.9744
2017-08-17,1.1736,109.88,1.2888,1.265,0.9633
2017-08-18,1.1748,109.32,1.2847,1.2585,0.9642
2017-08-21,1.1814,108.89,1.2903,1.2587,0.9629
2017-08-22,1.1762,109.4,1.2834,1.2559,0.9668
2017-08-23,1.1802,109.14,1.2787,1.2558,0.9667
2017-08-24,1.1801,109.34,1.2802,1.2528,0.9646
2017-08-25,1.1874,109.24,1.2873,1.2494,0.9574
2017-08-28,1.1973,109.22,1.2927,1.2492,0.9554
2017-08-29,1.2025,109.02,1.2937,1.2517,0.948
2017-08-30,1.1927,110.2,1.2934,1.2608,0.9583
2017-08-31,1.1894,110.06,1.2888,1.2515,0.961
2017-09-01,1.1878,110.09,1.2972,1.2372,0.9626
2017-09-05,1.1911,108.94,1.3013,1.2355,0.9577
2017-09-06,1.1943,108.75,1.3073,1.221,0.9537
2017-09-07,1.2028,108.26,1.3094,1.2132,0.9498
2017-09-08,1.2041,107.72,1.3211,1.2131,0.9456
2017-09-11,1.1964,109.03,1.3173,1.2136,0.9533
2017-09-12,1.1968,110.01,1.328,1.2154,0.9596
2017-09-13,1.1898,110.58,1.3218,1.2192,0.9639
2017-09-14,1.1886,110.66,1.3398,1.2207,0.966
2017-09-15,1.1959,110.84,1.3578,1.2183,0.9594
2017-09-18,1.1938,111.48,1.3485,1.2231,0.963
2017-09-19,1.198,111.49,1.3517,1.2262,0.9628
2017-09-20,1.1998,111.5,1.3564,1.2267,0.9617
2017-09-21,1.1946,112.3,1.3576,1.2328,0.9692
2017-09-22,1.1969,112.01,1.3531,1.2305,0.9694
2017-09-25,1.1852,111.64,1.3457,1.2347,0.9682
2017-09-26,1.1772,112.16,1.3422,1.2379,0.9706
2017-09-27,1.1747,112.76,1.3401,1.2402,0.9745
2017-09-28,1.1776,112.66,1.3435,1.2473,0.971
2017-09-29,1.1813,112.64,1.3402,1.2509,0.9688
2017-10-02,1.1745,112.6,1.3268,1.2507,0.9737
2017-10-03,1.1759,112.8,1.3251,1.2498,0.9734
2017-10-04,1.176,112.84,1.3268,1.2479,0.9756
2017-10-05,1.1706,112.74,1.3132,1.2548,0.9792
2017-10-06,1.1732,112.68,1.3063,1.2543,0.9777
2017-10-10,1.1804,112.15,1.3215,1.2495,0.9744
2017-10-11,1.1847,112.35,1.321,1.2511,0.9732
2017-10-12,1.184,112.38,1.3174,1.247,0.976
2017-10-13,1.1837,111.94,1.3304,1.2494,0.9745
2017-10-16,1.181,111.72,1.3285,1.2531,0.9735
2017-10-17,1.1754,112.32,1.3182,1.2567,0.9804
2017-10-18,1.1775,112.94,1.3183,1.2473,0.9817
2017-10-19,1.1842,112.54,1.3181,1.2487,0.9751
2017-10-20,1.177,113.5,1.3179,1.2618,0.9844
2017-10-23,1.1762,113.66,1.3201,1.2644,0.9862
2017-10-24,1.1766,113.92,1.3124,1.266,0.989
2017-10-25,1.1802,113.7,1.3252,1.2799,0.9888
2017-10-26,1.17,113.72,1.3181,1.2821,0.995
2017-10-27,1.158,113.82,1.3108,1.2871,0.999
2017-10-30,1.1626,113.26,1.3195,1.2835,0.9969
2017-10-31,1.1648,113.63,1.3281,1.2894,0.9968
2017-11-01,1.1618,114.04,1.3257,1.289,1.0014
2017-11-02,1.1672,113.84,1.3068,1.2808,0.9977
2017-11-03,1.1616,114.25,1.3067,1.2769,1.0002
2017-11-06,1.16,113.9,1.3145,1.274,0.999
2017-11-07,1.1577,113.9,1.3152,1.2791,0.9996
2017-11-08,1.1591,113.62,1.3108,1.2727,0.9997
2017-11-09,1.1648,113.4,1.3133,1.2693,0.9958
2017-11-13,1.1656,113.62,1.3101,1.2735,0.9975
2017-11-14,1.1764,113.5,1.3128,1.2731,0.9914
2017-11-15,1.1794,113.15,1.3165,1.2783,0.9902
2017-11-16,1.1772,112.89,1.3197,1.2736,0.9926
2017-11-17,1.1799,111.98,1.3222,1.2785,0.9882
2017-11-20,1.1741,112.49,1.3241,1.2795,0.9923
2017-11-21,1.1741,112.46,1.3232,1.2768,0.9916
2017-11-22,1.1789,111.62,1.3291,1.2728,0.9838
2017-11-24,1.1936,111.54,1.3336,1.2705,0.9788
2017-11-27,1.1911,111.0,1.3333,1.2745,0.9804
2017-11-28,1.1878,111.13,1.3231,1.2804,0.9831
2017-11-29,1.1858,111.75,1.3436,1.285,0.9837
2017-11-30,1.1898,112.3,1.3506,1.2884,0.9838
2017-12-01,1.191,111.88,1.3505,1.2705,0.9762
2017-12-04,1.1848,112.8,1.3465,1.2696,0.9858
2017-12-05,1.182,112.76,1.345,1.269,0.9868
2017-12-06,1.1788,112.32,1.3382,1.2788,0.9904
2017-12-07,1.179,112.7,1.3432,1.2832,0.9921
2017-12-08,1.1761,113.55,1.3367,1.2867,0.9928
2017-12-11,1.1802,113.34,1.3363,1.2845,0.99
2017-12-12,1.1725,113.62,1.3323,1.2884,0.9926
2017-12-13,1.1762,113.19,1.3365,1.2872,0.9894
2017-12-14,1.1778,112.56,1.344,1.2849,0.99
2017-12-15,1.1778,112.68,1.3316,1.2846,0.9903
2017-12-18,1.1804,112.4,1.3398,1.2856,0.9856
2017-12-19,1.1822,112.98,1.3356,1.29,0.9857
2017-12-20,1.1881,113.29,1.3408,1.2846,0.9859
2017-12-21,1.1872,113.42,1.3372,1.2717,0.989
2017-12-22,1.1839,113.3,1.3379,1.2748,0.9898
2017-12-26,1.1867,113.2,1.3369,1.2685,0.9891
2017-12-27,1.1902,113.28,1.3403,1.2645,0.987
2017-12-28,1.1952,112.85,1.345,1.2586,0.9774
2017-12-29,1.2022,112.69,1.3529,1.2517,0.9738
2018-01-02,1.205,112.18,1.3596,1.2507,0.9718
2018-01-03,1.203,112.28,1.3522,1.2534,0.9762
2018-01-04,1.2064,112.78,1.3539,1.2522,0.9753
2018-01-05,1.2039,113.18,1.3562,1.2396,0.9752
2018-01-08,1.1973,113.08,1.3566,1.2424,0.9762
2018-01-09,1.1922,112.57,1.3518,1.2457,0.9832
2018-01-10,1.1958,111.48,1.3513,1.2485,0.978
2018-01-11,1.2035,111.35,1.3543,1.2526,0.9748
2018-01-12,1.213,111.23,1.3689,1.2517,0.9713
2018-01-16,1.2244,110.74,1.3774,1.2422,0.9618
2018-01-17,1.2229,110.81,1.3824,1.2443,0.9616
2018-01-18,1.2238,110.88,1.3889,1.2442,0.9586
2018-01-19,1.2238,110.56,1.3857,1.2456,0.9612
2018-01-22,1.223,111.15,1.3944,1.246,0.9636
2018-01-23,1.2277,110.46,1.3968,1.2455,0.9598
2018-01-24,1.239,109.15,1.4198,1.2357,0.9452
2018-01-25,1.2488,108.7,1.4264,1.2315,0.9357
2018-01-26,1.2422,108.38,1.4179,1.232,0.9342
2018-01-29,1.2352,109.12,1.4042,1.2339,0.938
2018-01-30,1.239,108.9,1.4124,1.234,0.9355
2018-01-31,1.2428,109.31,1.419,1.2293,0.9321
2018-02-01,1.2482,109.5,1.4247,1.228,0.9288
2018-02-02,1.2446,110.4,1.4126,1.2393,0.932
2018-02-05,1.2418,110.09,1.4022,1.2483,0.9366
2018-02-06,1.2381,109.18,1.3951,1.2537,0.9368
2018-02-07,1.2281,109.53,1.3881,1.2545,0.9438
2018-02-08,1.2238,109.0,1.3915,1.2603,0.9386
2018-02-09,1.2226,108.44,1.3794,1.2599,0.9393
2018-02-12,1.2267,108.72,1.382,1.2612,0.9392
2018-02-13,1.2363,107.59,1.3892,1.26,0.9335
2018-02-14,1.2396,107.0,1.3955,1.2564,0.9319
2018-02-15,1.2482,106.36,1.4061,1.2517,0.9232
2018-02-16,1.2442,106.1,1.4055,1.2532,0.9258
2018-02-20,1.2348,107.23,1.4021,1.2624,0.9354
2018-02-21,1.2314,107.64,1.3946,1.2678,0.9375
2018-02-22,1.2326,106.96,1.3939,1.2705,0.9345
2018-02-23,1.2298,106.64,1.3979,1.2659,0.9356
2018-02-26,1.2296,106.96,1.3952,1.2691,0.9388
2018-02-27,1.2239,107.47,1.3906,1.2748,0.9398
2018-02-28,1.2211,106.62,1.3794,1.2806,0.943
2018-03-01,1.2216,106.91,1.3755,1.284,0.9461
2018-03-02,1.2314,105.65,1.3769,1.2882,0.9378
2018-03-05,1.233,105.97,1.3856,1.2982,0.9397
2018-03-06,1.2415,106.03,1.3886,1.2892,0.9385
2018-03-07,1.2397,105.94,1.3888,1.2993,0.9426
2018-03-08,1.2314,106.08,1.3824,1.2936,0.9499
2018-03-09,1.2326,106.74,1.3863,1.2822,0.9493
2018-03-12,1.2318,106.52,1.3898,1.2835,0.9489
2018-03-13,1.2398,106.64,1.3987,1.2925,0.9437
2018-03-14,1.2362,106.17,1.3946,1.2946,0.9461
2018-03-15,1.2321,106.07,1.3951,1.3053,0.9502
2018-03-16,1.228,106.1,1.3919,1.3096,0.9532
2018-03-19,1.2329,105.83,1.4032,1.3089,0.9509
2018-03-20,1.2271,106.42,1.4013,1.3083,0.9549
2018-03-21,1.2268,106.3,1.4064,1.2957,0.954
2018-03-22,1.231,105.34,1.4098,1.293,0.9491
2018-03-23,1.236,104.83,1.4151,1.287,0.9465
2018-03-26,1.244,105.0,1.4236,1.2866,0.9442
2018-03-27,1.241,105.72,1.4161,1.2841,0.9474
2018-03-28,1.2351,106.3,1.411,1.2886,0.9538
2018-03-29,1.2297,106.27,1.4029,1.2901,0.956
2018-03-30,1.232,106.2,1.4027,1.2891,0.9532
2018-04-02,1.2288,105.99,1.4032,1.2918,0.9558
2018-04-03,1.2261,106.45,1.4068,1.28,0.959
2018-04-04,1.2292,106.56,1.4076,1.2801,0.9595
2018-04-05,1.223,107.48,1.3991,1.2777,0.9633
2018-04-06,1.2274,107.03,1.4088,1.2763,0.9602
2018-04-09,1.232,107.06,1.4136,1.27,0.9574
2018-04-10,1.2338,107.3,1.4161,1.2609,0.9574
2018-04-11,1.2384,106.78,1.4194,1.2581,0.9578
2018-04-12,1.232,107.3,1.4244,1.2583,0.9625
2018-04-13,1.2322,107.52,1.4255,1.2604,0.9631
2018-04-16,1.2373,107.26,1.4332,1.258,0.9596
2018-04-17,1.2345,107.09,1.4301,1.2548,0.9666
2018-04-18,1.238,107.26,1.4227,1.2636,0.967
2018-04-19,1.2336,107.42,1.4193,1.2638,0.9714
2018-04-20,1.2282,107.6,1.4033,1.274,0.9744
2018-04-23,1.2216,108.62,1.3953,1.2845,0.9776
2018-04-24,1.2226,109.03,1.3975,1.2823,0.9804
2018-04-25,1.2178,109.33,1.3941,1.2871,0.9828
2018-04-26,1.2113,109.3,1.3927,1.2867,0.988
2018-04-27,1.2108,109.12,1.3785,1.2862,0.9884
2018-04-30,1.2074,109.28,1.3751,1.2818,0.9911
2018-05-01,1.2,109.69,1.3611,1.2873,0.9954
2018-05-02,1.1968,109.89,1.361,1.2848,0.9975
2018-05-03,1.197,109.06,1.3569,1.2878,0.9978
2018-05-04,1.1946,109.16,1.3535,1.2848,1.0005
2018-05-07,1.1927,109.14,1.3567,1.285,1.0023
2018-05-08,1.1863,109.16,1.3521,1.2967,1.0016
2018-05-09,1.1852,109.68,1.3567,1.2852,1.0042
2018-05-10,1.1896,109.53,1.3487,1.2787,1.0036
2018-05-11,1.1951,109.26,1.3549,1.2781,0.9996
2018-05-14,1.1976,109.52,1.3595,1.2761,0.9976
2018-05-15,1.1864,110.25,1.3512,1.2868,0.9998
2018-05-16,1.1788,110.22,1.3478,1.2828,1.0004
2018-05-17,1.1798,110.76,1.3507,1.2815,1.0014
2018-05-18,1.1775,110.71,1.3476,1.2892,0.997
2018-05-21,1.1768,111.08,1.3418,1.2835,0.9978
2018-05-22,1.1783,110.94,1.3445,1.2775,0.9924
2018-05-23,1.1693,110.05,1.3341,1.2882,0.9952
2018-05-24,1.1729,109.3,1.3384,1.2907,0.9916
2018-05-25,1.1666,109.35,1.3321,1.2972,0.9912
2018-05-29,1.1551,108.62,1.3258,1.3027,0.9924
2018-05-30,1.1664,109.04,1.3296,1.2842,0.989
2018-05-31,1.167,108.73,1.3289,1.297,0.9844
2018-06-01,1.1679,109.49,1.3358,1.2948,0.9867
2018-06-04,1.1696,109.66,1.3314,1.2922,0.9884
2018-06-05,1.1672,109.63,1.336,1.3008,0.986
2018-06-06,1.1778,110.0,1.3429,1.2907,0.9844
2018-06-07,1.1815,109.92,1.3427,1.2988,0.9822
2018-06-08,1.1773,109.45,1.3406,1.2956,0.986
2018-06-11,1.1802,109.94,1.3386,1.298,0.9848
2018-06-12,1.1792,110.22,1.3416,1.2987,0.9841
2018-06-13,1.1784,110.41,1.3378,1.2963,0.9844
2018-06-14,1.1634,110.44,1.3333,1.307,0.9942
2018-06-15,1.1616,110.58,1.3283,1.3167,0.9962
2018-06-18,1.1606,110.44,1.3247,1.3229,0.9952
2018-06-19,1.1577,110.02,1.3172,1.3263,0.9951
2018-06-20,1.1592,110.14,1.3213,1.3291,0.9956
2018-06-21,1.16,110.05,1.3251,1.3319,0.9921
2018-06-22,1.163,109.98,1.3258,1.3318,0.9902
2018-06-25,1.1694,109.62,1.3273,1.3313,0.9874
2018-06-26,1.1675,109.92,1.3243,1.3293,0.9901
2018-06-27,1.1588,110.34,1.3139,1.33,0.9962
2018-06-28,1.1582,110.38,1.3095,1.3253,0.9979
2018-06-29,1.1677,110.71,1.3197,1.314,0.9922
2018-07-02,1.1604,110.73,1.3133,1.3213,0.9946
2018-07-03,1.1653,110.54,1.3174,1.315,0.9922
2018-07-05,1.1697,110.59,1.3228,1.3121,0.9924
2018-07-06,1.1738,110.48,1.3262,1.309,0.9901
2018-07-09,1.1744,110.78,1.3202,1.3111,0.992
2018-07-10,1.1728,111.24,1.3266,1.312,0.9926
2018-07-11,1.1722,111.52,1.3241,1.3127,0.9932
2018-07-12,1.1692,112.41,1.3238,1.3158,1.0009
2018-07-13,1.1667,112.38,1.3216,1.3168,1.0028
2018-07-16,1.171,112.29,1.3236,1.3131,0.9974
2018-07-17,1.1664,112.79,1.3161,1.3198,0.9992
2018-07-18,1.1645,112.82,1.305,1.3203,0.9994
2018-07-19,1.1604,112.98,1.2987,1.3271,1.0016
2018-07-20,1.1708,111.74,1.3114,1.3155,0.9944
2018-07-23,1.1702,111.36,1.3105,1.315,0.9927
2018-07-24,1.1684,111.27,1.3135,1.3165,0.9944
2018-07-25,1.1677,111.02,1.315,1.3104,0.9942
2018-07-26,1.1654,111.2,1.3119,1.308,0.9938
2018-07-27,1.166,110.94,1.3118,1.3057,0.994
2018-07-30,1.1718,110.98,1.314,1.3013,0.9885
2018-07-31,1.1706,111.88,1.3125,1.3017,0.9895
2018-08-01,1.1666,111.72,1.312,1.3006,0.9923
2018-08-02,1.1612,111.48,1.3035,1.3004,0.9943
2018-08-03,1.1597,111.12,1.3021,1.2975,0.9926
2018-08-06,1.1564,111.43,1.2947,1.2997,0.9963
2018-08-07,1.1597,111.19,1.2957,1.3017,0.9944
2018-08-08,1.1598,110.96,1.288,1.3061,0.9943
2018-08-09,1.1566,110.9,1.287,1.3046,0.9906
2018-08-10,1.1399,110.66,1.2769,1.3126,0.9954
2018-08-13,1.1396,110.65,1.2757,1.3138,0.9934
2018-08-14,1.1351,110.92,1.2738,1.3107,0.993
2018-08-15,1.1332,110.62,1.2685,1.3155,0.9942
2018-08-16,1.1388,110.89,1.2722,1.3144,0.9962
2018-08-17,1.141,110.54,1.2735,1.308,0.9948
2018-08-20,1.1438,110.38,1.2765,1.3085,0.9943
2018-08-21,1.1534,110.48,1.286,1.3048,0.9876
2018-08-22,1.1595,110.54,1.291,1.3014,0.9836
2018-08-23,1.1567,111.14,1.283,1.3057,0.9848
2018-08-24,1.1625,111.22,1.2858,1.3022,0.9824
2018-08-27,1.1676,111.09,1.2891,1.2966,0.9802
2018-08-28,1.172,111.04,1.2886,1.2925,0.9752
2018-08-29,1.1699,111.8,1.3006,1.2941,0.9732
2018-08-30,1.1646,111.17,1.2997,1.2991,0.9709
2018-08-31,1.1596,110.98,1.2964,1.3072,0.9698
2018-09-04,1.1566,111.44,1.2833,1.3182,0.9753
2018-09-05,1.162,111.47,1.2903,1.3191,0.9716
2018-09-06,1.1624,110.87,1.2933,1.3212,0.9682
2018-09-07,1.1572,111.18,1.2934,1.317,0.9684
2018-09-10,1.1604,111.09,1.3026,1.3159,0.974
2018-09-11,1.1591,111.54,1.3015,1.3131,0.9737
2018-09-12,1.1626,111.29,1.3029,1.3005,0.9704
2018-09-13,1.1672,111.92,1.3104,1.3005,0.968
2018-09-14,1.1656,112.09,1.3084,1.3029,0.9665
2018-09-17,1.1687,111.97,1.3146,1.3017,0.962
2018-09-18,1.1693,112.3,1.3158,1.2977,0.962
2018-09-19,1.1685,112.21,1.3162,1.2939,0.967
2018-09-20,1.1744,112.58,1.3237,1.2918,0.9624
2018-09-21,1.1739,112.62,1.3067,1.2912,0.9593
2018-09-24,1.1773,112.62,1.3128,1.2934,0.962
2018-09-25,1.177,112.88,1.3162,1.2944,0.9646
2018-09-26,1.1758,112.92,1.3182,1.2963,0.9681
2018-09-27,1.167,113.38,1.3104,1.3036,0.9776
2018-09-28,1.1622,113.48,1.3053,1.2922,0.9758
2018-10-01,1.1567,113.96,1.3032,1.2799,0.984
2018-10-02,1.156,113.66,1.2984,1.2815,0.9844
2018-10-03,1.1525,114.19,1.2993,1.2826,0.9894
2018-10-04,1.1508,113.79,1.3014,1.2903,0.9925
2018-10-05,1.1502,113.56,1.3101,1.2948,0.9922
2018-10-09,1.1482,113.13,1.3139,1.2959,0.9928
2018-10-10,1.1541,112.71,1.3206,1.2985,0.9908
2018-10-11,1.1565,112.26,1.3193,1.3037,0.992
2018-10-12,1.1559,112.02,1.3154,1.3023,0.9916
2018-10-15,1.1594,111.82,1.3168,1.2966,0.9868
2018-10-16,1.1593,112.16,1.321,1.2935,0.9894
2018-10-17,1.154,112.21,1.3137,1.2985,0.9926
2018-10-18,1.1494,112.11,1.3061,1.3059,0.994
2018-10-19,1.1513,112.52,1.3045,1.3101,0.9968
2018-10-22,1.1467,112.78,1.2974,1.3104,0.9963
2018-10-23,1.148,112.12,1.2982,1.3101,0.9943
2018-10-24,1.1389,112.58,1.2898,1.2994,0.9982
2018-10-25,1.1374,112.54,1.2827,1.3066,1.0009
2018-10-26,1.1388,111.65,1.2826,1.31,0.998
2018-10-29,1.139,112.49,1.2807,1.3129,1.0006
2018-10-30,1.1364,112.76,1.2731,1.3133,1.0046
2018-10-31,1.1332,112.86,1.2779,1.3129,1.0057
2018-11-01,1.1396,112.79,1.2974,1.3108,1.0033
2018-11-02,1.1378,113.09,1.2965,1.3108,1.0036
2018-11-05,1.1394,113.22,1.302,1.3098,1.0055
2018-11-06,1.1412,113.38,1.3076,1.3132,1.0042
2018-11-07,1.1459,113.32,1.3144,1.3108,0.9998
2018-11-08,1.1416,113.87,1.3116,1.3115,1.0033
2018-11-09,1.1325,113.77,1.2978,1.323,1.0062
2018-11-13,1.1288,113.97,1.3031,1.3223,1.0083
2018-11-14,1.1312,113.7,1.3011,1.3237,1.0067
2018-11-15,1.1324,113.46,1.2749,1.3193,1.0058
2018-11-16,1.1402,112.76,1.2839,1.3174,1.0012
2018-11-19,1.1448,112.54,1.2842,1.3187,0.9938
2018-11-20,1.1391,112.66,1.2809,1.3245,0.9944
2018-11-21,1.1393,113.06,1.2776,1.3274,0.9952
2018-11-23,1.1332,112.83,1.2804,1.3226,0.9976
2018-11-26,1.1336,113.58,1.2809,1.3237,0.9984
2018-11-27,1.1281,113.84,1.2729,1.3313,0.9998
2018-11-28,1.1286,113.96,1.2766,1.3328,0.9994
2018-11-29,1.1382,113.42,1.2789,1.3278,0.9966
2018-11-30,1.1323,113.54,1.2772,1.3282,0.9987
2018-12-03,1.1356,113.54,1.2742,1.319,0.9975
2018-12-04,1.1345,112.93,1.2719,1.3202,0.9975
2018-12-06,1.1374,112.46,1.2777,1.3417,0.9926
2018-12-07,1.139,112.6,1.2749,1.3302,0.9914
2018-12-10,1.1368,112.96,1.2558,1.3385,0.9896
2018-12-11,1.1314,113.41,1.2524,1.3408,0.9931
2018-12-12,1.1362,113.28,1.2658,1.3336,0.992
2018-12-13,1.1358,113.66,1.2635,1.3349,0.9938
2018-12-14,1.13,113.35,1.257,1.3387,0.997
2018-12-17,1.1339,112.96,1.2606,1.339,0.9934
2018-12-18,1.1364,112.54,1.2644,1.3466,0.993
2018-12-19,1.1422,112.15,1.2669,1.3434,0.9918
2018-12-20,1.1432,111.34,1.265,1.3515,0.9918
2018-12-21,1.1402,111.14,1.2681,1.357,0.9914
2018-12-26,1.1408,110.45,1.2676,1.3576,0.9908
2018-12-27,1.1412,110.78,1.2627,1.365,0.9902
2018-12-28,1.1445,110.34,1.2699,1.3629,0.9838
2018-12-31,1.1456,109.7,1.2763,1.3644,0.9832
2019-01-02,1.1357,109.22,1.2598,1.3591,0.9884
2019-01-03,1.1399,108.07,1.2633,1.3484,0.9889
2019-01-04,1.141,108.29,1.274,1.3399,0.9859
2019-01-07,1.1468,108.62,1.2757,1.3297,0.981
2019-01-08,1.1444,108.57,1.2724,1.3307,0.981
2019-01-09,1.1524,108.38,1.2764,1.3212,0.9767
2019-01-10,1.1517,108.29,1.2768,1.3232,0.9817
2019-01-11,1.1479,108.34,1.2836,1.3256,0.9829
2019-01-15,1.1392,108.72,1.2761,1.3272,0.9885
2019-01-16,1.1408,108.84,1.2862,1.3243,0.9899
2019-01-17,1.1386,109.01,1.294,1.3296,0.9944
2019-01-18,1.1362,109.79,1.2898,1.3262,0.9954
2019-01-22,1.1359,109.34,1.2955,1.3333,0.9972
2019-01-23,1.139,109.44,1.3074,1.3362,0.9946
2019-01-24,1.1322,109.72,1.3027,1.3342,0.9965
2019-01-25,1.1407,109.6,1.3176,1.3259,0.993
2019-01-28,1.1438,109.2,1.3158,1.3269,0.991
2019-01-29,1.1424,109.36,1.3146,1.3264,0.995
2019-01-30,1.1418,109.57,1.3062,1.3189,0.9988
2019-01-31,1.1454,108.84,1.3135,1.314,0.9938
2019-02-01,1.1474,109.55,1.3094,1.3095,0.994
2019-02-04,1.1438,109.96,1.3068,1.3127,0.9974
2019-02-05,1.1406,109.99,1.2947,1.3132,1.0005
2019-02-06,1.138,109.75,1.2956,1.3192,1.0009
2019-02-07,1.1357,109.7,1.2966,1.3296,1.001
2019-02-08,1.1326,109.76,1.2933,1.3277,1.0
2019-02-11,1.1277,110.4,1.2862,1.3296,1.004
2019-02-12,1.1316,110.5,1.2887,1.3244,1.0068
2019-02-13,1.1288,110.86,1.2865,1.3222,1.0073
2019-02-14,1.1284,110.68,1.2793,1.3307,1.0064
2019-02-15,1.1268,110.54,1.2857,1.3272,1.0063
2019-02-19,1.1328,110.68,1.3036,1.3248,1.0018
2019-02-21,1.1338,110.72,1.306,1.3192,1.001
2019-02-22,1.1342,110.7,1.3067,1.3188,0.9998
2019-02-25,1.1345,111.07,1.3059,1.3183,1.0006
2019-02-26,1.1374,110.76,1.3252,1.3175,1.0002
2019-02-27,1.137,110.92,1.3318,1.3145,1.0003
2019-02-28,1.1379,111.38,1.3274,1.3166,0.9974
2019-03-01,1.1376,111.89,1.3222,1.3277,0.9987
2019-03-04,1.1328,111.68,1.3186,1.3329,0.9994
2019-03-05,1.13,111.98,1.3141,1.3352,1.0045
2019-03-06,1.132,111.66,1.3148,1.3445,1.0038
2019-03-07,1.1214,111.6,1.3107,1.342,1.0106
2019-03-08,1.1243,111.11,1.301,1.3426,1.0074
2019-03-11,1.1226,111.21,1.3095,1.3418,1.011
2019-03-12,1.1276,111.38,1.3101,1.338,1.0078
2019-03-13,1.131,111.23,1.323,1.3318,1.0046
2019-03-14,1.1304,111.71,1.3281,1.3316,1.0044
2019-03-15,1.1326,111.57,1.3278,1.3337,1.0026
2019-03-18,1.1337,111.41,1.3223,1.3342,1.0004
2019-03-19,1.1346,111.38,1.3263,1.3294,1.0001
2019-03-20,1.1352,111.41,1.3191,1.3327,0.9974
2019-03-21,1.1361,110.86,1.3073,1.3369,0.9924
2019-03-22,1.1282,109.76,1.3219,1.3406,0.994
2019-03-25,1.1324,110.09,1.3203,1.3418,0.9918
2019-03-26,1.128,110.5,1.3215,1.3389,0.994
2019-03-27,1.125,110.38,1.3192,1.3434,0.9946
2019-03-28,1.1236,110.54,1.3088,1.3424,0.9952
2019-03-29,1.1228,110.68,1.3032,1.336,0.9962
2019-04-01,1.121,111.29,1.3144,1.3344,0.9988
2019-04-02,1.1186,111.32,1.3035,1.3357,0.9986
2019-04-03,1.1242,111.48,1.3181,1.3315,0.997
2019-04-04,1.1216,111.55,1.3072,1.3357,1.0002
2019-04-05,1.1217,111.71,1.301,1.3387,1.0003
2019-04-08,1.1262,111.47,1.3048,1.3316,0.9994
2019-04-09,1.1278,111.08,1.3048,1.332,0.9999
2019-04-10,1.1266,110.92,1.31,1.3322,1.0019
2019-04-11,1.1262,111.48,1.3068,1.3379,1.0027
2019-04-12,1.1304,112.0,1.3086,1.3332,1.0017
2019-04-15,1.1304,112.0,1.3105,1.3372,1.0039
2019-04-16,1.1293,111.95,1.3049,1.335,1.0066
2019-04-17,1.1297,112.0,1.3036,1.3345,1.0099
2019-04-18,1.1241,111.94,1.3003,1.3372,1.0154
2019-04-19,1.1246,111.92,1.3003,1.3386,1.0144
2019-04-22,1.1258,111.94,1.2983,1.3352,1.0155
2019-04-23,1.1213,111.86,1.2943,1.342,1.0218
2019-04-24,1.1192,111.81,1.2947,1.3465,1.0184
2019-04-25,1.114,111.59,1.2901,1.3494,1.0199
2019-04-26,1.1154,111.6,1.293,1.3459,1.019
2019-04-29,1.1166,111.8,1.2924,1.3448,1.0201
2019-04-30,1.1201,111.4,1.303,1.3427,1.02
2019-05-01,1.1246,111.18,1.3091,1.3417,1.0137
2019-05-02,1.1184,111.39,1.3032,1.3468,1.018
2019-05-03,1.1186,111.28,1.3139,1.3425,1.0178
2019-05-06,1.1197,110.86,1.3093,1.3446,1.0179
2019-05-07,1.1178,110.34,1.3052,1.3472,1.0215
2019-05-08,1.1206,110.12,1.3014,1.3458,1.0181
2019-05-09,1.1228,109.55,1.3013,1.349,1.0133
2019-05-10,1.1241,109.56,1.3036,1.3428,1.0109
2019-05-13,1.1232,109.18,1.2961,1.3467,1.0064
2019-05-14,1.1207,109.68,1.2921,1.3466,1.0088
2019-05-15,1.1208,109.58,1.2878,1.3432,1.009
2019-05-16,1.1178,109.89,1.2803,1.3433,1.0101
2019-05-17,1.1166,109.9,1.2723,1.3477,1.0108
2019-05-20,1.117,109.96,1.2718,1.3432,1.0082
2019-05-21,1.1158,110.6,1.2747,1.3425,1.0104
2019-05-22,1.1156,110.28,1.2674,1.3417,1.009
2019-05-23,1.1172,109.58,1.2666,1.3471,1.004
2019-05-24,1.1197,109.38,1.27,1.3454,1.0021
2019-05-28,1.1177,109.49,1.2668,1.3473,1.0086
2019-05-29,1.1136,109.24,1.2631,1.3533,1.0066
2019-05-30,1.114,109.67,1.2619,1.3508,1.0074
2019-05-31,1.1149,108.66,1.262,1.3523,1.0034
2019-06-03,1.1206,108.39,1.2621,1.3471,0.9994
2019-06-04,1.1236,108.3,1.2675,1.3417,0.994
2019-06-05,1.1242,108.2,1.2706,1.3409,0.9919
2019-06-06,1.1294,108.08,1.2713,1.3374,0.9886
2019-06-07,1.1324,108.15,1.274,1.3287,0.9877
2019-06-10,1.1311,108.56,1.2684,1.3259,0.9898
2019-06-11,1.1316,108.52,1.2724,1.3291,0.9925
2019-06-12,1.131,108.42,1.2693,1.3298,0.9944
2019-06-13,1.1275,108.44,1.2678,1.333,0.9946
2019-06-14,1.1217,108.44,1.2601,1.3382,0.999
2019-06-17,1.1235,108.56,1.2568,1.3398,0.9982
2019-06-18,1.1196,108.39,1.2547,1.3396,0.9994
2019-06-19,1.1214,108.36,1.2625,1.3362,0.996
2019-06-20,1.1284,107.52,1.27,1.3208,0.9821
2019-06-21,1.1328,107.55,1.2703,1.3217,0.9789
2019-06-24,1.1393,107.36,1.2728,1.3196,0.972
2019-06-25,1.1386,106.92,1.2721,1.3164,0.9726
2019-06-26,1.139,107.64,1.2697,1.3109,0.976
2019-06-27,1.1372,107.73,1.2674,1.3115,0.9766
2019-06-28,1.1374,107.84,1.2704,1.3091,0.9758
2019-07-01,1.1307,108.42,1.2644,1.3124,0.9864
2019-07-02,1.1301,107.98,1.2599,1.3117,0.986
2019-07-03,1.1275,107.84,1.2568,1.307,0.9864
2019-07-05,1.1216,108.55,1.2506,1.3108,0.9923
2019-07-08,1.1208,108.72,1.2503,1.3088,0.9938
2019-07-09,1.121,108.78,1.2463,1.3123,0.9928
2019-07-10,1.126,108.44,1.2507,1.3099,0.9892
2019-07-11,1.1261,108.29,1.2549,1.3071,0.9886
2019-07-12,1.1254,108.0,1.2553,1.3042,0.9845
2019-07-15,1.126,107.89,1.2523,1.3036,0.9847
2019-07-16,1.1212,108.35,1.2408,1.3043,0.989
2019-07-17,1.1232,108.1,1.2438,1.3041,0.987
2019-07-18,1.1228,107.74,1.2494,1.309,0.9862
2019-07-19,1.122,107.78,1.25,1.3081,0.9823
2019-07-22,1.1214,107.91,1.2475,1.3115,0.9815
2019-07-23,1.1156,108.06,1.2449,1.3138,0.9848
2019-07-24,1.1141,108.08,1.2498,1.3134,0.9854
2019-07-25,1.1156,108.58,1.2471,1.3145,0.9899
2019-07-26,1.1121,108.69,1.2387,1.3187,0.9933
2019-07-29,1.1142,108.86,1.2236,1.3151,0.9916
2019-07-30,1.1148,108.66,1.2148,1.3169,0.9908
2019-07-31,1.113,108.58,1.222,1.3143,0.9902
2019-08-01,1.1062,108.28,1.2145,1.3202,0.9938
2019-08-02,1.1112,106.64,1.2132,1.3217,0.982
2019-08-05,1.1197,106.02,1.2165,1.3196,0.9721
2019-08-06,1.1196,106.45,1.2149,1.3252,0.9782
2019-08-07,1.1236,105.62,1.2158,1.333,0.9708
2019-08-08,1.121,106.04,1.2138,1.3241,0.9751
2019-08-09,1.1222,105.3,1.2085,1.3226,0.971
2019-08-12,1.1212,105.38,1.207,1.3232,0.9696
2019-08-13,1.1182,106.6,1.2067,1.3221,0.9744
2019-08-14,1.1144,105.79,1.2068,1.332,0.9736
2019-08-15,1.1106,106.12,1.2112,1.3322,0.9762
2019-08-16,1.1091,106.34,1.2152,1.328,0.98
2019-08-19,1.1096,106.5,1.2138,1.3306,0.9808
2019-08-20,1.1092,106.35,1.2153,1.3331,0.9792
2019-08-21,1.1098,106.52,1.2142,1.3275,0.9816
2019-08-22,1.1089,106.44,1.225,1.3295,0.9834
2019-08-23,1.1148,105.3,1.2261,1.3319,0.9748
2019-08-26,1.1112,106.0,1.2232,1.3282,0.9782
2019-08-27,1.1094,105.8,1.2288,1.3274,0.9815
2019-08-28,1.1084,105.86,1.2248,1.3299,0.9807
2019-08-29,1.1059,106.5,1.2197,1.3299,0.9853
2019-08-30,1.0989,106.3,1.2166,1.329,0.9899
2019-09-03,1.0968,105.88,1.2086,1.3332,0.9872
2019-09-04,1.1025,106.28,1.219,1.3248,0.9817
2019-09-05,1.1038,106.96,1.2337,1.3238,0.9868
2019-09-06,1.1042,106.8,1.2299,1.317,0.9866
2019-09-09,1.1056,107.14,1.2368,1.314,0.991
2019-09-10,1.1042,107.34,1.2355,1.3141,0.9908
2019-09-11,1.1001,107.73,1.2329,1.3199,0.9933
2019-09-12,1.1074,107.97,1.2357,1.3209,0.9891
2019-09-13,1.1074,108.12,1.2462,1.3268,0.9898
2019-09-16,1.1006,107.94,1.2423,1.324,0.9919
2019-09-17,1.1063,108.12,1.2493,1.3249,0.9925
2019-09-18,1.1061,108.17,1.2478,1.3283,0.995
2019-09-19,1.1046,108.0,1.2481,1.3258,0.9927
2019-09-20,1.1004,107.95,1.2489,1.3268,0.993
2019-09-23,1.0991,107.47,1.2428,1.3271,0.9894
2019-09-24,1.0999,107.32,1.2475,1.3253,0.9872
2019-09-25,1.0949,107.78,1.2363,1.3279,0.9909
2019-09-26,1.0938,107.67,1.2343,1.3271,0.9928
2019-09-27,1.0942,108.05,1.2312,1.325,0.9919
2019-09-30,1.0905,108.11,1.2305,1.3243,0.9978
2019-10-01,1.0932,107.7,1.2242,1.3235,0.9936
2019-10-02,1.0951,107.21,1.2313,1.3313,0.9975
2019-10-03,1.0991,106.76,1.239,1.3323,0.9974
2019-10-04,1.0974,106.91,1.2309,1.3332,0.9958
2019-10-07,1.0984,107.06,1.2322,1.3305,0.9947
2019-10-08,1.0949,107.06,1.2206,1.3332,0.994
2019-10-09,1.0978,107.43,1.2215,1.3327,0.995
2019-10-10,1.1018,107.91,1.2382,1.3274,0.9954
2019-10-11,1.1039,108.52,1.2683,1.3181,0.9967
2019-10-15,1.1036,108.83,1.2737,1.3199,0.9982
2019-10-16,1.1075,108.71,1.2854,1.3191,0.9959
2019-10-17,1.1129,108.51,1.2853,1.3136,0.987
2019-10-18,1.1155,108.44,1.2904,1.3134,0.9856
2019-10-21,1.1145,108.57,1.2983,1.31,0.9865
2019-10-22,1.1138,108.56,1.2948,1.3086,0.9889
2019-10-23,1.1118,108.64,1.2886,1.3089,0.9907
2019-10-24,1.1098,108.62,1.281,1.3078,0.9923
2019-10-25,1.1081,108.75,1.2833,1.3064,0.9945
2019-10-28,1.1094,109.02,1.286,1.3063,0.996
2019-10-29,1.1117,108.83,1.2905,1.3078,0.9936
2019-10-30,1.1123,108.88,1.2872,1.3179,0.9909
2019-10-31,1.1155,108.09,1.2939,1.3144,0.9868
2019-11-01,1.1169,108.16,1.295,1.3145,0.9855
2019-11-04,1.1144,108.56,1.2906,1.3145,0.9871
2019-11-05,1.107,109.13,1.287,1.3176,0.9932
2019-11-06,1.1076,108.86,1.2872,1.3187,0.992
2019-11-07,1.1045,109.42,1.2829,1.3177,0.9954
2019-11-08,1.1019,109.14,1.279,1.3218,0.9971
2019-11-12,1.1017,109.09,1.2855,1.3227,0.9929
2019-11-13,1.1004,108.83,1.284,1.3239,0.9892
2019-11-14,1.1016,108.33,1.2879,1.3251,0.9878
2019-11-15,1.1046,108.8,1.2901,1.3228,0.9903
2019-11-18,1.1079,108.61,1.2965,1.321,0.9879
2019-11-19,1.1075,108.59,1.2926,1.3233,0.9912
2019-11-20,1.1063,108.67,1.2918,1.3317,0.9921
2019-11-21,1.1067,108.53,1.2915,1.3277,0.992
2019-11-22,1.1029,108.67,1.2829,1.3293,0.9967
2019-11-25,1.1009,108.95,1.2885,1.3312,0.9964
2019-11-26,1.1012,109.11,1.285,1.3285,0.9978
2019-11-27,1.1002,109.38,1.2881,1.3284,0.9996
2019-11-29,1.1019,109.47,1.2939,1.3291,1.0001
2019-12-02,1.1075,109.09,1.2936,1.3298,0.992
2019-12-03,1.1089,108.53,1.3002,1.3298,0.9862
2019-12-04,1.1076,108.87,1.3095,1.3212,0.9893
2019-12-05,1.1104,108.69,1.3165,1.3177,0.9872
2019-12-06,1.1052,108.66,1.3127,1.3255,0.9909
2019-12-09,1.1067,108.59,1.3157,1.3228,0.9879
2019-12-10,1.109,108.73,1.3178,1.3231,0.9852
2019-12-11,1.1092,108.67,1.3176,1.3202,0.9856
2019-12-12,1.1115,109.16,1.3133,1.3185,0.986
2019-12-13,1.1128,109.28,1.3349,1.3196,0.9838
2019-12-16,1.1139,109.64,1.333,1.3158,0.9839
2019-12-17,1.1148,109.52,1.3116,1.3155,0.9811
2019-12-18,1.1113,109.58,1.3078,1.3117,0.9819
2019-12-19,1.1128,109.23,1.3034,1.3122,0.9777
2019-12-20,1.1076,109.45,1.3036,1.317,0.9824
2019-12-23,1.1091,109.39,1.2917,1.3167,0.982
2019-12-24,1.1084,109.38,1.2955,1.316,0.9807
2019-12-26,1.1102,109.67,1.3007,1.3124,0.9808
2019-12-27,1.1174,109.47,1.309,1.3073,0.9741
2019-12-30,1.1217,108.85,1.314,1.3058,0.9677
2019-12-31,1.1227,108.67,1.3269,1.2962,0.9677
2020-01-02,1.1166,108.43,1.3128,1.2998,0.9721
2020-01-03,1.1173,107.94,1.3091,1.2985,0.9703
2020-01-06,1.1187,108.36,1.3163,1.2964,0.9688
2020-01-07,1.1138,108.53,1.3127,1.3016,0.9716
2020-01-08,1.1117,109.03,1.311,1.3026,0.9725
2020-01-09,1.1106,109.47,1.3069,1.309,0.9724
2020-01-10,1.1119,109.5,1.306,1.3051,0.9729
2020-01-13,1.1138,109.93,1.2983,1.3049,0.9705
2020-01-14,1.113,110.05,1.3018,1.3056,0.9677
2020-01-15,1.116,109.94,1.303,1.304,0.9634
2020-01-16,1.1131,110.16,1.3076,1.3042,0.965
2020-01-17,1.1093,110.16,1.3029,1.3074,0.9683
2020-01-21,1.1096,109.95,1.3047,1.3068,0.9681
2020-01-22,1.1085,109.93,1.3136,1.3135,0.9696
2020-01-23,1.1041,109.39,1.3104,1.3144,0.9698
2020-01-24,1.1026,109.31,1.3071,1.3146,0.9712
2020-01-27,1.1019,108.95,1.3054,1.3176,0.9695
2020-01-28,1.1008,109.17,1.2996,1.3174,0.9738
2020-01-29,1.1004,109.15,1.3012,1.3201,0.9747
2020-01-30,1.1032,108.75,1.3106,1.3216,0.9692
2020-01-31,1.1082,108.5,1.3195,1.322,0.9645
2020-02-03,1.1062,108.59,1.3006,1.3295,0.9655
2020-02-04,1.1043,109.41,1.3029,1.3266,0.9693
2020-02-05,1.1006,109.74,1.3,1.3294,0.9729
2020-02-06,1.0979,109.89,1.2935,1.3292,0.975
2020-02-07,1.095,109.81,1.2908,1.3304,0.9777
2020-02-10,1.0916,109.77,1.2919,1.3323,0.9778
2020-02-11,1.0917,109.78,1.2945,1.3299,0.9761
2020-02-12,1.0893,110.0,1.2978,1.3243,0.9767
2020-02-13,1.0848,109.81,1.3051,1.3255,0.9788
2020-02-14,1.0839,109.77,1.3039,1.3251,0.9818
2020-02-18,1.0815,109.8,1.3017,1.3256,0.9814
2020-02-19,1.0794,111.17,1.2934,1.3232,0.9839
2020-02-20,1.0797,111.86,1.2877,1.3259,0.9831
2020-02-21,1.0855,111.74,1.2966,1.3217,0.9781
2020-02-24,1.0857,110.56,1.2923,1.3282,0.9776
2020-02-25,1.0868,110.23,1.3004,1.3285,0.9765
2020-02-26,1.0887,110.36,1.2921,1.3321,0.9759
2020-02-27,1.0977,110.15,1.2876,1.3356,0.9718
2020-02-28,1.1001,108.12,1.2778,1.3411,0.9671
2020-03-02,1.1164,108.02,1.2791,1.3334,0.9577
2020-03-03,1.1175,107.28,1.2827,1.3352,0.9563
2020-03-04,1.113,107.34,1.2836,1.3425,0.9554
2020-03-05,1.1202,106.56,1.2939,1.3403,0.9487
2020-03-06,1.1319,105.31,1.301,1.342,0.9365
2020-03-09,1.142,102.52,1.31,1.3527,0.9296
2020-03-10,1.1342,103.71,1.2933,1.3775,0.933
2020-03-11,1.128,104.81,1.2887,1.3748,0.9381
2020-03-12,1.1081,105.67,1.2541,1.3869,0.954
2020-03-13,1.1066,107.15,1.2406,1.3991,0.9541
2020-03-16,1.1139,105.64,1.2278,1.3974,0.9467
2020-03-17,1.0971,107.41,1.2017,1.4188,0.9647
2020-03-18,1.0833,108.45,1.176,1.4529,0.9727
2020-03-19,1.0699,110.08,1.1662,1.4463,0.9847
2020-03-20,1.0682,111.3,1.1743,1.4363,0.9866
2020-03-23,1.076,111.36,1.1492,1.4539,0.9824
2020-03-24,1.0794,111.44,1.1784,1.448,0.9813
2020-03-25,1.0835,111.43,1.1763,1.4333,0.9781
2020-03-26,1.1025,109.45,1.214,1.4045,0.9645
2020-03-27,1.1059,108.16,1.236,1.4075,0.9558
2020-03-30,1.1018,108.06,1.2392,1.4169,0.9606
2020-03-31,1.1016,107.53,1.2454,1.4123,0.9627
2020-04-01,1.0934,107.05,1.2394,1.4222,0.9675
2020-04-02,1.0862,107.85,1.238,1.411,0.9727
2020-04-03,1.0797,108.53,1.2228,1.4132,0.9777
2020-04-06,1.0808,109.11,1.2298,1.4125,0.9768
2020-04-07,1.0886,108.97,1.2343,1.3971,0.9707
2020-04-08,1.0864,108.7,1.2394,1.4015,0.971
2020-04-09,1.0931,108.38,1.2458,1.398,0.966
2020-04-10,1.0951,108.39,1.2485,1.3967,0.9648
2020-04-13,1.0906,107.59,1.2518,1.3953,0.9674
2020-04-14,1.0971,107.08,1.2617,1.3903,0.9606
2020-04-15,1.0909,107.42,1.2523,1.4105,0.9647
2020-04-16,1.084,107.72,1.2433,1.4141,0.9695
2020-04-17,1.0883,107.52,1.2503,1.4026,0.9662
2020-04-20,1.0874,107.69,1.2467,1.4067,0.967
2020-04-21,1.0854,107.69,1.2266,1.4199,0.9691
2020-04-22,1.0829,107.81,1.2332,1.4132,0.9711
2020-04-23,1.0815,107.65,1.2369,1.4028,0.9731
2020-04-24,1.0798,107.44,1.2335,1.4098,0.975
2020-04-27,1.0829,107.22,1.2421,1.4042,0.9756
2020-04-28,1.0836,106.83,1.2438,1.3992,0.9743
2020-04-29,1.0853,106.67,1.2429,1.3936,0.9748
2020-04-30,1.0934,106.94,1.2602,1.3911,0.9669
2020-05-01,1.0998,106.76,1.2509,1.4102,0.9599
2020-05-04,1.0911,106.82,1.243,1.4088,0.9647
2020-05-05,1.0844,106.52,1.2449,1.4025,0.9721
2020-05-06,1.0806,106.07,1.2347,1.4143,0.9745
2020-05-07,1.0815,106.36,1.2349,1.3972,0.9746
2020-05-08,1.0854,106.5,1.2436,1.391,0.9699
2020-05-11,1.0818,107.7,1.233,1.4024,0.9722
2020-05-12,1.0864,107.33,1.2299,1.4009,0.968
2020-05-13,1.0837,106.92,1.2225,1.4089,0.9704
2020-05-14,1.08,107.09,1.2194,1.4086,0.9727
2020-05-15,1.0816,107.27,1.2129,1.409,0.9726
2020-05-18,1.0904,107.25,1.2211,1.3966,0.9699
2020-05-19,1.0937,107.89,1.2255,1.3879,0.9725
2020-05-20,1.098,107.46,1.2257,1.3911,0.9649
2020-05-21,1.0953,107.69,1.2227,1.3946,0.9703
2020-05-22,1.0894,107.5,1.2178,1.4021,0.9722
2020-05-26,1.097,107.64,1.2337,1.3821,0.9668
2020-05-27,1.0969,107.79,1.2231,1.3786,0.9696
2020-05-28,1.1069,107.67,1.2325,1.3763,0.9642
2020-05-29,1.1107,107.77,1.232,1.3809,0.9618
2020-06-01,1.1123,107.56,1.2472,1.3603,0.9613
2020-06-02,1.1166,108.6,1.2531,1.3515,0.9623
2020-06-03,1.1246,108.88,1.26,1.3489,0.9613
2020-06-04,1.1322,109.0,1.2608,1.3513,0.9565
2020-06-05,1.1297,109.68,1.2703,1.342,0.9622
2020-06-08,1.1293,108.46,1.2694,1.3379,0.9567
2020-06-09,1.1348,107.66,1.2736,1.3433,0.9487
2020-06-10,1.1355,107.25,1.2758,1.3388,0.945
2020-06-11,1.1378,106.67,1.2635,1.3559,0.9382
2020-06-12,1.1253,107.36,1.2527,1.3587,0.9515
2020-06-15,1.127,107.33,1.2543,1.3618,0.9503
2020-06-16,1.1259,107.35,1.2586,1.3562,0.9494
2020-06-17,1.1219,107.26,1.2526,1.357,0.9512
2020-06-18,1.1216,106.78,1.243,1.3593,0.951
2020-06-19,1.1189,106.89,1.2362,1.3601,0.9519
2020-06-22,1.126,106.84,1.2447,1.3544,0.9475
2020-06-23,1.1322,106.44,1.2531,1.3509,0.9438
2020-06-24,1.1272,106.83,1.2432,1.3601,0.9471
2020-06-25,1.1221,107.21,1.2406,1.366,0.9485
2020-06-26,1.1215,107.19,1.2337,1.3695,0.948
2020-06-29,1.1237,107.71,1.2279,1.3686,0.9504
2020-06-30,1.1237,107.77,1.2369,1.3614,0.9467
2020-07-01,1.1259,107.5,1.2474,1.3579,0.9455
2020-07-02,1.1237,107.55,1.2469,1.3591,0.9455
2020-07-06,1.1307,107.5,1.2482,1.3546,0.9416
2020-07-07,1.1299,107.53,1.2572,1.3587,0.941
2020-07-08,1.1329,107.39,1.2593,1.3539,0.9382
2020-07-09,1.1298,107.27,1.2614,1.3577,0.9397
2020-07-10,1.1318,106.77,1.2654,1.3591,0.9395
2020-07-13,1.1364,107.22,1.2614,1.3568,0.941
2020-07-14,1.1406,107.2,1.2546,1.3606,0.9385
2020-07-15,1.1406,106.92,1.2586,1.3521,0.9439
2020-07-16,1.1433,107.05,1.2621,1.3539,0.9432
2020-07-17,1.1438,107.06,1.255,1.3572,0.9388
2020-07-20,1.1442,107.21,1.2658,1.3531,0.9389
2020-07-21,1.1495,106.82,1.2736,1.3443,0.934
2020-07-22,1.1587,107.18,1.2729,1.3407,0.9288
2020-07-23,1.1623,106.83,1.2759,1.337,0.925
2020-07-24,1.1635,105.79,1.2791,1.3425,0.9222
2020-07-27,1.175,105.29,1.2887,1.3383,0.9204
2020-07-28,1.1733,105.03,1.295,1.3364,0.9169
2020-07-29,1.177,105.06,1.2974,1.337,0.9141
2020-07-30,1.1791,105.05,1.3035,1.344,0.912
2020-07-31,1.1822,105.78,1.3133,1.3384,0.9113
2020-08-03,1.175,106.11,1.3053,1.3408,0.9194
2020-08-04,1.1766,105.87,1.3059,1.3366,0.9154
2020-08-05,1.1898,105.44,1.3141,1.3254,0.9053
2020-08-06,1.1856,105.52,1.3147,1.3285,0.9101
2020-08-07,1.1776,105.92,1.3043,1.3393,0.914
2020-08-10,1.1756,105.85,1.3082,1.335,0.9154
2020-08-11,1.1764,106.56,1.3077,1.3296,0.9163
2020-08-12,1.1796,106.85,1.3047,1.325,0.9109
2020-08-13,1.1818,106.89,1.3082,1.3214,0.9097
2020-08-14,1.1833,106.49,1.3108,1.325,0.9091
2020-08-17,1.1869,105.97,1.3105,1.3202,0.9058
2020-08-18,1.1928,105.41,1.3228,1.3181,0.9029
2020-08-19,1.1898,105.71,1.3191,1.3173,0.9114
2020-08-20,1.1862,105.81,1.319,1.3177,0.9082
2020-08-21,1.1775,105.88,1.3098,1.3201,0.9131
2020-08-24,1.1803,105.9,1.3078,1.322,0.9109
2020-08-25,1.1818,106.4,1.3136,1.3191,0.9089
2020-08-26,1.1813,106.13,1.3186,1.3145,0.9086
2020-08-27,1.1824,106.42,1.3229,1.3111,0.9077
2020-08-28,1.1901,105.3,1.3341,1.3106,0.9041
2020-08-31,1.195,105.84,1.3375,1.3034,0.9012
2020-09-01,1.1949,106.0,1.3416,1.3043,0.9072
2020-09-02,1.184,106.15,1.3315,1.3061,0.9107
2020-09-03,1.1832,106.14,1.3263,1.3131,0.9104
2020-09-04,1.182,106.34,1.323,1.3095,0.9147
2020-09-08,1.1789,105.97,1.3039,1.3194,0.9166
2020-09-09,1.181,106.23,1.3011,1.3163,0.9131
2020-09-10,1.188,106.19,1.2846,1.3162,0.9077
2020-09-11,1.1831,106.17,1.2788,1.3183,0.9092
2020-09-14,1.1874,105.68,1.2876,1.3172,0.9071
2020-09-15,1.1846,105.5,1.2866,1.3199,0.9085
2020-09-16,1.1835,104.94,1.298,1.3164,0.908
2020-09-17,1.1823,104.77,1.2955,1.3204,0.9098
2020-09-18,1.1857,104.44,1.295,1.3179,0.9096
2020-09-21,1.1737,104.69,1.2794,1.3299,0.9163
2020-09-22,1.1703,105.05,1.2726,1.3313,0.92
2020-09-23,1.1677,105.34,1.275,1.3373,0.9233
2020-09-24,1.1666,105.42,1.2739,1.337,0.9264
2020-09-25,1.1618,105.59,1.2706,1.3409,0.9291
2020-09-28,1.166,105.5,1.2865,1.3377,0.9247
2020-09-29,1.1717,105.68,1.2847,1.3411,0.9215
2020-09-30,1.1723,105.58,1.2921,1.3323,0.9188
2020-10-01,1.1752,105.53,1.2901,1.3289,0.9179
2020-10-02,1.1706,105.36,1.2928,1.332,0.9204
2020-10-05,1.1784,105.7,1.2972,1.3269,0.9153
2020-10-06,1.1778,105.64,1.2945,1.3275,0.9153
2020-10-07,1.1766,105.97,1.2914,1.3283,0.9168
2020-10-08,1.1753,105.98,1.2944,1.3222,0.9176
2020-10-09,1.1819,105.72,1.3003,1.312,0.9103
2020-10-13,1.1737,105.55,1.2968,1.3138,0.9147
2020-10-14,1.1755,105.08,1.3023,1.3147,0.9127
2020-10-15,1.1701,105.38,1.2917,1.3243,0.9143
2020-10-16,1.1717,105.41,1.2931,1.3194,0.9153
2020-10-19,1.1788,105.42,1.2998,1.3155,0.9092
2020-10-20,1.1824,105.56,1.2951,1.312,0.9071
2020-10-21,1.187,104.58,1.3143,1.313,0.9042
2020-10-22,1.1824,104.88,1.309,1.3132,0.9074
2020-10-23,1.1844,104.78,1.3039,1.3147,0.9055
2020-10-26,1.1816,104.86,1.3021,1.3214,0.9073
2020-10-27,1.1834,104.44,1.3067,1.3156,0.9066
2020-10-28,1.1751,104.33,1.2997,1.3321,0.9097
2020-10-29,1.1658,104.69,1.289,1.3365,0.9171
2020-10-30,1.1647,104.54,1.2933,1.3332,0.9165
2020-11-02,1.1634,104.8,1.2904,1.3255,0.92
2020-11-03,1.1724,104.5,1.305,1.3132,0.9126
2020-11-04,1.173,104.39,1.3021,1.3113,0.9107
2020-11-05,1.1809,103.67,1.3116,1.3045,0.9063
2020-11-06,1.1886,103.32,1.3162,1.3029,0.8986
2020-11-09,1.1811,105.58,1.3137,1.2978,0.9127
2020-11-10,1.181,105.36,1.3234,1.2998,0.9136
2020-11-12,1.1814,105.16,1.3142,1.3107,0.9136
2020-11-13,1.1824,104.61,1.3176,1.3164,0.9133
2020-11-16,1.1844,104.54,1.3197,1.3072,0.9121
2020-11-17,1.1862,104.2,1.3247,1.3107,0.9109
2020-11-18,1.1869,103.72,1.3299,1.3049,0.9096
2020-11-19,1.1843,103.85,1.3225,1.3083,0.9119
2020-11-20,1.1857,103.81,1.3294,1.3075,0.9118
2020-11-23,1.1826,104.42,1.33,1.3097,0.9131
2020-11-24,1.1874,104.61,1.335,1.3027,0.9121
2020-11-25,1.1908,104.39,1.3378,1.2994,0.909
2020-11-30,1.1948,104.38,1.3338,1.2982,0.906
2020-12-01,1.2039,104.4,1.3392,1.2958,0.9005
2020-12-02,1.2093,104.52,1.3348,1.2934,0.8961
2020-12-03,1.2152,103.77,1.3496,1.2875,0.8906
2020-12-04,1.2142,104.16,1.3485,1.2797,0.8908
2020-12-07,1.2138,104.01,1.3353,1.2796,0.8892
2020-12-08,1.2111,104.14,1.3358,1.2808,0.8886
2020-12-09,1.208,104.28,1.3392,1.2791,0.8901
2020-12-10,1.2118,104.3,1.3293,1.2727,0.8878
2020-12-11,1.2112,103.88,1.3197,1.2767,0.8902
2020-12-14,1.2145,104.06,1.3324,1.2787,0.8872
2020-12-15,1.2158,103.69,1.3434,1.273,0.8859
2020-12-16,1.2175,103.59,1.3503,1.2755,0.8861
2020-12-17,1.2258,103.13,1.3609,1.2715,0.8841
2020-12-18,1.2236,103.35,1.3497,1.2776,0.885
2020-12-21,1.223,103.44,1.3354,1.2836,0.8859
2020-12-22,1.2172,103.62,1.3349,1.2918,0.8889
2020-12-23,1.2194,103.52,1.351,1.2841,0.8882
2020-12-28,1.2213,103.84,1.3447,1.2871,0.8898
2020-12-29,1.2252,103.5,1.3512,1.2794,0.8838
2020-12-30,1.228,103.31,1.3605,1.2764,0.8832
2020-12-31,1.223,103.19,1.3662,1.2753,0.8841
2021-01-04,1.2254,103.19,1.3551,1.2781,0.8811
2021-01-05,1.2295,102.7,1.362,1.27,0.8784
2021-01-06,1.229,103.25,1.3593,1.2685,0.881
2021-01-07,1.2265,103.84,1.3551,1.272,0.8841
2021-01-08,1.2252,103.89,1.3583,1.2698,0.8843
2021-01-11,1.2169,104.16,1.3522,1.2768,0.8897
2021-01-12,1.2168,104.09,1.3637,1.2745,0.8892
2021-01-13,1.2159,103.91,1.3631,1.271,0.8874
2021-01-14,1.2156,103.66,1.369,1.2633,0.887
2021-01-15,1.2099,103.8,1.3599,1.2709,0.8894
2021-01-19,1.2126,103.86,1.3627,1.2721,0.8888
2021-01-21,1.2143,103.57,1.3721,1.2634,0.887
2021-01-22,1.2179,103.76,1.3685,1.2711,0.8853
2021-01-25,1.2138,103.78,1.3668,1.2747,0.8882
2021-01-26,1.2147,103.69,1.3729,1.2711,0.888
2021-01-27,1.2101,104.09,1.3688,1.2782,0.889
2021-01-28,1.2122,104.31,1.3727,1.2812,0.8887
2021-01-29,1.2135,104.64,1.3723,1.2776,0.8905
2021-02-01,1.207,104.97,1.3672,1.2826,0.8965
2021-02-02,1.202,105.09,1.3644,1.2815,0.8987
2021-02-03,1.2025,105.05,1.3652,1.2765,0.8993
2021-02-04,1.1974,105.43,1.3665,1.283,0.9031
2021-02-05,1.2035,105.44,1.3714,1.2781,0.8996
2021-02-08,1.2045,105.19,1.3738,1.2755,0.8986
2021-02-09,1.2106,104.62,1.3796,1.2713,0.893
2021-02-10,1.2132,104.67,1.385,1.2678,0.8891
2021-02-11,1.2127,104.75,1.3822,1.2689,0.8907
2021-02-12,1.2126,104.94,1.3855,1.2694,0.8911
2021-02-16,1.2107,105.88,1.391,1.2694,0.8923
2021-02-17,1.2042,105.83,1.3848,1.2712,0.8985
2021-02-18,1.2078,105.69,1.3956,1.2706,0.8968
2021-02-19,1.2136,105.58,1.4025,1.2596,0.8948
2021-02-22,1.2155,105.06,1.4077,1.2606,0.8958
2021-02-23,1.2142,105.21,1.4092,1.261,0.9022
2021-02-24,1.2143,105.91,1.4106,1.2537,0.9074
2021-02-25,1.2229,106.22,1.4105,1.2528,0.9033
2021-02-26,1.2093,106.64,1.3947,1.2698,0.9092
2021-03-01,1.2054,106.68,1.3938,1.2652,0.9138
2021-03-02,1.2079,106.75,1.3962,1.2612,0.9141
2021-03-03,1.2073,106.92,1.3978,1.2611,0.918
2021-03-04,1.2045,107.58,1.3999,1.2584,0.9257
2021-03-05,1.1914,108.24,1.3817,1.2666,0.9305
2021-03-08,1.1849,108.92,1.381,1.2672,0.9355
2021-03-09,1.1885,108.64,1.3884,1.2652,0.9292
2021-03-10,1.19,108.58,1.3899,1.2641,0.9317
2021-03-11,1.1978,108.44,1.398,1.2558,0.9244
2021-03-12,1.1952,108.87,1.3925,1.2471,0.9281
2021-03-15,1.1917,109.11,1.3866,1.249,0.9283
2021-03-16,1.1895,109.01,1.3892,1.2451,0.9261
2021-03-17,1.1905,109.22,1.3888,1.2475,0.9276
2021-03-18,1.1926,108.97,1.3938,1.2434,0.9281
2021-03-19,1.1909,108.85,1.3872,1.2511,0.9301
2021-03-22,1.1932,108.67,1.3856,1.2528,0.9233
2021-03-23,1.1872,108.61,1.3795,1.2548,0.9327
2021-03-24,1.1831,108.81,1.3723,1.2551,0.9355
2021-03-25,1.1777,109.13,1.3722,1.2613,0.9393
2021-03-26,1.1798,109.55,1.3794,1.2577,0.9398
2021-03-29,1.1779,109.73,1.3793,1.2592,0.9381
2021-03-30,1.1724,110.19,1.3729,1.2626,0.9427
2021-03-31,1.1743,110.61,1.3795,1.2571,0.9418
2021-04-01,1.1772,110.61,1.3825,1.2569,0.9409
2021-04-02,1.1763,110.67,1.3825,1.2566,0.9419
2021-04-05,1.181,110.08,1.3907,1.2512,0.9359
2021-04-06,1.1852,109.83,1.3849,1.254,0.9325
2021-04-07,1.189,109.67,1.3757,1.2614,0.9274
2021-04-08,1.1904,109.25,1.3739,1.2576,0.9249
2021-04-09,1.1897,109.64,1.3734,1.254,0.9249
2021-04-12,1.1907,109.43,1.3741,1.2556,0.9228
2021-04-13,1.1939,109.19,1.3742,1.2541,0.9213
2021-04-14,1.1974,108.93,1.379,1.2515,0.9228
2021-04-15,1.1964,108.78,1.3781,1.2539,0.9227
2021-04-16,1.198,108.78,1.3826,1.2498,0.9196
2021-04-19,1.2028,108.09,1.3977,1.2534,0.9155
2021-04-20,1.2045,108.07,1.3955,1.2574,0.9145
2021-04-21,1.2033,108.09,1.3936,1.2484,0.9166
2021-04-22,1.2012,108.17,1.3851,1.249,0.9182
2021-04-23,1.2069,107.94,1.3845,1.2495,0.9152
2021-04-26,1.2083,108.12,1.389,1.2399,0.9145
2021-04-27,1.2079,108.56,1.3908,1.2396,0.9134
2021-04-28,1.2098,108.81,1.3917,1.2354,0.9124
2021-04-29,1.211,108.94,1.3956,1.2295,0.9099
2021-04-30,1.203,109.33,1.3838,1.2291,0.9127
2021-05-03,1.2059,109.08,1.3913,1.2275,0.9116
2021-05-04,1.2014,109.34,1.3873,1.232,0.9136
2021-05-05,1.2003,109.27,1.3913,1.2262,0.913
2021-05-06,1.2049,109.17,1.388,1.2192,0.9096
2021-05-07,1.2165,108.52,1.4,1.2137,0.9009
2021-05-10,1.217,108.7,1.4153,1.2085,0.8986
2021-05-11,1.2169,108.53,1.4149,1.2092,0.902
2021-05-12,1.2074,109.53,1.4081,1.2104,0.9088
2021-05-13,1.207,109.56,1.4033,1.2147,0.9068
2021-05-14,1.2141,109.37,1.4096,1.2114,0.9021
2021-05-17,1.2155,109.17,1.4127,1.2073,0.9016
2021-05-18,1.2203,109.01,1.4184,1.2061,0.8986
2021-05-19,1.2216,108.76,1.4169,1.2089,0.9003
2021-05-20,1.2225,108.79,1.4182,1.2049,0.8985
2021-05-21,1.2178,108.94,1.4158,1.2072,0.8987
2021-05-24,1.221,108.81,1.4147,1.2082,0.8973
2021-05-25,1.2233,108.95,1.4123,1.2069,0.8971
2021-05-26,1.2204,109.1,1.4129,1.2111,0.8973
2021-05-27,1.2194,109.81,1.4172,1.2075,0.8977
2021-05-28,1.2194,109.83,1.4188,1.2087,0.8995
2021-06-01,1.2241,109.43,1.4168,1.2031,0.8954
2021-06-02,1.2213,109.59,1.4177,1.2047,0.898
2021-06-03,1.2122,110.28,1.4099,1.2116,0.9051
2021-06-04,1.2173,109.42,1.4175,1.2088,0.899
2021-06-07,1.22,109.25,1.4179,1.2062,0.8969
2021-06-08,1.218,109.47,1.4146,1.2101,0.8963
2021-06-09,1.2184,109.61,1.4124,1.2102,0.8958
2021-06-10,1.2173,109.49,1.4165,1.2095,0.8951
2021-06-11,1.2101,109.75,1.4114,1.2162,0.8993
2021-06-14,1.2126,109.98,1.4116,1.2131,0.8991
2021-06-15,1.212,110.12,1.4073,1.2202,0.8985
2021-06-16,1.2119,109.88,1.411,1.2165,0.8986
2021-06-17,1.1911,110.28,1.3916,1.2353,0.9173
2021-06-18,1.1872,110.21,1.3817,1.2437,0.9215
2021-06-21,1.1909,110.22,1.3915,1.237,0.9184
2021-06-22,1.191,110.75,1.3921,1.2364,0.92
2021-06-23,1.195,110.86,1.3977,1.2286,0.9169
2021-06-24,1.1927,110.91,1.3907,1.2337,0.9188
2021-06-25,1.194,110.78,1.3899,1.2293,0.9175
2021-06-28,1.1938,110.5,1.3895,1.2325,0.9184
2021-06-29,1.1905,110.53,1.3845,1.2378,0.9201
2021-06-30,1.1848,111.05,1.3806,1.2404,0.9253
2021-07-01,1.1857,111.56,1.378,1.2405,0.9253
2021-07-02,1.1848,111.28,1.3795,1.2346,0.9224
2021-07-06,1.1816,110.66,1.3792,1.2466,0.9245
2021-07-07,1.1803,110.62,1.3792,1.2506,0.9252
2021-07-08,1.184,109.82,1.3767,1.2533,0.9153
2021-07-09,1.1861,110.18,1.3842,1.2476,0.9151
2021-07-12,1.1858,110.36,1.3886,1.2455,0.9154
2021-07-13,1.1813,110.36,1.3847,1.2511,0.9164
2021-07-14,1.1826,110.03,1.3854,1.2521,0.9154
2021-07-15,1.1806,110.05,1.3849,1.2575,0.9186
2021-07-16,1.181,110.13,1.3785,1.2586,0.9192
2021-07-19,1.1804,109.45,1.369,1.2752,0.9179
2021-07-20,1.1776,109.92,1.3615,1.2724,0.9218
2021-07-21,1.1799,110.22,1.3695,1.2538,0.9179
2021-07-22,1.1771,110.1,1.375,1.2578,0.9195
2021-07-23,1.1761,110.52,1.3749,1.258,0.9211
2021-07-26,1.181,110.31,1.3829,1.254,0.9157
2021-07-27,1.1831,109.64,1.3884,1.2579,0.9135
2021-07-28,1.1809,110.06,1.3884,1.2563,0.9134
2021-07-29,1.1886,109.53,1.3966,1.2439,0.9062
2021-07-30,1.1864,109.7,1.3913,1.2466,0.9061
2021-08-02,1.1873,109.22,1.3886,1.2501,0.9051
2021-08-03,1.1859,109.09,1.3905,1.255,0.9047
2021-08-04,1.1841,109.44,1.3912,1.2551,0.9061
2021-08-05,1.1838,109.75,1.3929,1.2487,0.907
2021-08-06,1.1761,110.22,1.3873,1.2563,0.9142
2021-08-09,1.1749,110.25,1.3852,1.2571,0.9191
2021-08-10,1.1722,110.54,1.384,1.2531,0.9226
2021-08-11,1.1737,110.47,1.3866,1.2513,0.9215
2021-08-12,1.1736,110.36,1.3833,1.2518,0.923
2021-08-13,1.1796,109.75,1.3857,1.2512,0.9162
2021-08-16,1.1776,109.26,1.3849,1.257,0.9123
2021-08-17,1.1714,109.59,1.3739,1.2622,0.9144
2021-08-18,1.1702,109.92,1.3749,1.2638,0.9179
2021-08-19,1.1693,109.75,1.3673,1.279,0.9173
2021-08-20,1.169,109.77,1.3625,1.2853,0.9176
2021-08-23,1.1732,109.78,1.3717,1.2666,0.9137
2021-08-24,1.1746,109.68,1.3716,1.2615,0.913
2021-08-25,1.1758,110.03,1.3723,1.2624,0.9137
2021-08-26,1.1761,110.09,1.3712,1.2654,0.9174
2021-08-27,1.1794,109.84,1.3769,1.2613,0.9122
2021-08-30,1.1795,109.91,1.3758,1.2606,0.9172
2021-08-31,1.18,110.05,1.3747,1.2629,0.9161
2021-09-01,1.185,110.03,1.379,1.2615,0.9145
2021-09-02,1.1858,110.01,1.3825,1.2559,0.9159
2021-09-03,1.1884,109.64,1.3862,1.2524,0.9136
2021-09-07,1.1849,110.17,1.3792,1.2622,0.9179
2021-09-08,1.1818,110.32,1.3761,1.2681,0.9219
2021-09-09,1.1827,109.76,1.3855,1.2648,0.9173
2021-09-10,1.1821,109.93,1.3847,1.2636,0.918
2021-09-13,1.1809,109.94,1.3844,1.2643,0.9213
2021-09-14,1.1824,109.66,1.3848,1.2663,0.9193
2021-09-15,1.1811,109.4,1.3837,1.2653,0.9196
2021-09-16,1.1764,109.67,1.3785,1.2679,0.9251
2021-09-17,1.1734,109.94,1.3755,1.2738,0.9308
2021-09-20,1.1729,109.47,1.3656,1.2818,0.9277
2021-09-21,1.1724,109.33,1.3663,1.2789,0.9235
2021-09-22,1.1739,109.59,1.3669,1.2733,0.9223
2021-09-23,1.1735,110.17,1.3745,1.2662,0.9243
2021-09-24,1.1715,110.72,1.3681,1.2672,0.9246
2021-09-27,1.1702,110.97,1.3712,1.2643,0.9256
2021-09-28,1.1681,111.33,1.3537,1.2692,0.9282
2021-09-29,1.1612,111.83,1.3439,1.275,0.9335
2021-09-30,1.1577,111.5,1.347,1.2673,0.9339
2021-10-01,1.1598,110.97,1.3572,1.2657,0.9297
2021-10-04,1.1622,110.94,1.3602,1.2571,0.9248
2021-10-05,1.1609,111.39,1.364,1.2562,0.9271
2021-10-06,1.1546,111.33,1.3569,1.2612,0.9279
2021-10-07,1.1561,111.5,1.3634,1.2546,0.928
2021-10-08,1.1572,112.15,1.363,1.2477,0.9272
2021-10-12,1.1541,113.69,1.3605,1.2439,0.9302
2021-10-13,1.1568,113.49,1.3645,1.2448,0.926
2021-10-14,1.1591,113.59,1.3684,1.2362,0.9232
2021-10-15,1.1594,114.31,1.3756,1.2387,0.9241
2021-10-18,1.1609,114.22,1.3726,1.2362,0.9232
2021-10-19,1.1632,114.27,1.3807,1.2354,0.9227
2021-10-20,1.1643,114.24,1.3821,1.2328,0.9197
2021-10-21,1.1643,113.75,1.3812,1.2339,0.9173
2021-10-22,1.1632,113.54,1.3741,1.2385,0.9164
2021-10-25,1.1609,113.7,1.3773,1.2373,0.9193
2021-10-26,1.159,114.19,1.3772,1.2388,0.9204
2021-10-27,1.16,113.75,1.3739,1.2337,0.9183
2021-10-28,1.1685,113.38,1.3804,1.2348,0.9123
2021-10-29,1.1552,114.03,1.3686,1.2397,0.9165
2021-11-01,1.1591,114.19,1.3679,1.2355,0.9105
2021-11-02,1.1581,113.78,1.3612,1.242,0.9145
2021-11-03,1.1584,114.06,1.3659,1.2416,0.9121
2021-11-04,1.1546,113.63,1.3494,1.2462,0.9127
2021-11-05,1.1554,113.45,1.3491,1.2439,0.9133
2021-11-08,1.159,113.15,1.3563,1.2441,0.9132
2021-11-09,1.1589,112.87,1.3551,1.2457,0.9118
2021-11-10,1.1517,113.89,1.347,1.2447,0.9164
2021-11-12,1.1443,113.9,1.3412,1.2558,0.9211
2021-11-15,1.1421,113.96,1.3444,1.2515,0.9217
2021-11-16,1.1333,114.62,1.3429,1.2562,0.9298
2021-11-17,1.1322,114.33,1.3488,1.2594,0.9286
2021-11-18,1.1358,114.22,1.3489,1.2629,0.926
2021-11-19,1.1318,113.81,1.3474,1.2631,0.9262
2021-11-22,1.126,114.69,1.3412,1.2684,0.93
2021-11-23,1.1265,114.98,1.3388,1.2712,0.9325
2021-11-24,1.1196,115.34,1.3332,1.2657,0.9354
2021-11-26,1.1302,113.46,1.3322,1.2756,0.9234
2021-11-29,1.1261,113.75,1.3291,1.2792,0.925
2021-11-30,1.1287,113.22,1.3252,1.2812,0.9217
2021-12-01,1.1323,112.82,1.3308,1.2778,0.9195
2021-12-02,1.1306,113.1,1.3305,1.2814,0.9205
2021-12-03,1.1308,112.88,1.3234,1.2833,0.9185
2021-12-06,1.1282,113.31,1.3252,1.2785,0.9256
2021-12-07,1.1247,113.61,1.3236,1.2651,0.9264
2021-12-08,1.133,113.83,1.3236,1.2653,0.9217
2021-12-09,1.1285,113.53,1.3188,1.2698,0.926
2021-12-10,1.1312,113.36,1.3262,1.2706,0.9205
2021-12-13,1.1298,113.42,1.3233,1.2795,0.9212
2021-12-14,1.1267,113.63,1.3225,1.2858,0.9236
2021-12-15,1.1261,113.83,1.3214,1.2916,0.9258
2021-12-16,1.1309,113.67,1.3325,1.2772,0.9215
2021-12-17,1.1277,113.56,1.3269,1.283,0.9226
2021-12-20,1.1298,113.45,1.3222,1.2941,0.92
2021-12-21,1.1272,114.11,1.3253,1.2927,0.9242
2021-12-22,1.1324,114.22,1.3345,1.2844,0.9201
2021-12-23,1.132,114.42,1.341,1.2809,0.9186
2021-12-27,1.1329,114.85,1.3438,1.2797,0.9175
2021-12-28,1.1314,114.75,1.3432,1.2814,0.9167
2021-12-29,1.1337,114.97,1.3475,1.281,0.9149
2021-12-30,1.1318,115.17,1.35,1.2777,0.9146
2022-01-03,1.129,115.27,1.3469,1.2757,0.9188
2022-01-04,1.1296,116.12,1.3544,1.2697,0.9154
2022-01-05,1.1335,115.91,1.3573,1.27,0.9161
2022-01-06,1.1307,115.78,1.3539,1.2725,0.9196
2022-01-07,1.1358,115.61,1.3583,1.2643,0.9191
2022-01-10,1.1328,115.14,1.3567,1.2679,0.9252
2022-01-11,1.1363,115.38,1.3622,1.2598,0.9237
2022-01-12,1.1431,114.74,1.3698,1.2501,0.9134
2022-01-13,1.1464,114.06,1.3724,1.2482,0.9102
2022-01-14,1.1414,113.89,1.367,1.2549,0.9133
2022-01-18,1.1336,114.6,1.3588,1.2535,0.9168
2022-01-19,1.1346,114.28,1.3625,1.2499,0.9155
2022-01-20,1.1336,114.08,1.3642,1.2462,0.9157
2022-01-21,1.1346,113.72,1.3562,1.2542,0.912
2022-01-24,1.131,113.82,1.3447,1.2688,0.9146
2022-01-25,1.1283,113.88,1.3495,1.2637,0.9194
2022-01-26,1.1279,114.33,1.3516,1.2597,0.9213
2022-01-27,1.1141,115.47,1.3385,1.2709,0.9318
2022-01-28,1.116,115.21,1.3417,1.2753,0.9298
2022-01-31,1.1212,115.22,1.3439,1.2694,0.9303
2022-02-01,1.1239,114.77,1.3505,1.2688,0.9231
2022-02-02,1.1299,114.36,1.3565,1.2689,0.9186
2022-02-03,1.1425,114.88,1.3602,1.2679,0.9213
2022-02-04,1.1455,115.22,1.3543,1.2759,0.9248
2022-02-07,1.1434,115.09,1.3533,1.2685,0.9243
2022-02-08,1.1416,115.62,1.3552,1.2709,0.9244
2022-02-09,1.1435,115.44,1.354,1.2675,0.9233
2022-02-10,1.1487,115.84,1.3636,1.2647,0.923
2022-02-11,1.1404,115.91,1.3601,1.2678,0.9255
2022-02-14,1.1306,115.72,1.3516,1.2732,0.9265
2022-02-15,1.1363,115.64,1.3539,1.2742,0.9258
2022-02-16,1.1381,115.41,1.3585,1.2687,0.9219
2022-02-17,1.1364,115.03,1.3624,1.2696,0.9202
2022-02-18,1.1327,115.08,1.3585,1.2748,0.921
2022-02-22,1.1342,114.94,1.3597,1.2736,0.9204
2022-02-23,1.1316,115.12,1.3555,1.2717,0.9179
2022-02-24,1.1154,115.45,1.336,1.284,0.9266
2022-02-25,1.1261,115.62,1.3407,1.274,0.9274
2022-02-28,1.1224,115.11,1.3419,1.2662,0.9179
2022-03-01,1.1103,114.87,1.3318,1.2709,0.9186
2022-03-02,1.1102,115.59,1.3365,1.2657,0.9216
2022-03-03,1.1053,115.67,1.3326,1.2675,0.9204
2022-03-04,1.0912,114.65,1.3214,1.276,0.9183
2022-03-07,1.086,115.41,1.3115,1.2772,0.9267
2022-03-08,1.0881,115.64,1.3101,1.2893,0.9302
2022-03-09,1.1069,115.87,1.316,1.2812,0.9264
2022-03-10,1.1007,116.05,1.3108,1.2772,0.9294
2022-03-11,1.0937,117.08,1.3063,1.2723,0.9326
2022-03-14,1.0979,118.0,1.3044,1.2774,0.9358
2022-03-15,1.0974,118.19,1.3065,1.2806,0.9415
2022-03-16,1.0996,118.48,1.3096,1.2742,0.9414
2022-03-17,1.111,118.45,1.3159,1.2637,0.9349
2022-03-18,1.1044,119.17,1.3169,1.2633,0.9337
2022-03-21,1.1048,119.15,1.3201,1.258,0.9303
2022-03-22,1.1022,120.66,1.3258,1.2604,0.9325
2022-03-23,1.1001,121.02,1.3212,1.2555,0.9318
2022-03-24,1.1006,122.08,1.3183,1.2532,0.9308
2022-03-25,1.0985,121.98,1.3193,1.2512,0.9308
2022-03-28,1.0977,123.25,1.3091,1.255,0.9344
2022-03-29,1.1104,122.61,1.3125,1.2513,0.9303
2022-03-30,1.1163,121.97,1.3149,1.2495,0.9233
2022-03-31,1.1093,121.44,1.3152,1.2482,0.9211
2022-04-01,1.1043,122.6,1.3114,1.2507,0.9256
2022-04-04,1.0992,122.7,1.3116,1.2491,0.9256
2022-04-05,1.0921,123.48,1.3101,1.2452,0.9292
2022-04-06,1.0913,123.7,1.3082,1.2502,0.9325
2022-04-07,1.09,123.8,1.306,1.2592,0.9332
2022-04-08,1.0874,124.31,1.3032,1.2577,0.9333
2022-04-11,1.0875,125.55,1.3033,1.2622,0.9308
2022-04-12,1.0852,125.25,1.3031,1.2609,0.9302
2022-04-13,1.0874,125.51,1.3072,1.2595,0.9335
2022-04-14,1.0796,125.92,1.3052,1.2628,0.9426
2022-04-15,1.0812,126.31,1.3066,1.2613,0.9431
2022-04-18,1.0785,126.77,1.3019,1.262,0.9441
2022-04-19,1.0789,128.55,1.3009,1.2618,0.9482
2022-04-20,1.0857,127.76,1.3055,1.249,0.9469
2022-04-21,1.0839,128.62,1.3042,1.2526,0.9533
2022-04-22,1.079,128.78,1.2848,1.2716,0.9587
2022-04-25,1.0703,127.66,1.2698,1.2775,0.9585
2022-04-26,1.0661,127.37,1.2617,1.2796,0.961
2022-04-27,1.0549,128.44,1.2547,1.283,0.9695
2022-04-28,1.05,130.94,1.2443,1.2831,0.9724
2022-04-29,1.0537,129.84,1.2565,1.2802,0.9723
2022-05-02,1.0521,130.18,1.2523,1.2884,0.977
2022-05-03,1.0532,130.09,1.251,1.2837,0.9785
2022-05-04,1.0539,129.97,1.2487,1.2817,0.9829
2022-05-05,1.0507,130.41,1.2334,1.2849,0.9874
2022-05-06,1.0572,130.35,1.2344,1.289,0.9858
2022-05-09,1.0559,130.37,1.2335,1.2962,0.9927
2022-05-10,1.0531,130.21,1.2313,1.303,0.9949
2022-05-11,1.0537,130.2,1.2317,1.2943,0.9907
2022-05-12,1.0376,128.1,1.2198,1.3055,1.0004
2022-05-13,1.041,129.23,1.2242,1.2929,1.0014
2022-05-16,1.042,129.15,1.227,1.2883,1.0028
2022-05-17,1.0532,129.31,1.2468,1.2839,0.9931
2022-05-18,1.0494,128.22,1.2396,1.2838,0.9902
2022-05-19,1.0587,127.62,1.2504,1.2821,0.9729
2022-05-20,1.0559,127.86,1.2492,1.2837,0.9749
2022-05-23,1.0668,127.78,1.2571,1.2784,0.9664
2022-05-24,1.0744,126.56,1.2544,1.284,0.9597
2022-05-25,1.0658,127.31,1.2539,1.2837,0.9637
2022-05-26,1.0725,127.23,1.2582,1.2788,0.9595
2022-05-27,1.0709,127.14,1.2613,1.274,0.9575
2022-05-31,1.0731,128.53,1.2624,1.2639,0.957
2022-06-01,1.0646,130.09,1.2472,1.267,0.9644
2022-06-02,1.0733,129.83,1.2557,1.2587,0.9592
2022-06-03,1.0721,130.71,1.2496,1.2581,0.9625
2022-06-06,1.0699,131.55,1.2544,1.257,0.969
2022-06-07,1.0697,132.53,1.2594,1.255,0.9731
2022-06-08,1.074,134.06,1.2557,1.2524,0.975
2022-06-09,1.0656,134.06,1.2511,1.2651,0.9778
2022-06-10,1.0521,134.19,1.233,1.2782,0.9886
2022-06-13,1.0436,134.12,1.217,1.2851,0.9966
2022-06-14,1.0416,134.89,1.2011,1.2933,1.0016
2022-06-15,1.0388,134.5,1.2057,1.297,1.0021
2022-06-16,1.0531,131.65,1.2341,1.2925,0.9663
2022-06-17,1.0473,135.14,1.2201,1.3054,0.9717
2022-06-21,1.0548,136.25,1.2277,1.2927,0.966
2022-06-22,1.0583,136.05,1.228,1.2932,0.9615
2022-06-23,1.0503,134.72,1.224,1.2979,0.9606
2022-06-24,1.0539,135.22,1.2273,1.2919,0.9569
2022-06-27,1.0601,135.26,1.2305,1.287,0.9551
2022-06-28,1.0534,136.19,1.22,1.2882,0.9563
2022-06-29,1.0477,136.5,1.2151,1.2861,0.9541
2022-06-30,1.0469,135.69,1.2162,1.2871,0.955
2022-07-01,1.0409,135.09,1.2048,1.2915,0.9623
2022-07-05,1.0254,135.72,1.1932,1.3064,0.969
2022-07-06,1.0173,135.66,1.1907,1.3052,0.9714
2022-07-07,1.0159,135.99,1.1994,1.2988,0.9734
2022-07-08,1.0178,136.16,1.2036,1.2947,0.9775
2022-07-11,1.0088,137.29,1.1907,1.2979,0.9794
2022-07-12,1.0069,136.68,1.1905,1.3003,0.9812
2022-07-13,1.0081,137.34,1.1919,1.2956,0.9784
2022-07-14,1.0028,138.94,1.1827,1.31,0.9829
2022-07-15,1.0089,138.57,1.1857,1.3041,0.9776
2022-07-18,1.016,138.23,1.1989,1.2919,0.9764
2022-07-19,1.0238,137.94,1.2022,1.2887,0.9683
2022-07-20,1.0217,138.16,1.1989,1.2875,0.9721
2022-07-21,1.0197,137.94,1.1968,1.2885,0.9693
2022-07-22,1.0225,136.12,1.2019,1.2861,0.9613
2022-07-25,1.0211,136.72,1.2042,1.2845,0.9651
2022-07-26,1.0116,136.62,1.2036,1.2891,0.9634
2022-07-27,1.0108,137.31,1.2027,1.2881,0.965
2022-07-28,1.0163,134.45,1.2126,1.2835,0.9568
2022-07-29,1.0202,133.25,1.2183,1.2801,0.9513
2022-08-01,1.027,131.8,1.2278,1.283,0.9486
2022-08-02,1.0194,132.32,1.2218,1.2855,0.9543
2022-08-03,1.0146,134.18,1.2132,1.2869,0.963
2022-08-04,1.0221,133.28,1.2141,1.2852,0.9565
2022-08-05,1.017,135.33,1.2061,1.2942,0.9635
2022-08-08,1.0207,134.73,1.2098,1.2854,0.9545
2022-08-09,1.0226,134.95,1.2089,1.288,0.9525
2022-08-10,1.0337,132.58,1.2245,1.2773,0.941
2022-08-11,1.0338,132.66,1.223,1.2744,0.9391
2022-08-12,1.0257,133.57,1.2132,1.2783,0.943
2022-08-15,1.0186,133.13,1.209,1.2891,0.9449
2022-08-16,1.0174,134.38,1.209,1.2874,0.9506
2022-08-17,1.0164,135.4,1.203,1.2932,0.9537
2022-08-18,1.0114,135.29,1.197,1.2945,0.9546
2022-08-19,1.0039,137.01,1.181,1.2994,0.959
2022-08-22,0.9936,137.57,1.1752,1.3038,0.9652
2022-08-23,0.9976,136.36,1.1844,1.2945,0.9632
2022-08-24,0.9967,136.92,1.1802,1.2969,0.9664
2022-08-25,0.9959,136.83,1.1803,1.2944,0.9648
2022-08-26,0.9998,137.07,1.1778,1.3006,0.9635
2022-08-29,1.0,138.74,1.1718,1.3001,0.9688
2022-08-30,1.0018,138.73,1.1651,1.309,0.9746
2022-08-31,1.0065,138.69,1.1647,1.3091,0.9748
2022-09-01,0.995,139.93,1.1541,1.316,0.9838
2022-09-02,1.003,140.03,1.1582,1.3089,0.9801
2022-09-06,0.9914,142.95,1.1549,1.3122,0.9839
2022-09-07,0.9942,144.39,1.1473,1.3166,0.9808
2022-09-08,0.9956,144.05,1.1489,1.3118,0.9726
2022-09-09,1.0046,142.44,1.16,1.3036,0.9604
2022-09-12,1.0129,142.41,1.1701,1.2976,0.9519
2022-09-13,0.9997,144.3,1.1526,1.3123,0.9608
2022-09-14,0.9993,142.93,1.1564,1.3156,0.9612
2022-09-15,0.9991,143.57,1.1472,1.3204,0.9607
2022-09-16,1.0013,143.04,1.1419,1.3273,0.9647
2022-09-19,1.0003,143.34,1.1403,1.3287,0.9663
2022-09-20,0.9994,143.64,1.1405,1.3339,0.9628
2022-09-21,0.988,144.14,1.133,1.3397,0.9652
2022-09-22,0.9841,142.16,1.1269,1.3499,0.9806
2022-09-23,0.9719,143.18,1.0921,1.3581,0.9816
2022-09-26,0.9623,144.45,1.0703,1.3745,0.9924
2022-09-27,0.9616,144.71,1.0753,1.3738,0.9896
2022-09-28,0.9681,144.15,1.0832,1.3648,0.9756
2022-09-29,0.9774,144.45,1.1048,1.37,0.9798
2022-09-30,0.9783,144.71,1.1134,1.3752,0.9845
2022-10-03,0.9809,144.5,1.1272,1.3651,0.9929
2022-10-04,0.9977,144.32,1.1446,1.3551,0.9806
2022-10-05,0.9866,144.73,1.1275,1.3662,0.9838
2022-10-06,0.9806,144.94,1.1133,1.3732,0.9899
2022-10-07,0.9785,145.19,1.1116,1.3692,0.9914
2022-10-11,0.9757,145.55,1.1168,1.3737,0.994
2022-10-12,0.9692,146.87,1.1096,1.3797,0.998
2022-10-13,0.978,147.15,1.1344,1.3744,0.9987
2022-10-14,0.9739,148.46,1.1208,1.3873,1.0049
2022-10-17,0.9843,148.71,1.1427,1.3723,0.9953
2022-10-18,0.9842,149.23,1.1307,1.379,0.9962
2022-10-19,0.978,149.77,1.1232,1.3783,1.0039
2022-10-20,0.9823,149.82,1.1288,1.3715,1.0003
2022-10-21,0.9855,146.35,1.1292,1.3673,0.9981
2022-10-24,0.9874,148.76,1.1295,1.3704,1.0007
2022-10-25,0.9959,147.85,1.1469,1.3616,0.9961
2022-10-26,1.0068,146.5,1.1615,1.3551,0.9865
2022-10-27,0.9985,146.02,1.1574,1.3532,0.9899
2022-10-28,0.9934,147.68,1.1573,1.3622,0.9968
2022-10-31,0.9885,148.63,1.1515,1.3639,1.0006
2022-11-01,0.9871,148.11,1.146,1.3639,0.9995
2022-11-02,0.9875,147.11,1.1467,1.3628,0.9988
2022-11-03,0.9759,148.18,1.1183,1.3729,1.0131
2022-11-04,0.9895,147.22,1.1279,1.3528,0.9981
2022-11-07,0.9997,146.64,1.1463,1.3497,0.9906
2022-11-08,1.0089,145.38,1.1595,1.3389,0.9842
2022-11-09,1.0037,146.15,1.1396,1.3453,0.9836
2022-11-10,1.0176,141.78,1.1677,1.3362,0.9672
2022-11-14,1.0337,140.43,1.1728,1.3295,0.9427
2022-11-15,1.0372,139.36,1.189,1.328,0.9444
2022-11-16,1.0395,139.59,1.1889,1.3343,0.9445
2022-11-17,1.0341,140.45,1.1812,1.3343,0.954
2022-11-18,1.0349,140.03,1.1902,1.3379,0.9522
2022-11-21,1.0238,141.95,1.1785,1.3483,0.9586
2022-11-22,1.0276,141.29,1.188,1.3401,0.9531
2022-11-23,1.0364,139.76,1.204,1.3416,0.9432
2022-11-25,1.0402,139.21,1.2102,1.337,0.9459
2022-11-28,1.0386,138.67,1.2041,1.3433,0.9463
2022-11-29,1.0356,138.28,1.1996,1.3636,0.9506
2022-11-30,1.0323,139.31,1.1962,1.3538,0.9486
2022-12-01,1.0498,135.55,1.2252,1.3427,0.9377
2022-12-02,1.0521,134.89,1.2292,1.3448,0.9369
2022-12-05,1.0494,136.55,1.2169,1.3571,0.9421
2022-12-06,1.0497,136.67,1.2202,1.3652,0.9406
2022-12-07,1.0505,136.57,1.2194,1.364,0.9401
2022-12-08,1.0552,136.45,1.2235,1.3574,0.9358
2022-12-09,1.055,136.4,1.2311,1.3604,0.932
2022-12-12,1.0545,137.47,1.2285,1.3654,0.9356
2022-12-13,1.063,135.14,1.2375,1.353,0.9268
2022-12-14,1.0655,134.95,1.2408,1.3567,0.9238
2022-12-15,1.0638,137.92,1.2206,1.3649,0.9288
2022-12-16,1.061,136.55,1.2168,1.369,0.9324
2022-12-19,1.0624,136.87,1.218,1.3638,0.9303
2022-12-20,1.0635,131.08,1.2146,1.3618,0.9259
2022-12-21,1.0599,132.36,1.2072,1.3622,0.9277
2022-12-22,1.0588,132.34,1.2032,1.3653,0.931
2022-12-23,1.0621,132.78,1.2054,1.3587,0.9335
2022-12-27,1.0654,133.43,1.2032,1.3504,0.9285
2022-12-28,1.0622,134.27,1.2034,1.3588,0.9275
2022-12-29,1.0668,133.16,1.206,1.3546,0.9233
2022-12-30,1.0698,131.81,1.2077,1.3532,0.9241
2023-01-03,1.0559,130.83,1.197,1.3664,0.9368
2023-01-04,1.062,132.0,1.2063,1.3492,0.9271
2023-01-05,1.0522,133.57,1.1902,1.3579,0.9364
2023-01-06,1.0619,132.21,1.2064,1.3452,0.9293
2023-01-09,1.0759,131.58,1.2206,1.3372,0.918
2023-01-10,1.0737,132.25,1.2155,1.3433,0.9225
2023-01-11,1.074,132.58,1.2125,1.3422,0.9299
2023-01-12,1.0823,129.75,1.2182,1.338,0.9288
2023-01-13,1.0811,127.85,1.2194,1.3413,0.9284
2023-01-17,1.0793,128.18,1.2264,1.338,0.9215
2023-01-18,1.0827,128.45,1.2369,1.3436,0.914
2023-01-19,1.081,128.48,1.2366,1.3494,0.9162
2023-01-20,1.0831,129.97,1.2374,1.3416,0.9221
2023-01-23,1.0865,130.69,1.237,1.3384,0.9231
2023-01-24,1.0873,130.07,1.2323,1.3369,0.923
2023-01-25,1.0901,129.64,1.2374,1.3413,0.9199
2023-01-26,1.0866,130.4,1.237,1.3348,0.921
2023-01-27,1.0857,129.94,1.2379,1.3314,0.9218
2023-01-30,1.0867,130.34,1.2373,1.335,0.9231
2023-01-31,1.0858,130.17,1.2324,1.3333,0.9186
2023-02-01,1.0917,129.27,1.2308,1.3335,0.9147
2023-02-02,1.0918,128.45,1.226,1.3317,0.912
2023-02-03,1.0825,131.07,1.2073,1.3395,0.925
2023-02-06,1.0722,132.76,1.2009,1.3442,0.9278
2023-02-07,1.0705,131.37,1.2013,1.344,0.9239
2023-02-08,1.0734,131.27,1.2093,1.343,0.9198
2023-02-09,1.0761,130.98,1.2157,1.3428,0.9192
2023-02-10,1.067,131.5,1.2061,1.3363,0.9246
2023-02-13,1.0718,132.71,1.2136,1.3348,0.9207
2023-02-14,1.0722,133.05,1.2157,1.3367,0.9224
2023-02-15,1.0683,134.22,1.2031,1.3401,0.9238
2023-02-16,1.0684,133.95,1.2018,1.3451,0.9245
2023-02-17,1.0678,134.21,1.2012,1.3487,0.9266
2023-02-21,1.0657,134.87,1.2111,1.3515,0.9267
2023-02-22,1.0623,134.77,1.2064,1.354,0.9297
2023-02-23,1.0583,134.8,1.2016,1.3567,0.9343
2023-02-24,1.0545,136.36,1.1948,1.3618,0.94
2023-02-27,1.0596,136.18,1.2036,1.3574,0.9375
2023-02-28,1.0602,136.09,1.2093,1.3616,0.9376
2023-03-01,1.0674,135.82,1.2034,1.3597,0.9387
2023-03-02,1.0595,136.84,1.1942,1.3616,0.942
2023-03-03,1.0616,136.09,1.1996,1.3609,0.9381
2023-03-06,1.0694,135.93,1.2048,1.3606,0.9308
2023-03-07,1.0573,136.9,1.1857,1.3736,0.9413
2023-03-08,1.0549,137.18,1.1837,1.3784,0.9395
2023-03-09,1.0577,136.41,1.1922,1.3777,0.9363
2023-03-10,1.0659,135.05,1.2043,1.3804,0.9213
2023-03-13,1.0733,133.13,1.216,1.3687,0.9118
2023-03-14,1.0722,134.33,1.2146,1.3676,0.9137
2023-03-15,1.0535,132.81,1.2032,1.3799,0.9243
2023-03-16,1.0622,133.01,1.2111,1.3761,0.9299
2023-03-17,1.0647,132.01,1.2141,1.3753,0.9284
2023-03-20,1.0722,131.59,1.2257,1.3686,0.9267
2023-03-21,1.0769,132.27,1.2195,1.3732,0.9238
2023-03-22,1.0792,132.67,1.2232,1.3722,0.9237
2023-03-23,1.089,130.99,1.2322,1.3658,0.9145
2023-03-24,1.0762,130.64,1.2225,1.3763,0.9181
2023-03-27,1.0789,131.49,1.2278,1.3686,0.9163
2023-03-28,1.0844,130.97,1.2341,1.3615,0.9198
2023-03-29,1.0826,132.69,1.2313,1.3575,0.9195
2023-03-30,1.0899,132.71,1.2368,1.3536,0.914
2023-03-31,1.0872,132.75,1.2369,1.3525,0.9129
2023-04-03,1.0891,132.35,1.2403,1.3435,0.913
2023-04-04,1.0951,131.6,1.2498,1.3454,0.9071
2023-04-05,1.0918,131.11,1.2469,1.3453,0.905
2023-04-06,1.0927,131.67,1.2456,1.3472,0.904
2023-04-07,1.0913,132.11,1.2422,1.3513,0.9049
2023-04-10,1.084,133.75,1.2358,1.3534,0.9112
2023-04-11,1.0906,133.63,1.2409,1.348,0.904
2023-04-12,1.0987,133.25,1.2471,1.345,0.8968
2023-04-13,1.1054,132.37,1.2531,1.3344,0.8874
2023-04-14,1.098,133.74,1.2417,1.3379,0.8955
2023-04-17,1.0915,134.51,1.2359,1.3403,0.8994
2023-04-18,1.0958,134.11,1.2419,1.3391,0.898
2023-04-19,1.0953,134.79,1.2442,1.3454,0.8984
2023-04-20,1.097,134.1,1.2448,1.3459,0.8944
2023-04-21,1.0973,134.28,1.2419,1.3534,0.8926
2023-04-24,1.1027,134.41,1.2457,1.3543,0.8887
2023-04-25,1.0968,133.96,1.2398,1.3627,0.8925
2023-04-26,1.1052,133.72,1.2486,1.3601,0.8901
2023-04-27,1.1017,134.04,1.2471,1.3611,0.8957
2023-04-28,1.104,135.99,1.2582,1.3552,0.8911
2023-05-01,1.097,137.35,1.2495,1.3541,0.8961
2023-05-02,1.0997,136.46,1.2475,1.3627,0.8931
2023-05-03,1.1049,135.31,1.2547,1.361,0.8871
2023-05-04,1.1009,133.76,1.258,1.357,0.8861
2023-05-05,1.1026,134.85,1.265,1.3419,0.8913
2023-05-08,1.102,134.83,1.2633,1.3356,0.8894
2023-05-09,1.0953,135.15,1.2618,1.3399,0.8916
2023-05-10,1.0966,134.52,1.2614,1.3374,0.8911
2023-05-11,1.0916,134.46,1.2501,1.3487,0.8953
2023-05-12,1.0856,135.63,1.2464,1.354,0.8971
2023-05-15,1.0874,136.07,1.2526,1.3482,0.8949
2023-05-16,1.0866,136.62,1.2494,1.3456,0.8965
2023-05-17,1.083,137.51,1.2475,1.3483,0.8992
2023-05-18,1.0776,138.5,1.2424,1.3502,0.9046
2023-05-19,1.0819,137.67,1.2464,1.3508,0.8989
2023-05-22,1.0806,138.65,1.2425,1.3508,0.8991
2023-05-23,1.0771,138.74,1.2423,1.3485,0.9014
2023-05-24,1.0758,139.14,1.2368,1.3589,0.9058
2023-05-25,1.0725,139.81,1.2325,1.3636,0.906
2023-05-26,1.0713,140.53,1.2342,1.3625,0.906
2023-05-30,1.0722,139.83,1.2403,1.3593,0.9048
2023-05-31,1.0654,139.78,1.2396,1.3588,0.9129
2023-06-01,1.0752,138.74,1.2536,1.3441,0.9077
2023-06-02,1.0724,139.76,1.2468,1.3438,0.9075
2023-06-05,1.0721,139.64,1.244,1.3419,0.9058
2023-06-06,1.0695,139.67,1.2418,1.3403,0.9076
2023-06-07,1.0702,139.98,1.2451,1.3363,0.9089
2023-06-08,1.078,138.83,1.2547,1.338,0.9003
2023-06-09,1.0749,139.35,1.2579,1.3342,0.9026
2023-06-12,1.0747,139.72,1.2489,1.3377,0.9099
2023-06-13,1.0792,140.0,1.2611,1.3298,0.9053
2023-06-14,1.0859,139.33,1.2696,1.3283,0.8972
2023-06-15,1.0933,140.49,1.2762,1.3237,0.8927
2023-06-16,1.0925,141.82,1.2815,1.3194,0.8943
2023-06-20,1.09,141.46,1.2732,1.3246,0.8993
2023-06-21,1.0951,142.09,1.2737,1.3179,0.895
2023-06-22,1.0953,142.89,1.275,1.3164,0.8967
2023-06-23,1.0887,143.78,1.2701,1.3196,0.8979
2023-06-26,1.091,143.55,1.2724,1.3145,0.8946
2023-06-27,1.0961,144.0,1.2752,1.3175,0.8941
2023-06-28,1.0904,144.23,1.2637,1.3249,0.8975
2023-06-29,1.0881,144.72,1.2617,1.3246,0.8984
2023-06-30,1.092,144.47,1.2709,1.3232,0.8947
2023-07-03,1.0919,144.5,1.2695,1.3243,0.8956
2023-07-05,1.0868,144.56,1.271,1.3271,0.898
2023-07-06,1.0873,144.09,1.2721,1.3353,0.8965
2023-07-07,1.0964,142.21,1.2838,1.3284,0.8887
2023-07-10,1.0991,141.56,1.2837,1.3281,0.8869
2023-07-11,1.0992,140.51,1.2901,1.3249,0.8805
2023-07-12,1.1123,138.21,1.2993,1.3179,0.8676
2023-07-13,1.1194,138.14,1.3097,1.3126,0.8595
2023-07-14,1.1237,138.74,1.3113,1.3204,0.8616
2023-07-17,1.1236,138.92,1.3078,1.3173,0.8602
2023-07-18,1.1223,138.94,1.3054,1.3175,0.8582
2023-07-19,1.1195,139.76,1.2898,1.3158,0.8598
2023-07-20,1.1135,140.39,1.2849,1.3182,0.8671
2023-07-21,1.112,141.75,1.2854,1.3217,0.8658
2023-07-24,1.1083,141.19,1.2828,1.3154,0.8664
2023-07-25,1.105,140.91,1.2876,1.3179,0.8644
2023-07-26,1.1078,140.41,1.293,1.3218,0.8625
2023-07-27,1.0998,141.03,1.287,1.3194,0.8686
2023-07-28,1.1039,140.72,1.287,1.3225,0.8687
2023-07-31,1.102,142.18,1.2857,1.316,0.8688
2023-08-01,1.0971,143.34,1.275,1.3289,0.8763
2023-08-02,1.0939,143.21,1.2712,1.3334,0.8779
2023-08-03,1.0947,142.42,1.2709,1.334,0.8742
2023-08-04,1.1036,141.79,1.2775,1.3337,0.8713
2023-08-07,1.1,142.45,1.2769,1.3372,0.8742
2023-08-08,1.0951,143.17,1.2729,1.3454,0.8757
2023-08-09,1.0975,143.58,1.2715,1.3442,0.877
2023-08-10,1.1016,144.4,1.2726,1.3401,0.8736
2023-08-11,1.0957,144.94,1.2694,1.3437,0.8765
2023-08-14,1.0922,145.3,1.2691,1.3451,0.8775
2023-08-15,1.0928,145.4,1.2745,1.3472,0.8769
2023-08-16,1.0904,145.81,1.2749,1.3516,0.8786
2023-08-17,1.0874,146.16,1.2753,1.3522,0.8792
2023-08-18,1.0875,145.15,1.2738,1.3557,0.8817
2023-08-21,1.0888,146.26,1.2737,1.3563,0.8799
2023-08-22,1.0846,145.79,1.2733,1.3547,0.88
2023-08-23,1.0862,144.62,1.2715,1.3542,0.8785
2023-08-24,1.0826,145.75,1.2634,1.3562,0.8825
2023-08-25,1.0787,146.38,1.257,1.3626,0.886
2023-08-28,1.081,146.4,1.2592,1.3596,0.8832
2023-08-29,1.0851,146.01,1.2614,1.3589,0.8798
2023-08-30,1.0926,145.94,1.2726,1.3515,0.8772
2023-08-31,1.0839,145.68,1.2667,1.3539,0.8837
2023-09-01,1.0787,146.2,1.2594,1.3582,0.8857
2023-09-05,1.0727,147.63,1.2583,1.3607,0.8888
2023-09-06,1.0714,147.65,1.2498,1.3655,0.8924
2023-09-07,1.0704,147.13,1.2485,1.3678,0.8927
2023-09-08,1.0709,147.7,1.2476,1.3621,0.8927
2023-09-11,1.0744,146.46,1.2529,1.3581,0.891
2023-09-12,1.0726,147.12,1.2477,1.3553,0.8913
2023-09-13,1.0737,147.45,1.2488,1.3533,0.8925
2023-09-14,1.066,147.17,1.241,1.3513,0.8949
2023-09-15,1.0673,147.83,1.2392,1.3504,0.896
2023-09-18,1.0695,147.63,1.2403,1.3482,0.8964
2023-09-19,1.0684,147.8,1.2393,1.3431,0.8979
2023-09-20,1.0715,147.74,1.2389,1.3424,0.8953
2023-09-21,1.0664,147.42,1.2299,1.3484,0.9033
2023-09-22,1.066,148.24,1.2257,1.3467,0.9064
2023-09-25,1.0591,148.74,1.2218,1.3473,0.912
2023-09-26,1.0573,148.9,1.2168,1.3509,0.9144
2023-09-27,1.051,149.48,1.2133,1.3512,0.9198
2023-09-28,1.0578,149.18,1.2223,1.3474,0.915
2023-09-29,1.0584,149.43,1.2214,1.3535,0.9141
2023-10-02,1.05,149.8,1.213,1.3666,0.9176
2023-10-03,1.0453,149.16,1.2069,1.372,0.9226
2023-10-04,1.0518,148.83,1.2157,1.3739,0.916
2023-10-05,1.0527,148.49,1.2171,1.3736,0.9141
2023-10-06,1.0596,149.08,1.2255,1.3657,0.9082
2023-10-10,1.0618,148.62,1.2288,1.3579,0.9039
2023-10-11,1.062,149.17,1.2304,1.3617,0.9025
2023-10-12,1.0553,149.71,1.2214,1.3656,0.9064
2023-10-13,1.0502,149.62,1.2139,1.365,0.9018
2023-10-16,1.0546,149.57,1.2198,1.3615,0.9007
2023-10-17,1.0593,149.71,1.2206,1.3622,0.8995
2023-10-18,1.0532,149.86,1.215,1.3696,0.8985
2023-10-19,1.057,149.92,1.2145,1.3716,0.8956
2023-10-20,1.0592,149.85,1.2153,1.3692,0.8918
2023-10-23,1.0646,149.78,1.2235,1.3676,0.8919
2023-10-24,1.0595,149.84,1.217,1.3744,0.8935
2023-10-25,1.0583,149.94,1.214,1.3772,0.8951
2023-10-26,1.0532,150.44,1.2113,1.383,0.8995
2023-10-27,1.0592,149.6,1.2151,1.3866,0.9021
2023-10-30,1.062,149.01,1.2157,1.3829,0.9017
2023-10-31,1.0568,151.46,1.2135,1.3878,0.91
2023-11-01,1.0538,150.96,1.2127,1.3879,0.9103
2023-11-02,1.0618,150.48,1.2175,1.3788,0.9061
2023-11-03,1.0733,149.36,1.2374,1.3671,0.8984
2023-11-06,1.0747,149.77,1.2391,1.3662,0.8969
2023-11-07,1.0687,150.47,1.2296,1.3769,0.9005
2023-11-08,1.0715,150.77,1.2301,1.3798,0.898
2023-11-09,1.071,151.04,1.2279,1.3766,0.8996
2023-11-13,1.07,151.56,1.2268,1.3781,0.9014
2023-11-14,1.0861,150.75,1.2483,1.3711,0.8905
2023-11-15,1.0853,151.07,1.2431,1.3665,0.8872
2023-11-16,1.0851,150.59,1.2423,1.3774,0.8882
2023-11-17,1.0879,149.82,1.243,1.374,0.887
2023-11-20,1.0945,148.26,1.2505,1.372,0.8841
2023-11-21,1.0923,147.88,1.254,1.369,0.8831
2023-11-22,1.0871,149.67,1.2468,1.3733,0.8853
2023-11-24,1.0934,149.57,1.2601,1.3608,0.8818
2023-11-27,1.0937,148.89,1.2613,1.3633,0.8811
2023-11-28,1.1007,147.41,1.2713,1.3562,0.8763
2023-11-29,1.0969,147.39,1.269,1.3596,0.8752
2023-11-30,1.0908,147.87,1.264,1.3587,0.8725
2023-12-01,1.0878,147.0,1.2682,1.3495,0.8706
2023-12-04,1.0824,147.15,1.2633,1.3537,0.873
2023-12-05,1.0787,147.26,1.259,1.3577,0.876
2023-12-06,1.079,147.16,1.2589,1.358,0.8741
2023-12-07,1.0794,144.1,1.2582,1.3594,0.8758
2023-12-08,1.0746,144.88,1.2539,1.3595,0.881
2023-12-11,1.0747,146.41,1.255,1.3568,0.8795
2023-12-12,1.079,145.45,1.2549,1.3611,0.8757
2023-12-13,1.0793,145.17,1.2527,1.357,0.8761
2023-12-14,1.0997,141.53,1.2767,1.3404,0.8639
2023-12-15,1.0906,141.8,1.2709,1.3374,0.8688
2023-12-18,1.092,143.04,1.2632,1.3391,0.8682
2023-12-19,1.0977,143.62,1.2751,1.334,0.8609
2023-12-20,1.0957,143.77,1.266,1.3322,0.8615
2023-12-21,1.099,142.16,1.2668,1.3294,0.8577
2023-12-22,1.1008,142.6,1.272,1.3259,0.8564
2023-12-26,1.1035,142.48,1.2709,1.3208,0.8552
2023-12-27,1.1114,142.05,1.2797,1.3201,0.8417
2023-12-28,1.1073,141.08,1.2743,1.3202,0.8396
2023-12-29,1.1062,140.92,1.2743,1.3202,0.8405
2024-01-02,1.0957,141.89,1.2632,1.331,0.8483
2024-01-03,1.0909,143.55,1.2641,1.3358,0.8523
2024-01-04,1.0957,144.59,1.2692,1.3355,0.8503
2024-01-05,1.0957,144.52,1.274,1.3331,0.8486
2024-01-08,1.0976,143.89,1.2766,1.3361,0.8466
2024-01-09,1.0935,144.35,1.272,1.3384,0.8515
2024-01-10,1.096,145.68,1.273,1.3379,0.8514
2024-01-11,1.0943,146.03,1.2712,1.3439,0.8556
2024-01-12,1.0959,144.86,1.2746,1.3399,0.8523
2024-01-16,1.0882,147.01,1.2657,1.3472,0.8604
2024-01-17,1.0858,148.39,1.2666,1.3523,0.8667
2024-01-18,1.0863,148.15,1.2687,1.3503,0.8685
2024-01-19,1.0887,148.21,1.2677,1.3467,0.8694
2024-01-22,1.0895,147.95,1.2728,1.3454,0.8686
2024-01-23,1.0829,148.55,1.2661,1.3486,0.8718
2024-01-24,1.0901,147.31,1.2754,1.3479,0.8631
2024-01-25,1.0837,147.69,1.27,1.3489,0.8674
2024-01-26,1.0866,147.94,1.272,1.3456,0.8635
2024-01-29,1.0807,147.65,1.2681,1.3439,0.864
2024-01-30,1.0844,147.71,1.2683,1.3409,0.8624
2024-01-31,1.0855,146.26,1.2733,1.3384,0.8587
2024-02-01,1.0865,146.18,1.2727,1.338,0.8579
2024-02-02,1.0787,148.54,1.2627,1.3458,0.8676
2024-02-05,1.0736,148.79,1.2532,1.3533,0.8711
2024-02-06,1.0751,148.03,1.2589,1.3499,0.8702
2024-02-07,1.0769,148.04,1.2629,1.347,0.8731
2024-02-08,1.0774,149.25,1.262,1.3463,0.8736
2024-02-09,1.0782,149.38,1.2628,1.3478,0.875
2024-02-12,1.0774,149.37,1.2631,1.3437,0.8759
2024-02-13,1.072,150.72,1.2606,1.3563,0.8863
2024-02-14,1.0735,150.5,1.2562,1.355,0.8852
2024-02-15,1.0761,150.19,1.258,1.3493,0.8808
2024-02-16,1.0769,150.34,1.259,1.3483,0.8813
2024-02-20,1.0814,149.87,1.2645,1.3517,0.8807
2024-02-21,1.0818,150.29,1.2624,1.3504,0.8799
2024-02-22,1.0815,150.62,1.2649,1.3496,0.8816
2024-02-23,1.0828,150.36,1.2678,1.3502,0.8804
2024-02-26,1.0855,150.79,1.2681,1.3513,0.8801
2024-02-27,1.0857,150.46,1.2693,1.3522,0.8792
2024-02-28,1.0843,150.68,1.267,1.357,0.8786
2024-02-29,1.0807,149.9,1.2632,1.3568,0.8833
2024-03-01,1.0832,150.2,1.2652,1.3553,0.8844
2024-03-04,1.0862,150.44,1.2701,1.3563,0.8841
2024-03-05,1.0861,150.14,1.2712,1.3579,0.8837
2024-03-06,1.0913,149.17,1.2757,1.3509,0.8812
2024-03-07,1.0941,148.08,1.2796,1.3466,0.8781
2024-03-08,1.0941,147.17,1.2852,1.3468,0.8766
2024-03-11,1.0928,146.86,1.2807,1.3485,0.8783
2024-03-12,1.0918,147.69,1.2786,1.3495,0.8782
2024-03-13,1.0944,147.73,1.2799,1.347,0.878
2024-03-14,1.0888,148.19,1.2749,1.3516,0.8834
2024-03-15,1.0888,149.14,1.2742,1.353,0.8837
2024-03-18,1.0886,149.13,1.2736,1.354,0.8862
2024-03-19,1.0859,150.73,1.2713,1.3578,0.8882
2024-03-20,1.0856,151.66,1.2713,1.3562,0.8911
2024-03-21,1.0861,151.59,1.267,1.3536,0.8993
2024-03-22,1.0817,151.35,1.2603,1.3594,0.8983
2024-03-25,1.0837,151.42,1.2648,1.3579,0.8983
2024-03-26,1.0829,151.58,1.263,1.3568,0.9027
2024-03-27,1.0821,151.35,1.2631,1.3586,0.9056
2024-03-28,1.0801,151.35,1.2634,1.353,0.9006
2024-03-29,1.0791,151.22,1.2637,1.354,0.9015
2024-04-01,1.0733,151.72,1.2545,1.3579,0.9055
2024-04-02,1.0769,151.55,1.2576,1.357,0.9071
2024-04-03,1.0827,151.67,1.2635,1.3521,0.9038
2024-04-04,1.0865,151.66,1.2669,1.3493,0.9049
2024-04-05,1.0841,151.59,1.2633,1.358,0.9005
2024-04-08,1.0853,151.78,1.2655,1.3583,0.9051
2024-04-09,1.0856,151.73,1.2676,1.3583,0.9032
2024-04-10,1.0737,152.9,1.2544,1.3688,0.9127
2024-04-11,1.0722,153.19,1.2535,1.3705,0.9107
2024-04-12,1.0647,153.12,1.2457,1.3756,0.912
2024-04-15,1.0644,154.25,1.2466,1.3751,0.9137
2024-04-16,1.0628,154.57,1.2437,1.3824,0.9128
2024-04-17,1.0644,154.61,1.2443,1.3804,0.9121
2024-04-18,1.066,154.61,1.2465,1.3755,0.9115
2024-04-19,1.0655,154.55,1.2397,1.3742,0.9092
2024-04-22,1.0655,154.77,1.2341,1.3721,0.9119
2024-04-23,1.0695,154.81,1.2434,1.3676,0.9117
2024-04-24,1.0687,155.11,1.2434,1.3721,0.9141
2024-04-25,1.0721,155.52,1.2494,1.3691,0.9134
2024-04-26,1.0686,157.62,1.2474,1.3678,0.9142
2024-04-29,1.0717,156.71,1.2553,1.3649,0.9108
2024-04-30,1.0684,157.54,1.2514,1.3748,0.9174
2024-05-01,1.068,157.65,1.2488,1.376,0.9195
2024-05-02,1.0706,153.77,1.2507,1.3696,0.9119
2024-05-03,1.077,152.85,1.255,1.3683,0.9047
2024-05-06,1.0779,153.85,1.2575,1.3655,0.9052
2024-05-07,1.0767,154.59,1.2535,1.3712,0.9072
2024-05-08,1.0755,155.42,1.2503,1.3719,0.9076
2024-05-09,1.0771,155.68,1.2505,1.369,0.9072
2024-05-10,1.0773,155.85,1.2528,1.3663,0.9063
2024-05-13,1.0796,156.17,1.2563,1.3675,0.9075
2024-05-14,1.0818,156.5,1.2588,1.365,0.9067
2024-05-15,1.086,155.02,1.2658,1.3612,0.9041
2024-05-16,1.0875,155.25,1.2682,1.3606,0.9044
2024-05-17,1.0869,155.57,1.2703,1.3615,0.9079
2024-05-20,1.0861,156.09,1.2708,1.3611,0.9097
2024-05-21,1.0855,156.08,1.271,1.3644,0.9108
2024-05-22,1.0836,156.49,1.2739,1.3667,0.914
2024-05-23,1.0827,157.05,1.2717,1.3696,0.9144
2024-05-24,1.0852,156.9,1.2746,1.3665,0.9143
2024-05-28,1.0879,156.9,1.2786,1.363,0.9106
2024-05-29,1.0811,157.62,1.2714,1.3702,0.9135
2024-05-30,1.0837,156.63,1.2739,1.3668,0.9036
2024-05-31,1.0846,157.19,1.2738,1.3646,0.9034
2024-06-03,1.089,156.04,1.2795,1.3626,0.8954
2024-06-04,1.0878,154.87,1.2785,1.3684,0.8904
2024-06-05,1.0865,156.21,1.2771,1.3705,0.894
2024-06-06,1.0883,155.98,1.2786,1.3684,0.8917
2024-06-07,1.0807,156.58,1.2727,1.3747,0.896
2024-06-10,1.0751,156.93,1.2733,1.3755,0.8968
2024-06-11,1.0733,157.32,1.2725,1.3764,0.8987
2024-06-12,1.0843,155.88,1.2843,1.369,0.8918
2024-06-13,1.0756,156.77,1.2764,1.3746,0.8935
2024-06-14,1.0699,157.28,1.2685,1.3735,0.8907
2024-06-17,1.0723,157.8,1.2689,1.3752,0.8914
2024-06-18,1.0739,157.81,1.2699,1.3723,0.8842
2024-06-20,1.0708,158.77,1.2671,1.3703,0.8912
2024-06-21,1.0694,159.45,1.2645,1.3698,0.8938
2024-06-24,1.0727,159.71,1.2684,1.3658,0.8939
2024-06-25,1.0705,159.68,1.2677,1.3658,0.8944
2024-06-26,1.0682,160.68,1.2625,1.3697,0.8973
2024-06-27,1.0708,160.7,1.2653,1.3693,0.898
2024-06-28,1.0711,160.88,1.264,1.3684,0.8992
2024-07-01,1.0728,161.55,1.265,1.3742,0.9039
2024-07-02,1.0737,161.53,1.2679,1.3691,0.9046
2024-07-03,1.0799,161.48,1.2766,1.3624,0.9007
2024-07-05,1.0828,160.73,1.2807,1.3631,0.8976
2024-07-08,1.0835,160.77,1.2829,1.3637,0.8971
2024-07-09,1.0813,161.4,1.2787,1.3636,0.8978
2024-07-10,1.0823,161.73,1.2842,1.3608,0.8992
2024-07-11,1.087,158.58,1.292,1.3619,0.8939
2024-07-12,1.0902,157.88,1.2986,1.3627,0.8942
2024-07-15,1.0912,157.89,1.2986,1.3662,0.8949
2024-07-16,1.0885,158.57,1.2958,1.3686,0.8953
2024-07-17,1.0933,156.56,1.3008,1.3683,0.8846
2024-07-18,1.0913,156.97,1.2973,1.3695,0.8858
2024-07-19,1.0888,157.38,1.2922,1.3723,0.8884
2024-07-22,1.088,157.08,1.2911,1.3756,0.89
2024-07-23,1.0855,156.02,1.2916,1.3763,0.8915
2024-07-24,1.0853,153.39,1.2925,1.3783,0.8838
2024-07-25,1.0861,153.97,1.2884,1.3809,0.8802
2024-07-26,1.0859,153.86,1.2864,1.3832,0.8826
2024-07-29,1.0819,153.96,1.2853,1.3853,0.886
2024-07-30,1.0809,153.72,1.2828,1.3848,0.8852
2024-07-31,1.0823,150.38,1.284,1.3806,0.8797
2024-08-01,1.0789,150.06,1.2772,1.3845,0.8744
2024-08-02,1.0914,146.98,1.2798,1.3846,0.8605
2024-08-05,1.0957,143.95,1.2765,1.382,0.8528
2024-08-06,1.0926,145.11,1.2695,1.3791,0.8533
2024-08-07,1.0925,147.42,1.2718,1.3729,0.8652
2024-08-08,1.0914,147.08,1.2741,1.3742,0.8656
2024-08-09,1.0925,146.49,1.2766,1.3725,0.8639
2024-08-12,1.0928,147.54,1.2776,1.3741,0.8673
2024-08-13,1.0954,146.97,1.2828,1.3723,0.8654
2024-08-14,1.1024,146.86,1.2849,1.3696,0.8638
2024-08-15,1.0986,148.91,1.2863,1.3701,0.8712
2024-08-16,1.0996,148.13,1.2906,1.3705,0.8685
2024-08-19,1.107,146.42,1.2984,1.3659,0.8629
2024-08-20,1.1106,145.7,1.3027,1.3631,0.8576
2024-08-21,1.1143,145.19,1.3077,1.3583,0.8515
2024-08-22,1.1114,145.97,1.3094,1.3605,0.8518
2024-08-23,1.1176,144.86,1.3197,1.3514,0.8492
2024-08-26,1.1164,144.51,1.3185,1.3485,0.8479
2024-08-27,1.116,144.26,1.3235,1.3454,0.8439
2024-08-28,1.1127,144.47,1.3201,1.3462,0.842
2024-08-29,1.1086,144.98,1.3186,1.346,0.8466
2024-08-30,1.106,145.95,1.3132,1.3493,0.8493
2024-09-03,1.1043,145.82,1.3103,1.3543,0.8503
2024-09-04,1.1081,144.31,1.3142,1.3519,0.8482
2024-09-05,1.1096,143.43,1.3165,1.3515,0.8453
2024-09-06,1.1086,142.13,1.3136,1.3561,0.8428
2024-09-09,1.1042,142.92,1.3083,1.356,0.848
2024-09-10,1.1025,142.28,1.3065,1.3607,0.8459
2024-09-11,1.1012,141.72,1.3027,1.3595,0.8505
2024-09-12,1.1041,142.24,1.3081,1.3595,0.8527
2024-09-13,1.1085,140.66,1.314,1.3581,0.8479
2024-09-16,1.1123,140.79,1.3202,1.3599,0.8453
2024-09-17,1.1118,141.77,1.3164,1.3598,0.847
2024-09-18,1.1116,141.93,1.3199,1.3607,0.8459
2024-09-19,1.1147,142.88,1.3279,1.356,0.8478
2024-09-20,1.1159,143.9,1.3305,1.3565,0.8496
2024-09-23,1.113,143.59,1.3351,1.3502,0.8475
2024-09-24,1.115,143.77,1.3376,1.347,0.8459
2024-09-25,1.1143,144.41,1.3338,1.3466,0.8495
2024-09-26,1.1184,144.68,1.3428,1.3466,0.8463
2024-09-27,1.1159,142.6,1.3394,1.3504,0.8424
2024-09-30,1.1145,143.25,1.3399,1.3511,0.8444
2024-10-01,1.1067,143.66,1.3282,1.3492,0.8458
2024-10-02,1.105,146.05,1.3271,1.3485,0.8495
2024-10-03,1.1015,146.82,1.3114,1.3533,0.854
2024-10-04,1.0961,148.69,1.3107,1.3578,0.8589
2024-10-07,1.0976,148.13,1.308,1.3608,0.8555
2024-10-08,1.097,148.22,1.3093,1.3662,0.8576
2024-10-09,1.0951,149.2,1.308,1.3682,0.8595
2024-10-10,1.0925,148.56,1.3053,1.3752,0.8573
2024-10-11,1.0942,149.12,1.307,1.3768,0.8574
2024-10-15,1.0899,149.22,1.3083,1.3803,0.8621
2024-10-16,1.0873,149.71,1.3,1.3772,0.8642
2024-10-17,1.0837,150.12,1.3008,1.3791,0.8654
2024-10-18,1.0854,149.58,1.3022,1.3804,0.8659
2024-10-21,1.082,150.47,1.298,1.3847,0.8658
2024-10-22,1.0805,151.11,1.2969,1.383,0.8654
2024-10-23,1.0779,152.81,1.2944,1.3838,0.8665
2024-10-24,1.0806,151.87,1.2964,1.3858,0.8668
2024-10-25,1.0813,152.08,1.2978,1.3882,0.8664
2024-10-28,1.0819,153.21,1.2981,1.3903,0.8659
2024-10-29,1.0798,153.47,1.3005,1.3909,0.8684
2024-10-30,1.0864,153.15,1.3012,1.3911,0.8664
2024-10-31,1.0855,152.35,1.2856,1.3939,0.8648
2024-11-01,1.0848,152.94,1.2959,1.3925,0.8704
2024-11-04,1.0884,152.02,1.2942,1.3898,0.8632
2024-11-05,1.092,151.96,1.3015,1.385,0.8635
2024-11-06,1.0732,154.58,1.2897,1.3929,0.8761
2024-11-07,1.0792,153.13,1.2985,1.3866,0.8724
2024-11-08,1.071,152.58,1.2905,1.3921,0.8755
2024-11-12,1.0598,154.73,1.2733,1.3956,0.8827
2024-11-13,1.0567,155.28,1.2709,1.3985,0.885
2024-11-14,1.0562,155.96,1.2706,1.4025,0.8878
2024-11-15,1.0552,154.59,1.2629,1.4076,0.8878
2024-11-18,1.0586,154.78,1.2664,1.4028,0.885
2024-11-19,1.0578,154.34,1.2667,1.3981,0.8824
2024-11-20,1.0521,155.38,1.2639,1.3995,0.8855
2024-11-21,1.0475,154.66,1.2586,1.396,0.8866
2024-11-22,1.0399,154.73,1.2516,1.3985,0.8946
2024-11-25,1.0478,154.29,1.2554,1.4003,0.8874
2024-11-26,1.0481,153.49,1.2547,1.4058,0.8876
2024-11-27,1.0575,150.69,1.2678,1.4028,0.8806
2024-11-29,1.0547,150.41,1.2699,1.4014,0.8822
2024-12-02,1.0484,149.26,1.2639,1.4069,0.8866
2024-12-03,1.0518,149.12,1.2677,1.4065,0.8852
2024-12-04,1.0527,150.18,1.2712,1.4069,0.8835
2024-12-05,1.0571,150.19,1.2754,1.4035,0.8794
2024-12-06,1.0563,149.78,1.2744,1.4144,0.8776
2024-12-09,1.057,151.24,1.2783,1.412,0.8774
2024-12-10,1.0512,152.05,1.2758,1.416,0.8823
2024-12-11,1.0508,152.34,1.2763,1.4126,0.883
2024-12-12,1.0514,152.07,1.2715,1.4179,0.8879
2024-12-13,1.0498,153.74,1.2629,1.424,0.8929
2024-12-16,1.0512,154.18,1.269,1.423,0.8934
2024-12-17,1.0506,153.41,1.2718,1.4312,0.893
2024-12-18,1.0469,154.0,1.2696,1.4335,0.8937
2024-12-19,1.0357,157.73,1.253,1.4366,0.8994
2024-12-20,1.043,156.11,1.2587,1.4354,0.8928
2024-12-23,1.0409,157.04,1.2529,1.439,0.8991
2024-12-24,1.0388,157.29,1.2528,1.4383,0.9009
2024-12-26,1.0423,158.01,1.2522,1.4404,0.9
2024-12-27,1.0423,157.73,1.2573,1.4433,0.9018
2024-12-30,1.0386,157.26,1.2523,1.4374,0.9066
2024-12-31,1.0351,157.37,1.2521,1.44,0.9068
2025-01-02,1.0261,157.65,1.2376,1.4422,0.9124
2025-01-03,1.0292,157.2,1.2419,1.4455,0.9096
2025-01-06,1.0397,157.54,1.253,1.4359,0.9043
2025-01-07,1.0369,157.82,1.2499,1.4341,0.9076
2025-01-08,1.0313,158.31,1.2366,1.4375,0.9107
2025-01-09,1.0298,158.01,1.2303,1.4394,0.9124
2025-01-10,1.0238,157.68,1.2215,1.4437,0.9172
2025-01-13,1.0209,157.51,1.2158,1.4411,0.9192
2025-01-14,1.0292,157.95,1.2188,1.4369,0.9139
2025-01-15,1.0282,156.6,1.2214,1.434,0.9129
2025-01-16,1.0303,155.44,1.2246,1.4377,0.911
2025-01-17,1.0287,156.3,1.2181,1.442,0.9148
2025-01-21,1.0423,155.49,1.2331,1.4328,0.9069
2025-01-22,1.042,156.62,1.2324,1.4361,0.907
2025-01-23,1.042,156.0,1.2347,1.4359,0.9072
2025-01-24,1.0515,155.58,1.2496,1.4331,0.9044
2025-01-27,1.0492,154.22,1.2479,1.4388,0.9006
2025-01-28,1.0427,155.65,1.2433,1.4392,0.9051
2025-01-29,1.0416,155.22,1.2435,1.4432,0.9077
2025-01-30,1.042,154.42,1.2453,1.4411,0.9085
2025-01-31,1.04,154.91,1.2447,1.4459,0.9088
2025-02-03,1.0277,154.68,1.2389,1.4601,0.9139
2025-02-04,1.0379,154.56,1.2487,1.4318,0.9058
2025-02-05,1.0419,152.33,1.2516,1.428,0.9009
2025-02-06,1.0368,152.04,1.2435,1.4314,0.9055
2025-02-07,1.0329,151.3,1.2396,1.4311,0.9101
2025-02-10,1.0312,151.72,1.2385,1.4317,0.911
2025-02-11,1.0346,152.37,1.2423,1.4308,0.9133
2025-02-12,1.0392,154.62,1.2444,1.4288,0.913
2025-02-13,1.0428,153.18,1.2528,1.423,0.9048
2025-02-14,1.0498,152.25,1.2609,1.417,0.8983
2025-02-18,1.0457,151.79,1.2614,1.4189,0.9023
2025-02-19,1.0406,151.67,1.2571,1.4235,0.9054
2025-02-20,1.0475,149.63,1.2643,1.4195,0.8993
2025-02-21,1.0455,149.49,1.2647,1.4196,0.899
2025-02-24,1.0478,149.57,1.264,1.4224,0.8966
2025-02-25,1.0498,149.09,1.2652,1.43,0.8928
2025-02-26,1.0514,149.13,1.2696,1.4346,0.8931
2025-02-27,1.0414,149.8,1.2628,1.4419,0.8981
2025-02-28,1.0402,150.64,1.2591,1.4433,0.9019
2025-03-03,1.0496,150.16,1.2711,1.4399,0.8972
2025-03-04,1.0534,148.81,1.2726,1.4515,0.89
2025-03-05,1.0768,148.82,1.2864,1.4375,0.89
2025-03-06,1.0818,147.9,1.2894,1.4282,0.8841
2025-03-07,1.0859,147.13,1.2918,1.4385,0.8774
2025-03-10,1.0837,147.15,1.2909,1.4431,0.8813
2025-03-11,1.0927,147.48,1.2948,1.4462,0.88
2025-03-12,1.0925,148.32,1.297,1.4397,0.8827
2025-03-13,1.0859,147.71,1.2945,1.4398,0.8849
2025-03-14,1.0872,148.51,1.2917,1.4377,0.8855
2025-03-17,1.0922,148.56,1.2988,1.4298,0.8812
2025-03-18,1.0927,149.49,1.2987,1.4312,0.8773
2025-03-19,1.0877,150.02,1.2969,1.4328,0.88
2025-03-20,1.0848,148.84,1.2973,1.4326,0.8826
2025-03-21,1.0806,148.98,1.2896,1.4356,0.8834
2025-03-24,1.0794,150.74,1.2913,1.4292,0.8842
2025-03-25,1.0804,149.77,1.2948,1.4307,0.8819
2025-03-26,1.0781,150.69,1.2889,1.4254,0.8839
2025-03-27,1.08,150.97,1.2963,1.4316,0.8818
2025-03-28,1.0826,150.26,1.2942,1.4282,0.8809
2025-03-31,1.0796,149.9,1.2896,1.4379,0.8843
2025-04-01,1.08,149.4,1.2923,1.4316,0.8827
2025-04-02,1.0868,149.98,1.2974,1.431,0.8819
2025-04-03,1.1052,146.04,1.3113,1.4062,0.859
2025-04-04,1.1014,145.93,1.2927,1.4194,0.8547
2025-04-07,1.0912,147.96,1.2729,1.4224,0.8597
2025-04-08,1.0912,147.02,1.2769,1.4199,0.856
2025-04-09,1.104,145.09,1.2771,1.4187,0.8413
2025-04-10,1.1192,144.34,1.294,1.401,0.8283
2025-04-11,1.1325,143.57,1.3051,1.3895,0.8153
2025-04-14,1.1358,142.96,1.3176,1.3892,0.8139
2025-04-15,1.129,143.1,1.3223,1.3944,0.8209
2025-04-16,1.1382,142.56,1.3247,1.3882,0.8142
2025-04-17,1.1364,142.33,1.3259,1.3856,0.8203
2025-04-18,1.139,142.22,1.3279,1.3846,0.8174
2025-04-21,1.1508,140.81,1.3385,1.3818,0.8069
2025-04-22,1.1466,140.87,1.3376,1.3798,0.815
2025-04-23,1.135,142.64,1.3256,1.3894,0.8271
2025-04-24,1.1363,142.64,1.3309,1.3889,0.8271
2025-04-25,1.1381,143.75,1.3331,1.3858,0.8285
2025-04-28,1.1387,142.7,1.3395,1.3857,0.8254
2025-04-29,1.1396,142.29,1.3397,1.3853,0.8241
2025-04-30,1.1349,142.63,1.3344,1.3807,0.8227
2025-05-01,1.1279,145.48,1.3273,1.3847,0.8321
2025-05-02,1.133,144.52,1.3283,1.379,0.8262
2025-05-05,1.1315,143.98,1.3284,1.381,0.8239
2025-05-06,1.1345,142.76,1.3369,1.3774,0.8242
2025-05-07,1.1348,143.47,1.3344,1.3773,0.8215
2025-05-08,1.1249,145.46,1.3287,1.3914,0.8291
2025-05-09,1.127,145.15,1.3318,1.3925,0.8298
2025-05-12,1.1106,148.09,1.3194,1.4003,0.8427
2025-05-13,1.1176,147.75,1.328,1.3958,0.8412
2025-05-14,1.1206,146.54,1.3303,1.3963,0.8397
2025-05-15,1.1189,145.61,1.3292,1.3989,0.8359
2025-05-16,1.1141,146.02,1.3257,1.3991,0.8396
2025-05-19,1.1236,144.99,1.3357,1.3944,0.8342
2025-05-20,1.1254,144.72,1.3371,1.3941,0.8321
2025-05-21,1.1343,143.68,1.3447,1.3822,0.8251
2025-05-22,1.1281,143.89,1.3426,1.3856,0.8291
2025-05-23,1.135,142.61,1.3511,1.3755,0.8214
2025-05-27,1.1326,144.37,1.3505,1.3776,0.8278
2025-05-28,1.1286,145.04,1.3462,1.3819,0.8276
2025-05-29,1.137,144.09,1.3489,1.3809,0.8227
2025-05-30,1.1347,144.18,1.3468,1.3747,0.8229
2025-06-02,1.1432,142.76,1.3549,1.3699,0.8173
2025-06-03,1.1373,143.93,1.352,1.3722,0.8242
2025-06-04,1.1424,142.91,1.357,1.3668,0.8183
2025-06-05,1.144,143.87,1.3584,1.3667,0.821
2025-06-06,1.1397,144.87,1.3532,1.3686,0.822
2025-06-09,1.1425,144.37,1.3563,1.3675,0.8205
2025-06-10,1.1423,144.91,1.3508,1.3683,0.8219
2025-06-11,1.149,144.48,1.3556,1.3662,0.8195
2025-06-12,1.1578,143.64,1.3589,1.3615,0.8125
2025-06-13,1.1557,144.04,1.3594,1.3575,0.8116
2025-06-16,1.1581,144.14,1.36,1.3556,0.8115
2025-06-17,1.1535,145.04,1.3516,1.3587,0.8141
2025-06-18,1.1521,144.58,1.3471,1.3683,0.8174
2025-06-20,1.152,145.92,1.3465,1.3739,0.8175
2025-06-23,1.1538,146.47,1.3491,1.3773,0.8133
2025-06-24,1.1608,144.9,1.3616,1.3711,0.8049
2025-06-25,1.162,145.59,1.3626,1.375,0.8057
2025-06-26,1.1717,144.34,1.3754,1.3629,0.799
2025-06-27,1.1724,144.74,1.372,1.3666,0.7989
2025-06-30,1.177,144.17,1.3722,1.362,0.7938
2025-07-01,1.1776,143.58,1.3728,1.3659,0.7929
2025-07-02,1.179,143.76,1.3623,1.362,0.7921
2025-07-03,1.1758,144.96,1.3656,1.3559,0.7951
2025-07-07,1.1733,145.86,1.3638,1.3644,0.7969
2025-07-08,1.1707,146.81,1.3575,1.3671,0.7971
2025-07-09,1.1707,146.53,1.3585,1.3694,0.7957
2025-07-10,1.1688,146.46,1.3569,1.3682,0.7971
2025-07-11,1.1696,147.29,1.3503,1.3678,0.7962
2025-07-14,1.1672,147.69,1.3437,1.3694,0.7977
2025-07-15,1.1619,148.75,1.3396,1.3713,0.8004
2025-07-16,1.1629,148.08,1.3426,1.3706,0.8014
2025-07-17,1.1597,148.55,1.3413,1.3749,0.8043
2025-07-18,1.1645,148.55,1.3439,1.3711,0.8001
2025-07-21,1.1705,147.27,1.3498,1.3689,0.7973
2025-07-22,1.1749,146.36,1.3522,1.3615,0.7926
2025-07-23,1.1748,146.55,1.3566,1.3609,0.7936
2025-07-24,1.1765,146.92,1.3524,1.3643,0.7957
2025-07-25,1.173,147.77,1.3429,1.3714,0.7965
2025-07-28,1.1609,148.45,1.3393,1.3718,0.8025
2025-07-29,1.1534,148.57,1.3339,1.3777,0.8071
2025-07-30,1.147,149.07,1.3274,1.3814,0.8111
2025-07-31,1.1431,150.6,1.322,1.3845,0.8123
2025-08-01,1.1555,148.06,1.3259,1.3778,0.8068
2025-08-04,1.1568,147.09,1.329,1.3775,0.8083
2025-08-05,1.158,147.49,1.3309,1.3779,0.8071
2025-08-06,1.1647,147.25,1.336,1.3739,0.8052
2025-08-07,1.1641,147.35,1.3434,1.3749,0.8074
2025-08-08,1.166,147.7,1.3444,1.3752,0.8073
2025-08-11,1.1607,147.99,1.3414,1.3783,0.8126
2025-08-12,1.1673,147.8,1.3509,1.3762,0.8081
2025-08-13,1.1715,147.25,1.3572,1.3764,0.8043
2025-08-14,1.1644,147.69,1.3532,1.3806,0.8078
2025-08-15,1.1708,147.0,1.3565,1.3808,0.8061
2025-08-18,1.1667,147.76,1.3521,1.3815,0.8068
2025-08-19,1.166,147.72,1.3496,1.3859,0.807
2025-08-20,1.1649,147.19,1.345,1.3874,0.8044
2025-08-21,1.1605,148.35,1.3417,1.39,0.8085
2025-08-22,1.1713,146.82,1.3528,1.3845,0.8016
2025-08-25,1.167,147.61,1.3491,1.3829,0.8034
2025-08-26,1.1657,147.3,1.3485,1.3823,0.8031
2025-08-27,1.1611,147.75,1.3468,1.3825,0.8037
2025-08-28,1.1672,146.98,1.3516,1.375,0.8017
2025-08-29,1.1695,146.9,1.3511,1.3726,0.7996
2025-09-02,1.1653,148.23,1.3392,1.3784,0.8033
2025-09-03,1.1676,147.97,1.3448,1.3787,0.8032
2025-09-04,1.1648,148.63,1.3441,1.3828,0.8059
2025-09-05,1.1759,146.84,1.3543,1.3823,0.7958
2025-09-08,1.1751,147.58,1.355,1.382,0.7935
2025-09-09,1.1723,147.23,1.3533,1.3834,0.7961
2025-09-10,1.1714,147.37,1.3548,1.3843,0.7979
2025-09-11,1.1732,147.17,1.3568,1.383,0.7961
2025-09-12,1.1714,147.85,1.3547,1.3858,0.7975
2025-09-15,1.1772,147.27,1.3609,1.3797,0.7938
2025-09-16,1.1848,146.56,1.3654,1.3745,0.7877
2025-09-17,1.1845,146.36,1.3661,1.3761,0.7871
2025-09-18,1.178,148.02,1.3552,1.3796,0.7927
2025-09-19,1.1753,147.83,1.3484,1.3772,0.7949
2025-09-22,1.1773,147.83,1.3505,1.3814,0.7935
2025-09-23,1.18,147.83,1.3518,1.3834,0.7922
2025-09-24,1.1742,148.71,1.345,1.3894,0.7951
2025-09-25,1.1673,149.78,1.3351,1.3923,0.8006
2025-09-26,1.1692,149.52,1.3404,1.3946,0.7985
2025-09-29,1.173,148.57,1.3433,1.3904,0.797
2025-09-30,1.1735,147.97,1.3443,1.3927,0.7966
2025-10-01,1.1723,147.16,1.3474,1.3953,0.7984
2025-10-02,1.1696,147.35,1.3423,1.3974,0.7994
2025-10-03,1.1747,147.33,1.3481,1.3946,0.7949
2025-10-06,1.1707,150.02,1.3476,1.3945,0.7954
2025-10-07,1.1674,151.17,1.3441,1.3949,0.797
2025-10-08,1.1606,152.72,1.339,1.3953,0.802
2025-10-09,1.1559,153.05,1.3312,1.4009,0.8059
2025-10-10,1.1613,151.94,1.3343,1.3997,0.8015
2025-10-14,1.1608,151.77,1.3321,1.4041,0.801
2025-10-15,1.1638,151.21,1.3396,1.4033,0.7972
2025-10-16,1.1665,150.75,1.3425,1.4045,0.7957
2025-10-17,1.1674,150.33,1.3425,1.4046,0.7919
2025-10-20,1.1656,150.59,1.342,1.4029,0.7918
2025-10-21,1.1616,151.72,1.3391,1.401,0.795
2025-10-22,1.1612,151.79,1.3372,1.3978,0.7958
2025-10-23,1.1612,152.72,1.3323,1.3991,0.7956
2025-10-24,1.1626,152.82,1.3298,1.4013,0.7958
2025-10-27,1.1636,153.09,1.3331,1.3995,0.7965
2025-10-28,1.1659,152.14,1.328,1.3937,0.7927
2025-10-29,1.1664,151.91,1.3243,1.3893,0.7958
2025-10-30,1.1564,154.17,1.3147,1.3982,0.802
2025-10-31,1.1541,154.05,1.3141,1.401,0.8027
2025-11-03,1.1531,154.13,1.315,1.4049,0.8073
2025-11-04,1.1491,153.55,1.3044,1.4081,0.8091
2025-11-05,1.1485,154.11,1.3051,1.4108,0.8107
2025-11-06,1.1539,152.97,1.3107,1.4127,0.8069
2025-11-07,1.1578,153.06,1.3165,1.4075,0.804
2025-11-10,1.1545,153.99,1.3157,1.4029,0.8062
2025-11-12,1.1592,154.64,1.3131,1.4,0.7972
2025-11-13,1.1649,154.4,1.3214,1.401,0.7917
2025-11-14,1.1617,154.64,1.3156,1.4023,0.7933
2025-11-17,1.1598,155.2,1.3179,1.4028,0.7956
2025-11-18,1.1579,155.44,1.3152,1.3996,0.7996
2025-11-19,1.154,156.63,1.3077,1.4049,0.8046
2025-11-20,1.1534,157.41,1.3079,1.4092,0.8054
2025-11-21,1.1506,156.58,1.31,1.4094,0.8087
2025-11-24,1.1518,156.94,1.3096,1.411,0.8084
2025-11-25,1.1553,156.3,1.3174,1.4115,0.8091
2025-11-26,1.1591,156.38,1.3228,1.4051,0.8048
2025-11-28,1.16,156.17,1.3239,1.3974,0.8036
2025-12-01,1.1623,155.28,1.3229,1.3982,0.8035
2025-12-02,1.1596,155.92,1.3186,1.3988,0.8046
2025-12-03,1.166,155.17,1.3334,1.395,0.8004
2025-12-04,1.1659,154.9,1.3355,1.3939,0.8022
2025-12-05,1.1635,155.3,1.3324,1.3858,0.805
2025-12-08,1.1626,155.89,1.3321,1.3846,0.8078
2025-12-09,1.1639,156.85,1.332,1.3832,0.8061
2025-12-10,1.165,156.33,1.334,1.3834,0.8027
2025-12-11,1.1756,155.15,1.3428,1.3769,0.7932
2025-12-12,1.1731,155.81,1.3351,1.3783,0.796
2025-12-15,1.1756,155.29,1.338,1.3765,0.7963
2025-12-16,1.177,154.8,1.3429,1.3749,0.7949
2025-12-17,1.1748,155.6,1.339,1.3791,0.7948
2025-12-18,1.1729,155.53,1.3389,1.3762,0.7942
2025-12-19,1.1721,157.43,1.3379,1.378,0.795
2025-12-22,1.175,156.93,1.3457,1.3744,0.7925
2025-12-23,1.1776,156.33,1.3485,1.3713,0.7897
2025-12-24,1.178,155.83,1.3505,1.3671,0.7887
2025-12-26,1.1766,156.63,1.3492,1.3662,0.79
2025-12-29,1.1756,156.1,1.3497,1.368,0.7899
2025-12-30,1.1765,156.26,1.348,1.3678,0.7907
2025-12-31,1.1736,156.8,1.3447,1.3712,0.7936
2026-01-02,1.1738,156.72,1.3481,1.3738,0.7918
2026-01-05,1.1715,156.32,1.3527,1.3757,0.7924
2026-01-06,1.1689,156.7,1.3497,1.3789,0.7954
2026-01-07,1.169,156.73,1.3474,1.3828,0.7967
2026-01-08,1.1655,156.9,1.343,1.3864,0.7993
2026-01-09,1.1634,158.07,1.3413,1.3893,0.8012
2026-01-12,1.1672,158.15,1.3466,1.3876,0.7972
2026-01-13,1.1646,159.06,1.3436,1.3885,0.8005
2026-01-14,1.1655,158.13,1.3445,1.3871,0.7987
2026-01-15,1.1605,158.5,1.3387,1.3896,0.803
2026-01-16,1.1599,158.02,1.3384,1.392,0.8026
2026-01-20,1.1739,157.89,1.3472,1.3821,0.7891
2026-01-21,1.1705,158.16,1.343,1.3813,0.7929
2026-01-22,1.1738,158.36,1.3489,1.3799,0.7905
2026-01-23,1.1771,157.57,1.359,1.3726,0.7879
2026-01-26,1.1886,153.88,1.3699,1.3692,0.7753
2026-01-27,1.198,153.03,1.3782,1.3598,0.7666
2026-01-28,1.1941,153.6,1.3787,1.3575,0.7694
2026-01-29,1.1943,152.88,1.3795,1.3518,0.7674
2026-01-30,1.1885,154.34,1.3729,1.3557,0.771
2026-02-02,1.1807,155.5,1.3654,1.3677,0.7797
2026-02-03,1.1819,155.7,1.3701,1.3644,0.7749
2026-02-04,1.1803,156.61,1.3659,1.3667,0.7767
2026-02-05,1.1802,156.91,1.3551,1.367,0.7772
2026-02-06,1.1812,157.1,1.3606,1.3644,0.7758
2026-02-09,1.1898,156.08,1.3667,1.357,0.7679
2026-02-10,1.1898,154.28,1.3664,1.3533,0.7668
2026-02-11,1.1884,152.93,1.3654,1.3569,0.77
2026-02-12,1.187,152.64,1.3632,1.3623,0.7693
2026-02-13,1.187,152.77,1.3644,1.3618,0.7685
2026-02-17,1.1831,153.57,1.354,1.3652,0.7718
2026-02-18,1.181,154.45,1.3536,1.3675,0.7723
2026-02-19,1.1762,154.96,1.3446,1.3701,0.7758
2026-02-20,1.1781,154.99,1.35,1.3688,0.7756
2026-02-23,1.1804,154.3,1.3509,1.3685,0.7734
2026-02-24,1.1789,155.66,1.3531,1.3702,0.7734
2026-02-25,1.1804,156.3,1.3552,1.3685,0.7728
2026-02-26,1.1792,156.13,1.3504,1.3683,0.7738
2026-02-27,1.1822,156.05,1.3455,1.3632,0.7686
2026-03-02,1.169,157.48,1.3393,1.3705,0.7797
2026-03-03,1.1604,157.69,1.333,1.3662,0.7828
2026-03-04,1.1638,156.93,1.337,1.3661,0.7798
2026-03-05,1.1585,157.58,1.332,1.3693,0.7819
2026-03-06,1.1606,157.64,1.3398,1.3599,0.7778
2026-03-09,1.1592,158.08,1.3395,1.3573,0.7787
2026-03-10,1.1648,157.6,1.346,1.3562,0.7753
2026-03-11,1.1566,158.83,1.3399,1.3603,0.7806
2026-03-12,1.1522,159.21,1.335,1.3618,0.7844
2026-03-13,1.1444,159.54,1.324,1.3736,0.7898
2026-03-16,1.1487,159.3,1.3302,1.3683,0.7887
2026-03-17,1.1525,159.03,1.3345,1.3706,0.7857
2026-03-18,1.1513,159.48,1.3323,1.3697,0.7892
2026-03-19,1.1515,158.19,1.3361,1.3721,0.7924
2026-03-20,1.1543,159.26,1.3303,1.3731,0.789
2026-03-23,1.1587,158.7,1.3385,1.3718,0.7878
2026-03-24,1.1578,158.9,1.3383,1.3764,0.7914
2026-03-25,1.157,159.2,1.3373,1.3799,0.7918
2026-03-26,1.1542,159.65,1.3353,1.3849,0.7935
2026-03-27,1.152,160.16,1.3293,1.388,0.797
2026-03-30,1.1454,159.49,1.3191,1.3921,0.8001
2026-03-31,1.1518,159.08,1.3184,1.3953,0.8027
2026-04-01,1.1614,158.63,1.3331,1.3875,0.7933
2026-04-02,1.1546,159.34,1.3241,1.3917,0.7985
2026-04-03,1.1523,159.64,1.3202,1.3942,0.7999
2026-04-06,1.1545,159.71,1.3235,1.3913,0.7979
2026-04-07,1.1571,159.9,1.324,1.3905,0.7997
2026-04-08,1.1686,158.39,1.3439,1.3851,0.7899
2026-04-09,1.1706,158.87,1.3443,1.3807,0.7889
2026-04-10,1.1723,159.22,1.346,1.3828,0.7893
2026-04-13,1.171,159.74,1.3459,1.3811,0.7876
2026-04-14,1.1791,158.91,1.3563,1.3757,0.781
2026-04-15,1.1799,159.02,1.3569,1.374,0.7815
2026-04-16,1.1783,159.07,1.354,1.3706,0.7833
2026-04-17,1.1801,158.1,1.3556,1.3667,0.7795
2026-04-20,1.1785,158.66,1.3542,1.3649,0.7782
2026-04-21,1.1752,159.39,1.3512,1.3642,0.78
2026-04-22,1.1714,159.49,1.3505,1.3659,0.7835
2026-04-23,1.1704,159.44,1.3495,1.3682,0.7843
2026-04-24,1.1718,159.35,1.3518,1.3675,0.7848
2026-04-27,1.1731,159.29,1.3553,1.3616,0.7845
2026-04-28,1.1715,159.53,1.3513,1.3671,0.7888
2026-04-29,1.1695,160.23,1.3493,1.3671,0.7902
2026-04-30,1.1729,156.66,1.358,1.3611,0.7824
2026-05-01,1.1755,156.76,1.3621,1.3575,0.7796
2026-05-04,1.1698,157.21,1.3535,1.3608,0.7835
2026-05-05,1.1707,157.68,1.3576,1.3609,0.7822
2026-05-06,1.1753,156.44,1.3597,1.3621,0.7793
2026-05-07,1.1764,156.48,1.3612,1.3636,0.7777
2026-05-08,1.1773,156.64,1.3625,1.3679,0.7773
2026-05-11,1.178,157.04,1.3651,1.3664,0.7773
2026-05-12,1.1733,157.71,1.3528,1.3712,0.7817
2026-05-13,1.1711,157.84,1.352,1.3701,0.7825
2026-05-14,1.1678,158.08,1.348,1.3724,0.783
2026-05-15,1.1627,158.69,1.3332,1.375,0.7868
2026-05-18,1.1649,158.83,1.342,1.3742,0.7856
2026-05-19,1.1602,159.11,1.3401,1.3754,0.7897
2026-05-20,1.162,158.84,1.3441,1.3747,0.7876
2026-05-21,1.1589,159.16,1.3407,1.3788,0.7893
2026-05-22,1.1603,159.2,1.3439,1.3817,0.7857
2026-05-26,1.162,159.36,1.3437,1.3803,0.786
2026-05-27,1.1631,159.47,1.3431,1.3829,0.7871
2026-05-28,1.1649,159.29,1.3438,1.3798,0.7845
2026-05-29,1.1679,159.23,1.3476,1.3784,0.7811
2026-06-01,1.1624,159.66,1.3451,1.3837,0.7868
2026-06-02,1.1642,159.86,1.3481,1.3822,0.7858
2026-06-03,1.1605,159.97,1.3435,1.3891,0.7908
2026-06-04,1.1629,159.97,1.3441,1.3889,0.7885
2026-06-05,1.1533,160.26,1.336,1.3931,0.7955
2026-06-08,1.1545,160.12,1.3347,1.3949,0.7972
2026-06-09,1.1556,160.23,1.3389,1.3957,0.7971
2026-06-10,1.155,160.47,1.3392,1.3927,0.7984
2026-06-11,1.1515,160.51,1.3337,1.4004,0.8007
2026-06-12,1.1573,160.24,1.3414,1.3971,0.7964
2026-06-15,1.1599,160.2,1.3426,1.3984,0.7937
2026-06-16,1.1615,160.39,1.3438,1.3982,0.7928
2026-06-17,1.1593,160.22,1.34,1.403,0.793
2026-06-18,1.147,161.37,1.3228,1.4142,0.804
2026-06-22,1.1432,161.51,1.3249,1.4167,0.8091
2026-06-23,1.1383,161.55,1.3192,1.4198,0.8097
2026-06-24,1.1348,161.76,1.316,1.4237,0.8126
2026-06-25,1.1385,161.67,1.3216,1.4191,0.8093
2026-06-26,1.1403,161.67,1.3223,1.4182,0.8082
2026-06-29,1.1425,161.93,1.3255,1.421,0.8081
2026-06-30,1.1417,162.61,1.3259,1.4205,0.8082
2026-07-01,1.1384,162.41,1.328,1.4205,0.8086
2026-07-02,1.1448,160.9,1.3364,1.4182,0.8022
2026-07-06,1.1426,162.28,1.3369,1.4214,0.8063
2026-07-07,1.1423,161.91,1.3372,1.4194,0.8069
2026-07-08,1.1396,162.67,1.3362,1.419,0.8105
2026-07-09,1.1439,162.29,1.3409,1.4163,0.8063
2026-07-10,1.1438,161.31,1.3421,1.4132,0.8063
2026-07-13,1.1402,162.32,1.3382,1.4138,0.8123
2026-07-14,1.1428,162.14,1.3383,1.4067,0.8091
2026-07-15,1.1436,162.13,1.3497,1.4047,0.8067
2026-07-16,1.1447,162.42,1.3485,1.4033,0.8079
2026-07-17,1.144,162.43,1.3446,1.4014,0.8069
2026-07-20,1.1411,162.59,1.342,1.4059,0.8104
2026-07-21,1.1408,163.01,1.3374,1.4097,0.8122
2026-07-22,1.1414,163.08,1.3378,1.4084,0.8134
2026-07-23,1.1373,163.8,1.3313,1.4087,0.8172
2026-07-24,1.1385,163.71,1.3344,1.4078,0.8168
2026-07-27,1.1376,163.71,1.3304,1.411,0.8187
2026-07-28,1.1401,163.65,1.3311,1.4091,0.817
2026-07-29,1.1384,163.86,1.3288,1.4086,0.8199
2026-07-30,1.1522,159.47,1.3463,1.4003,0.8056
2026-07-31,1.1519,159.16,1.347,1.4028,0.8081
2026-08-03,1.1376,163.71,1.3304,1.411,0.8187
2026-08-04,1.1527,157.44,1.3456,1.4071,0.8092
2026-08-05,1.1547,157.63,1.3462,1.4018,0.8075
2026-08-06,1.1521,158.45,1.3456,1.4029,0.8129
2026-08-07,1.1559,157.54,1.3498,1.3933,0.8078
